Workbook

Sheet 진행현황
B2: 시장조사 진행현황
B3: 각 잡 시트의 입력값이 자동 반영됩니다. ‘이동’을 누르면 해당 시트로 이동합니다.
K5: 수집 상태
K6: 미착수 | L6: =COUNTIF($H$11:$H$110,K6) -> 36
K7: 수집중 | L7: =COUNTIF($H$11:$H$110,K7) -> 9
K8: 완료 | L8: =COUNTIF($H$11:$H$110,K8) -> 55
B10: Job No. | C10: N잡 이름 | D10: 유형 | E10: 사전정보 | G10: 날짜 | H10: 수집 상태 | I10: 종합 판정 | J10: 실제 종사자 | K10: 인터뷰 가능성 | L10: 이동
B11: 001 | C11: 디지털 마케터 | D11: 1. 디지털·AI 실무형 | E11: AX컨설팅 참여자에게 문의 | F11: 박나경 | H11: =IF('001_디지털 마케터'!C8="","",'001_디지털 마케터'!C8) -> 완료 | I11: =IF('001_디지털 마케터'!C25="","",'001_디지털 마케터'!C25) -> 적합 | J11: =IF('001_디지털 마케터'!C27="","",'001_디지털 마케터'!C27) -> 이재연 세이어바웃 대표, 강남구디지털신중년센터 강사 | K11: =IF('001_디지털 마케터'!C30="","",'001_디지털 마케터'!C30) -> 상 | L11: 이동
B12: 002 | C12: 블로그·SNS 운영대행자 | D12: 1. 디지털·AI 실무형 | F12: 박나경 | G12: 9.9 | H12: =IF('002_블로그·SNS 운영대행자'!C8="","",'002_블로그·SNS 운영대행자'!C8) -> 완료 | I12: =IF('002_블로그·SNS 운영대행자'!C25="","",'002_블로그·SNS 운영대행자'!C25) -> 적합 | J12: =IF('002_블로그·SNS 운영대행자'!C27="","",'002_블로그·SNS 운영대행자'!C27) -> 한결마케팅 / 7년간 기업 마케팅 팀장 근무 / 본인 학원, 독서실 운영 경험 | K12: =IF('002_블로그·SNS 운영대행자'!C30="","",'002_블로그·SNS 운영대행자'!C30) -> 하 | L12: 이동
B13: 003 | C13: 온라인 사무지원 프리랜서 | D13: 1. 디지털·AI 실무형 | E13: 이지태스크에서 연결 | F13: 박나경 | H13: =IF('003_온라인 사무지원 프리랜서'!C8="","",'003_온라인 사무지원 프리랜서'!C8) -> 미착수 | I13: =IF('003_온라인 사무지원 프리랜서'!C25="","",'003_온라인 사무지원 프리랜서'!C25) | J13: =IF('003_온라인 사무지원 프리랜서'!C27="","",'003_온라인 사무지원 프리랜서'!C27) -> 한성아이디 인테리어업체 내 수리홈즈(A/S 전담부서) 중년 여직원 | K13: =IF('003_온라인 사무지원 프리랜서'!C30="","",'003_온라인 사무지원 프리랜서'!C30) -> 중 | L13: 이동 | N13: 한연석 | O13: 010-5386-8006
B14: 004 | C14: 숏폼 영상 편집자 | D14: 1. 디지털·AI 실무형 | F14: 박나경 | H14: =IF('004_숏폼 영상 편집자'!C8="","",'004_숏폼 영상 편집자'!C8) -> 수집중 | I14: =IF('004_숏폼 영상 편집자'!C25="","",'004_숏폼 영상 편집자'!C25) -> 적합 | J14: =IF('004_숏폼 영상 편집자'!C27="","",'004_숏폼 영상 편집자'!C27) | K14: =IF('004_숏폼 영상 편집자'!C30="","",'004_숏폼 영상 편집자'!C30) | L14: 이동
B15: 005 | C15: 데이터 라벨러 | D15: 1. 디지털·AI 실무형 | E15: 데이터라벨러 강사 | F15: 박나경 | G15: 8.28 | H15: =IF('005_데이터 라벨러'!C8="","",'005_데이터 라벨러'!C8) -> 완료 | I15: =IF('005_데이터 라벨러'!C25="","",'005_데이터 라벨러'!C25) -> 적합 | J15: =IF('005_데이터 라벨러'!C27="","",'005_데이터 라벨러'!C27) -> 서유진 / aiworks / 5년 | K15: =IF('005_데이터 라벨러'!C30="","",'005_데이터 라벨러'!C30) -> 상 | L15: 이동
B16: 006 | C16: 앱 사용성 평가원 | D16: 1. 디지털·AI 실무형 | F16: 박나경 | H16: =IF('006_앱 사용성 평가원'!C8="","",'006_앱 사용성 평가원'!C8) -> 미착수 | I16: =IF('006_앱 사용성 평가원'!C25="","",'006_앱 사용성 평가원'!C25) | J16: =IF('006_앱 사용성 평가원'!C27="","",'006_앱 사용성 평가원'!C27) | K16: =IF('006_앱 사용성 평가원'!C30="","",'006_앱 사용성 평가원'!C30) | L16: 이동
B17: 007 | C17: 상세페이지 디자이너 | D17: 1. 디지털·AI 실무형 | F17: 박나경 | H17: =IF('007_상세페이지 디자이너'!C8="","",'007_상세페이지 디자이너'!C8) -> 완료 | I17: =IF('007_상세페이지 디자이너'!C25="","",'007_상세페이지 디자이너'!C25) -> 적합 | J17: =IF('007_상세페이지 디자이너'!C27="","",'007_상세페이지 디자이너'!C27) -> 디자인몽땅 크몽 상위 2% 전문가, 웹에이전시 디자인팀 7년, 프리덴 소파 디자인팀 1.2년, 프리랜서 10년 | K17: =IF('007_상세페이지 디자이너'!C30="","",'007_상세페이지 디자이너'!C30) | L17: 이동
B18: 008 | C18: 유해콘텐츠 모니터링 요원 | D18: 1. 디지털·AI 실무형 | F18: 박나경 | H18: =IF('008_유해콘텐츠 모니터링 요원'!C8="","",'008_유해콘텐츠 모니터링 요원'!C8) -> 미착수 | I18: =IF('008_유해콘텐츠 모니터링 요원'!C25="","",'008_유해콘텐츠 모니터링 요원'!C25) | J18: =IF('008_유해콘텐츠 모니터링 요원'!C27="","",'008_유해콘텐츠 모니터링 요원'!C27) | K18: =IF('008_유해콘텐츠 모니터링 요원'!C30="","",'008_유해콘텐츠 모니터링 요원'!C30) | L18: 이동 | R18: 스타트업엑셀러레이터
B19: 009 | C19: 경영 컨설턴트 | D19: 2. 경영·창업 자문형 | E19: 신철호 추천 -> 정재웅 지인 | F19: 정재웅 | G19: 8.28 | H19: =IF('009_경영 컨설턴트'!C8="","",'009_경영 컨설턴트'!C8) -> 완료 | I19: =IF('009_경영 컨설턴트'!C25="","",'009_경영 컨설턴트'!C25) -> 적합 | J19: =IF('009_경영 컨설턴트'!C27="","",'009_경영 컨설턴트'!C27) -> - 장동철 / 컨설턴트 & 작가 / 현대차, 모비스 인사부문 경력 29년(부사장 은퇴), 현재 경영컨설턴트 (경력 4년) 및 도서 작가 (저서 2권) | K19: =IF('009_경영 컨설턴트'!C30="","",'009_경영 컨설턴트'!C30) -> 중 | L19: 이동 | R19: 평판조회전문가
B20: 010 | C20: 소상공인 컨설턴트 | D20: 2. 경영·창업 자문형 | E20: 신철호 추천 | F20: 정재웅 | G20: 9.11 | H20: =IF('010_소상공인 컨설턴트'!C8="","",'010_소상공인 컨설턴트'!C8) -> 완료 | I20: =IF('010_소상공인 컨설턴트'!C25="","",'010_소상공인 컨설턴트'!C25) -> 적합 | J20: =IF('010_소상공인 컨설턴트'!C27="","",'010_소상공인 컨설턴트'!C27) -> - 윤정혜 대표 / (주)이노밸류 / 소상공인 컨설터트 20년 이상. 경영지도사, 컨설팅학 박사 | K20: =IF('010_소상공인 컨설턴트'!C30="","",'010_소상공인 컨설턴트'!C30) -> 상 | L20: 이동 | R20: ISO품질심사원
B21: 011 | C21: 창업 멘토·컨설턴트 | D21: 2. 경영·창업 자문형 | E21: 상상우리 컨설턴트 추천 -> 김현주 대표 | F21: 정재웅 | G21: 8.28 | H21: =IF('011_창업 멘토·컨설턴트'!C8="","",'011_창업 멘토·컨설턴트'!C8) -> 완료 | I21: =IF('011_창업 멘토·컨설턴트'!C25="","",'011_창업 멘토·컨설턴트'!C25) -> 적합 | J21: =IF('011_창업 멘토·컨설턴트'!C27="","",'011_창업 멘토·컨설턴트'!C27) -> - 김현주 대표 / 공감나무디자인연구소 / 창업컨설턴트 및 커리어 코칭 강사 8년차 | K21: =IF('011_창업 멘토·컨설턴트'!C30="","",'011_창업 멘토·컨설턴트'!C30) -> 상 | L21: 이동 | R21: 생활목공전문가
B22: 012 | C22: 스타트업 액셀러레이터 | D22: 2. 경영·창업 자문형 | E22: MYSC | F22: 정재웅 | G22: 10.14~16 | H22: =IF('012_스타트업 액셀러레이터'!C8="","",'012_스타트업 액셀러레이터'!C8) -> 완료 | I22: =IF('012_스타트업 액셀러레이터'!C25="","",'012_스타트업 액셀러레이터'!C25) -> 적합 | J22: =IF('012_스타트업 액셀러레이터'!C27="","",'012_스타트업 액셀러레이터'!C27) -> - 이한선 전문위원 / MYSC 2.5년 바이오, 헬스캐어 / 제약회사 영업/마케팅 15년, 청년창업사관학교 8년, 서울50+ 입주사 20개사 및 경기도 사회적기업 10개사 담당, 경영지도사 자격증 보유. 60대 초반. - 임성준 파트너 / MYSC 파트너 & 파스타벤처스 대표 / 네이버,카카오 등 12년 이상 근무. 스테이즈 스타트업 창업/운영 10년. MYSC 이사 3년 근무, MYSC 파트너(26.3~ ). 한성대 특임교수, 작가 (AI x 스타트업 등 저서 6권, 브런치 작가). 공인중개사 자격증 보유. | K22: =IF('012_스타트업 액셀러레이터'!C30="","",'012_스타트업 액셀러레이터'!C30) -> 상 | L22: 이동 | N22: 이한선 위원 | O22: 010-6211-2036 | Q22: MYSC근무 | R22: 아파트사전점검
B23: 013 | C23: AI소상공인 컨설턴트 | D23: 2. 경영·창업 자문형 | E23: 상상우리 컨설턴트 -> 이종문 컨설턴트 | F23: 정재웅 | G23: 8.31 | H23: =IF('013_AI소상공인 컨설턴트'!C8="","",'013_AI소상공인 컨설턴트'!C8) -> 완료 | I23: =IF('013_AI소상공인 컨설턴트'!C25="","",'013_AI소상공인 컨설턴트'!C25) -> 적합 | J23: =IF('013_AI소상공인 컨설턴트'!C27="","",'013_AI소상공인 컨설턴트'!C27) -> - 이종문 컨설턴트 / 프리랜서 / 디지털 마케팅 컨설팅 20년, 現 은평구 소속 AI소상공인 컨설팅 2년차 | K23: =IF('013_AI소상공인 컨설턴트'!C30="","",'013_AI소상공인 컨설턴트'!C30) -> 상 | L23: 이동 | R23: 트래블헬퍼
B24: 014 | C24: AI중소기업 컨설턴트 | D24: 2. 경영·창업 자문형 | E24: 상상우리 컨설턴트 -> | F24: 정재웅 | G24: 8.26 | H24: =IF('014_AI중소기업 컨설턴트'!C8="","",'014_AI중소기업 컨설턴트'!C8) -> 완료 | I24: =IF('014_AI중소기업 컨설턴트'!C25="","",'014_AI중소기업 컨설턴트'!C25) -> 적합 | J24: =IF('014_AI중소기업 컨설턴트'!C27="","",'014_AI중소기업 컨설턴트'!C27) -> - 이재우 컨설턴트 / 상상우리 / 전 IT분야 30년 컨설팅 경력, 현 AI중소기업(사회적기업) 컨설턴트 1년차 | K24: =IF('014_AI중소기업 컨설턴트'!C30="","",'014_AI중소기업 컨설턴트'!C30) -> 상 | L24: 이동 | R24: 통학차량동행보호자
B25: 015 | C25: 면접심사위원 | D25: 2. 경영·창업 자문형 | E25: 황성철 추천->앙코르커리어 이소영대표 -> 심영재 | F25: 정재웅 | G25: 9.18 | H25: =IF('015_면접심사위원'!C8="","",'015_면접심사위원'!C8) -> 완료 | I25: =IF('015_면접심사위원'!C25="","",'015_면접심사위원'!C25) -> 적합 | J25: =IF('015_면접심사위원'!C27="","",'015_면접심사위원'!C27) -> - 심영재 면접심사위원(4년) / 한국소비자협회 상무(10년) / 창업멘토(4년), 면접심사위원 강사(2년) / 전 미래에셋증권 지점장(15년) 경력. | K25: =IF('015_면접심사위원'!C30="","",'015_면접심사위원'!C30) -> 상 | L25: 이동
B26: 016 | C26: 평판조회 전문가 | D26: 2. 경영·창업 자문형 | E26: 시니어엔파트너스 | F26: 정재웅 | G26: 10.14~ | H26: =IF('016_평판조회 전문가'!C8="","",'016_평판조회 전문가'!C8) -> 수집중 | I26: =IF('016_평판조회 전문가'!C25="","",'016_평판조회 전문가'!C25) -> 적합 | J26: =IF('016_평판조회 전문가'!C27="","",'016_평판조회 전문가'!C27) -> - 이은정 대표 / 시니어엔파트너스 / 유엔파트너스에서 7년전 분사, --> 평판조회 전문가 추천 예정 | K26: =IF('016_평판조회 전문가'!C30="","",'016_평판조회 전문가'!C30) | L26: 이동 | N26: 이은정 대표-> 추천 예정
B27: 017 | C27: ISO·품질 심사원 | D27: 2. 경영·창업 자문형 | E27: 신철호 추천 | F27: 정재웅 | G27: 10.16 | H27: =IF('017_ISO·품질 심사원'!C8="","",'017_ISO·품질 심사원'!C8) -> 완료 | I27: =IF('017_ISO·품질 심사원'!C25="","",'017_ISO·품질 심사원'!C25) -> 적합 | J27: =IF('017_ISO·품질 심사원'!C27="","",'017_ISO·품질 심사원'!C27) -> - 진성한 대표 / 한국산업기술경영연구원(KIITM) / 한국산업인력공단 산업현장 교수,건국대학교 신산업융합학과 겸임 교수, 다수 기관들의 평가위원/컨설턴트, 작가(공저 저서 2권), 공학박사 및 공장관리기술사, 경영지도사 보유. 전자/통신사 근무 경력 10년 이상. | K27: =IF('017_ISO·품질 심사원'!C30="","",'017_ISO·품질 심사원'!C30) -> 상 | L27: 이동 | N27: 최유나 대표 | O27: 010-5123-4254 | Q27: (주)콘타
B28: 018 | C28: 직업상담사 | D28: 3. 커리어·심리 상담형 | E28: 상상우리 | F28: 박나경 | G28: 8.31 | H28: =IF('018_직업상담사'!C8="","",'018_직업상담사'!C8) -> 완료 | I28: =IF('018_직업상담사'!C25="","",'018_직업상담사'!C25) -> 적합 | J28: =IF('018_직업상담사'!C27="","",'018_직업상담사'!C27) -> 직업상담사 '우연님' / 새일센터 직업상담사 및 가족센터 객원전문상담사(임상심리사, 청소년상담사)로 활동중, 사회복지사 자격 취득 | K28: =IF('018_직업상담사'!C30="","",'018_직업상담사'!C30) -> 중 | L28: 이동
B29: 019 | C29: 중장년 전직지원 컨설턴트 | D29: 3. 커리어·심리 상담형 | E29: 정재웅 추천(국민연금공단 소속) | F29: 박나경 | G29: 9.2 | H29: =IF('019_전직지원 컨설턴트'!C8="","",'019_전직지원 컨설턴트'!C8) -> 완료 | I29: =IF('019_전직지원 컨설턴트'!C25="","",'019_전직지원 컨설턴트'!C25) -> 적합 | J29: =IF('019_전직지원 컨설턴트'!C27="","",'019_전직지원 컨설턴트'!C27) -> 유명열 노후준비 민간 전문강사 / 국민연금공단 중앙노후준비지원센터 | K29: =IF('019_전직지원 컨설턴트'!C30="","",'019_전직지원 컨설턴트'!C30) -> 상 | L29: 이동 | N29: 중장년 추가
B30: 020 | C30: 청년 커리어 코치 | D30: 3. 커리어·심리 상담형 | E30: 박나경 추천 | F30: 박나경 | G30: 9.21 | H30: =IF('020_커리어 코치'!C8="","",'020_커리어 코치'!C8) -> 완료 | I30: =IF('020_커리어 코치'!C25="","",'020_커리어 코치'!C25) -> 적합 | J30: =IF('020_커리어 코치'!C27="","",'020_커리어 코치'!C27) -> 권리안 서울대 소속 컨설턴트 / 시립대 3년, 한국외대 4년 등 총15여년 경력 | K30: =IF('020_커리어 코치'!C30="","",'020_커리어 코치'!C30) -> 중 | L30: 이동 | N30: 청년 추가
B31: 021 | C31: 심리상담사 | D31: 3. 커리어·심리 상담형 | E31: 상담심리사(직업) | F31: 박나경 | G31: 10.2 | H31: =IF('021_심리상담사'!C8="","",'021_심리상담사'!C8) -> 완료 | I31: =IF('021_심리상담사'!C25="","",'021_심리상담사'!C25) -> 부적합 | J31: =IF('021_심리상담사'!C27="","",'021_심리상담사'!C27) | K31: =IF('021_심리상담사'!C30="","",'021_심리상담사'!C30) | L31: 이동
B32: 022 | C32: 타로상담가 | D32: 3. 커리어·심리 상담형 | E32: 신철호 추천 | F32: 박나경 | G32: 10.7 | H32: =IF('022_타로상담가'!C8="","",'022_타로상담가'!C8) -> 완료 | I32: =IF('022_타로상담가'!C25="","",'022_타로상담가'!C25) -> 조건부 | J32: =IF('022_타로상담가'!C27="","",'022_타로상담가'!C27) -> 신봉주 프리랜서, 경력 10년 | K32: =IF('022_타로상담가'!C30="","",'022_타로상담가'!C30) -> 상 | L32: 이동
B33: 023 | C33: 사주명리 상담가 | D33: 3. 커리어·심리 상담형 | F33: 박나경 | G33: 10.7 | H33: =IF('023_사주명리 상담가'!C8="","",'023_사주명리 상담가'!C8) -> 완료 | I33: =IF('023_사주명리 상담가'!C25="","",'023_사주명리 상담가'!C25) -> 조건부 | J33: =IF('023_사주명리 상담가'!C27="","",'023_사주명리 상담가'!C27) -> 재미난 조각가 | K33: =IF('023_사주명리 상담가'!C30="","",'023_사주명리 상담가'!C30) | L33: 이동
B34: 024 | C34: 퍼스널컬러 전문가 | D34: 3. 커리어·심리 상담형 | E34: 박나경 추천 | F34: 박나경 | G34: 8.31 | H34: =IF('024_퍼스널컬러 전문가'!C8="","",'024_퍼스널컬러 전문가'!C8) -> 완료 | I34: =IF('024_퍼스널컬러 전문가'!C25="","",'024_퍼스널컬러 전문가'!C25) -> 적합 | J34: =IF('024_퍼스널컬러 전문가'!C27="","",'024_퍼스널컬러 전문가'!C27) -> 박현정 퍼스널컬러 컨설턴트/ 박디의 컬러랩 대표(패션디자이너 출신) | K34: =IF('024_퍼스널컬러 전문가'!C30="","",'024_퍼스널컬러 전문가'!C30) -> 상 | L34: 이동
B35: 025 | C35: 기업교육 강사 | D35: 4. 교육·강의형 | E35: 정재웅 추천 | F35: 정재웅 | G35: 9.7 | H35: =IF('025_기업교육 강사'!C8="","",'025_기업교육 강사'!C8) -> 완료 | I35: =IF('025_기업교육 강사'!C25="","",'025_기업교육 강사'!C25) -> 적합 | J35: =IF('025_기업교육 강사'!C27="","",'025_기업교육 강사'!C27) -> - 노희성 강사 / 프리랜서 / 전 은행 지역본부장 및 대학 교수 경력 40년, 현 기업 강사/컨설턴트 (세무회계법인 고문), 대학 평가교수, 작가, 숲해설가 3년 - 백영재 대표 / 딥스탠딩파트너스 / 맥킨지컨설팅, CJ그룹, 블리자드코리아, 구글, 필립모리스, 네플릭스 등 25년 경력. 현 기업교육 강사, 연세대 겸임교수, 한투증권 사외이사 | K35: =IF('025_기업교육 강사'!C30="","",'025_기업교육 강사'!C30) -> 상 | L35: 이동
B36: 026 | C36: 디지털·AI 활용 강사 | D36: 4. 교육·강의형 | E36: 권신 강사 | F36: 정재웅 | G36: 9.4 | H36: =IF('026_디지털·AI 활용 강사'!C8="","",'026_디지털·AI 활용 강사'!C8) -> 완료 | I36: =IF('026_디지털·AI 활용 강사'!C25="","",'026_디지털·AI 활용 강사'!C25) -> 적합 | J36: =IF('026_디지털·AI 활용 강사'!C27="","",'026_디지털·AI 활용 강사'!C27) -> - 권신 강사 / 프리랜서 / 상상우리 파트너 강사, 서울시50+재단 강의 7년, 은평구 평생학습관 진로지도사 7년. "오늘도 괜찮아" 등 저서 8권(전자책 3권) | K36: =IF('026_디지털·AI 활용 강사'!C30="","",'026_디지털·AI 활용 강사'!C30) -> 상 | L36: 이동
B37: 027 | C37: 스마트경로당 강사 | D37: 4. 교육·강의형 | E37: 신철호 추천 | F37: 정재웅 | G37: 10.21 | H37: =IF('027_스마트경로당 강사'!C8="","",'027_스마트경로당 강사'!C8) -> 완료 | I37: =IF('027_스마트경로당 강사'!C25="","",'027_스마트경로당 강사'!C25) -> 적합 | J37: =IF('027_스마트경로당 강사'!C27="","",'027_스마트경로당 강사'!C27) -> - 최윤리 강사 / 나누자연협회, 상상우리 / 교육회사(진로, 주도학습, 독서) 강사양성 20년, 시니어/중장년 디지털AI활용(상상우리,2회/4주) 강사 3년. 저서 출판("글쓰기로 오십을 바꾸다" 등 단독 2권, 공저 1권), 시니어디지털지도사 자격증 보유. | K37: =IF('027_스마트경로당 강사'!C30="","",'027_스마트경로당 강사'!C30) -> 상 | L37: 이동 | N37: 최윤리 강사 | O37: 010-9070-0811 | Q37: 스마트경로당 강사도 했으나 근래 디지털/AI 강사에 치중.
B38: 028 | C38: 시니어 대상 강사 | D38: 4. 교육·강의형 | E38: 정재웅 추천 | F38: 정재웅 | G38: 9.21 | H38: =IF('028_시니어 대상 강사'!C8="","",'028_시니어 대상 강사'!C8) -> 완료 | I38: =IF('028_시니어 대상 강사'!C25="","",'028_시니어 대상 강사'!C25) -> 적합 | J38: =IF('028_시니어 대상 강사'!C27="","",'028_시니어 대상 강사'!C27) -> - 이갑숙 교수/박사(노인복지학) / 총신대학교 평생교육원 / 시니어 인지캐어 교수 및 강사 20년 이상, "실버레(뇌)크리에이션"외 2권의 저서 저술. | K38: =IF('028_시니어 대상 강사'!C30="","",'028_시니어 대상 강사'!C30) -> 상 | L38: 이동
B39: 029 | C39: 아동 대상 강사 | D39: 4. 교육·강의형 | E39: 황성철 추천->앙코르커리어 이소영대표 ->(자립청년 금융멘토)복혜정 | F39: 정재웅 | G39: 9.23 | H39: =IF('029_아동 대상 강사'!C8="","",'029_아동 대상 강사'!C8) -> 완료 | I39: =IF('029_아동 대상 강사'!C25="","",'029_아동 대상 강사'!C25) -> 적합 | J39: =IF('029_아동 대상 강사'!C27="","",'029_아동 대상 강사'!C27) -> - 복혜정 강사 / 복드림코칭센터 대표/ 전 외국계 은행 임원 출신, 현 LCMC 부대표, 미국 Gallup 강점인증코치, 재무설계 코치 등 | K39: =IF('029_아동 대상 강사'!C30="","",'029_아동 대상 강사'!C30) -> 상 | L39: 이동 | N39: 이상은 강사 010-3218-8640
B40: 030 | C40: 한국어 교원(외국인 대상) | D40: 4. 교육·강의형 | E40: 온라인, 오프라인 별도 | F40: 정재웅 | G40: 9.28 | H40: =IF('030_한국어 교원(외국인 대상)'!C8="","",'030_한국어 교원(외국인 대상)'!C8) -> 완료 | I40: =IF('030_한국어 교원(외국인 대상)'!C25="","",'030_한국어 교원(외국인 대상)'!C25) -> 적합 | J40: =IF('030_한국어 교원(외국인 대상)'!C27="","",'030_한국어 교원(외국인 대상)'!C27) -> - 김선숙 선생 / 키움터(오후), 경기도이음학교(오전) / 사회복지사, 요양보호사 자격증 보유. 한국어교원 경력 4년 (한국어교원 2급 보유). 항공사 근무 20년.(50대 중반) | K40: =IF('030_한국어 교원(외국인 대상)'!C30="","",'030_한국어 교원(외국인 대상)'!C30) -> 중 | L40: 이동
B41: 031 | C41: 디지털 안내사 | D41: 4. 교육·강의형 | E41: 상상우리 직원(디동플) | F41: 정재웅 | G41: 10.2 | H41: =IF('031_디지털 안내사'!C8="","",'031_디지털 안내사'!C8) -> 완료 | I41: =IF('031_디지털 안내사'!C25="","",'031_디지털 안내사'!C25) -> 적합 | J41: =IF('031_디지털 안내사'!C27="","",'031_디지털 안내사'!C27) -> - 신민화 강사 / 프리랜서 / 영양사로 근무하다가 컴퓨터 강사로 전환. 컴퓨터 강사 10년, 디지털안내사 10년. 현재 50대. | K41: =IF('031_디지털 안내사'!C30="","",'031_디지털 안내사'!C30) -> 중 | L41: 이동 | N41: 최윤리 강사 | O41: 010-9070-0811
B42: 032 | C42: 진로(코칭) 지도사 | D42: 4. 교육·강의형 | E42: 정재웅 지인 추천 | F42: 정재웅 | G42: 9.4 | H42: =IF('032_진로체험 강사'!C8="","",'032_진로체험 강사'!C8) -> 완료 | I42: =IF('032_진로체험 강사'!C25="","",'032_진로체험 강사'!C25) -> 적합 | J42: =IF('032_진로체험 강사'!C27="","",'032_진로체험 강사'!C27) -> - 유재천 대표 / 의미공학연구소 / 포스코 연구원 6년, MBA후 진로지도사 13년 경력, 연세대 미래갬퍼스 겸임교수 | K42: =IF('032_진로체험 강사'!C30="","",'032_진로체험 강사'!C30) -> 상 | L42: 이동
B43: 033 | C43: 시니어 방문학습 지도사 | D43: 4. 교육·강의형 | E43: 인지케어 | F43: 정재웅 | G43: 10.19~21 | H43: =IF('033_시니어 방문학습 지도사'!C8="","",'033_시니어 방문학습 지도사'!C8) -> 완료 | I43: =IF('033_시니어 방문학습 지도사'!C25="","",'033_시니어 방문학습 지도사'!C25) -> 적합 | J43: =IF('033_시니어 방문학습 지도사'!C27="","",'033_시니어 방문학습 지도사'!C27) -> - 유회란 대표 / 나누자연협회 / 은행원, 무역회사, 유치원교사, 직업상담사/취업지원관 등 경력 20년. 사회복지사, 청년지도사, 노인스포츠지도사, 시니어레크리에이션 강사 자격증 보유. 외향형들의 사회생활(전자책) 출판 (작가) | K43: =IF('033_시니어 방문학습 지도사'!C30="","",'033_시니어 방문학습 지도사'!C30) -> 상 | L43: 이동 | N43: 유회란 대표 | O43: 010-3482-3484
B44: 034 | C44: 원예 체험강사 | D44: 5. 취미·문화·건강 지도형 | F44: 정재웅 | H44: =IF('034_원예 체험강사'!C8="","",'034_원예 체험강사'!C8) -> 수집중 | I44: =IF('034_원예 체험강사'!C25="","",'034_원예 체험강사'!C25) | J44: =IF('034_원예 체험강사'!C27="","",'034_원예 체험강사'!C27) | K44: =IF('034_원예 체험강사'!C30="","",'034_원예 체험강사'!C30) | L44: 이동
B45: 035 | C45: 캘리그래피 강사 | D45: 5. 취미·문화·건강 지도형 | E45: 신철호 추천 -> 정재웅 지인 | F45: 정재웅 | G45: 9.2 | H45: =IF('035_캘리그래피 강사'!C8="","",'035_캘리그래피 강사'!C8) -> 완료 | I45: =IF('035_캘리그래피 강사'!C25="","",'035_캘리그래피 강사'!C25) -> 적합 | J45: =IF('035_캘리그래피 강사'!C27="","",'035_캘리그래피 강사'!C27) -> - 송시형 캘리그래퍼 / 한국캘리그라피협회 소속 / 현 캘리그래퍼 경력 10년 | K45: =IF('035_캘리그래피 강사'!C30="","",'035_캘리그래피 강사'!C30) -> 중 | L45: 이동
B46: 036 | C46: 셔플댄스 강사 | D46: 5. 취미·문화·건강 지도형 | F46: 정재웅 | H46: =IF('036_셔플댄스 강사'!C8="","",'036_셔플댄스 강사'!C8) -> 미착수 | I46: =IF('036_셔플댄스 강사'!C25="","",'036_셔플댄스 강사'!C25) | J46: =IF('036_셔플댄스 강사'!C27="","",'036_셔플댄스 강사'!C27) | K46: =IF('036_셔플댄스 강사'!C30="","",'036_셔플댄스 강사'!C30) | L46: 이동
B47: 037 | C47: 바리스타 자격 강사 | D47: 5. 취미·문화·건강 지도형 | F47: 정재웅 | H47: =IF('037_바리스타 자격 강사'!C8="","",'037_바리스타 자격 강사'!C8) -> 미착수 | I47: =IF('037_바리스타 자격 강사'!C25="","",'037_바리스타 자격 강사'!C25) | J47: =IF('037_바리스타 자격 강사'!C27="","",'037_바리스타 자격 강사'!C27) | K47: =IF('037_바리스타 자격 강사'!C30="","",'037_바리스타 자격 강사'!C30) | L47: 이동
B48: 038 | C48: 파크골프·생활체육 지도자 | D48: 5. 취미·문화·건강 지도형 | E48: 신철호 추천 -> 정재웅 추천 | F48: 정재웅 | G48: 9.18 | H48: =IF('038_파크골프·생활체육 지도자'!C8="","",'038_파크골프·생활체육 지도자'!C8) -> 완료 | I48: =IF('038_파크골프·생활체육 지도자'!C25="","",'038_파크골프·생활체육 지도자'!C25) -> 적합 | J48: =IF('038_파크골프·생활체육 지도자'!C27="","",'038_파크골프·생활체육 지도자'!C27) -> - 김은희 교수 / KBS 스포츠종합예술부 주임교수 및 호서전문학교 강사 / 골프 경력 10년 이상, 파크골프 투데이 취재 기사 | K48: =IF('038_파크골프·생활체육 지도자'!C30="","",'038_파크골프·생활체육 지도자'!C30) -> 상 | L48: 이동
B49: 039 | C49: 명상·요가 지도자 | D49: 5. 취미·문화·건강 지도형 | F49: 정재웅 | H49: =IF('039_명상·요가 지도자'!C8="","",'039_명상·요가 지도자'!C8) -> 수집중 | I49: =IF('039_명상·요가 지도자'!C25="","",'039_명상·요가 지도자'!C25) | J49: =IF('039_명상·요가 지도자'!C27="","",'039_명상·요가 지도자'!C27) | K49: =IF('039_명상·요가 지도자'!C30="","",'039_명상·요가 지도자'!C30) | L49: 이동
B50: 040 | C50: 노인 운동 강사 | D50: 5. 취미·문화·건강 지도형 | E50: 추후 부산 연계. SOVAC 전시회 | F50: 정재웅 | G50: 9.30. | H50: =IF('040_노인 운동 강사'!C8="","",'040_노인 운동 강사'!C8) -> 완료 | I50: =IF('040_노인 운동 강사'!C25="","",'040_노인 운동 강사'!C25) -> 적합 | J50: =IF('040_노인 운동 강사'!C27="","",'040_노인 운동 강사'!C27) -> - 최수경 강사 / 저동중학교 육상코치(2012년~) / 고양시 덕양구 노인운동강사(수/금 오전), 고양시 체육회 런닝 강사(화/목 저녁) / 전문스포츠지도사(2급, 2008~),유소년스포츠지도사(22~), 장애인스포츠지도사(2급, 24~) 자격증 보유 | K50: =IF('040_노인 운동 강사'!C30="","",'040_노인 운동 강사'!C30) -> 상 | L50: 이동 | N50: 김윤하 강사 | O50: 010-2275-7843
B51: 041 | C51: 동화구연가 | D51: 5. 취미·문화·건강 지도형 | F51: 정재웅 | G51: 10.12~21 | H51: =IF('041_동화구연가'!C8="","",'041_동화구연가'!C8) -> 완료 | I51: =IF('041_동화구연가'!C25="","",'041_동화구연가'!C25) -> 적합 | J51: =IF('041_동화구연가'!C27="","",'041_동화구연가'!C27) -> - 안성순 강사 / 우리이야기연구소 소장 / 삼성화재 교육팀 10년. 유치원 운영. 동화구연가 경력 15년. 강사 양성 (동화구연가 자격증반/ 오감 책놀이 지도사 자격증반/손유희 지도사 자격증반). 전국 500명 강사 파견 및 협력. 그림책 1권 출판. 그림책 4권 준비중. | K51: =IF('041_동화구연가'!C30="","",'041_동화구연가'!C30) -> 상 | L51: 이동
B52: 042 | C52: 지역문화 해설사 | D52: 5. 취미·문화·건강 지도형 | E52: 정재웅 추천 | F52: 정재웅 | G52: 9.11~9.16 | H52: =IF('042_지역문화 해설사'!C8="","",'042_지역문화 해설사'!C8) -> 완료 | I52: =IF('042_지역문화 해설사'!C25="","",'042_지역문화 해설사'!C25) -> 적합 | J52: =IF('042_지역문화 해설사'!C27="","",'042_지역문화 해설사'!C27) -> - 송용진 문화해설사(쏭내관) / 쏭내관 역사연구소 / 궁궐해설사 경력 26년 / 작가(쏭내관의 재미있는 궁궐기행1,2 등 10권) , 인기 강사 | K52: =IF('042_지역문화 해설사'!C30="","",'042_지역문화 해설사'!C30) -> 상 | L52: 이동
B53: 043 | C53: 숲해설가 | D53: 5. 취미·문화·건강 지도형 | E53: 정재웅 추천 | F53: 정재웅 | G53: 9.2 | H53: =IF('043_숲해설가'!C8="","",'043_숲해설가'!C8) -> 완료 | I53: =IF('043_숲해설가'!C25="","",'043_숲해설가'!C25) -> 적합 | J53: =IF('043_숲해설가'!C27="","",'043_숲해설가'!C27) -> - 김장식 숲해설가 / 프리랜서 / 전 경영컨설턴트 경력 30년, 현 숲해설가 (단기 경영컨설트 겸직) | K53: =IF('043_숲해설가'!C30="","",'043_숲해설가'!C30) -> 상 | L53: 이동
B54: 044 | C54: 도슨트 | D54: 5. 취미·문화·건강 지도형 | E54: 신철호 추천 | F54: 정재웅 | H54: =IF('044_도슨트'!C8="","",'044_도슨트'!C8) -> 미착수 | I54: =IF('044_도슨트'!C25="","",'044_도슨트'!C25) | J54: =IF('044_도슨트'!C27="","",'044_도슨트'!C27) | K54: =IF('044_도슨트'!C30="","",'044_도슨트'!C30) | L54: 이동
B55: 045 | C55: 시니어 여행 기획·인솔자 | D55: 5. 취미·문화·건강 지도형 | E55: (주)노는법 허정 대표 | F55: 정재웅 | G55: 10.19 | H55: =IF('045_시니어 여행 기획·인솔자'!C8="","",'045_시니어 여행 기획·인솔자'!C8) -> 완료 | I55: =IF('045_시니어 여행 기획·인솔자'!C25="","",'045_시니어 여행 기획·인솔자'!C25) -> 적합 | J55: =IF('045_시니어 여행 기획·인솔자'!C27="","",'045_시니어 여행 기획·인솔자'!C27) -> - 김정남 가이드 / (주)노는법&바바그라운드 / 은행원 10년, 학원 강사 13년, 상상우리 교육후 (주)노는법과 연결돼 시니어여행가이드 활동.(3년) 비수기 및 가이드 업무 없을 때 판촉물, 인쇄, 판매 등 사업 수행 (10년 이상), 진로지도사, 청년지도사 자격증 보유. | K55: =IF('045_시니어 여행 기획·인솔자'!C30="","",'045_시니어 여행 기획·인솔자'!C30) -> 상 | L55: 이동 | N55: 김정남 가이드 | O55: 010-5638-5056
B56: 046 | C56: 웃음치료·레크리에이션 강사 | D56: 5. 취미·문화·건강 지도형 | F56: 정재웅 | H56: =IF('046_웃음치료·레크리에이션 강사'!C8="","",'046_웃음치료·레크리에이션 강사'!C8) -> 미착수 | I56: =IF('046_웃음치료·레크리에이션 강사'!C25="","",'046_웃음치료·레크리에이션 강사'!C25) | J56: =IF('046_웃음치료·레크리에이션 강사'!C27="","",'046_웃음치료·레크리에이션 강사'!C27) | K56: =IF('046_웃음치료·레크리에이션 강사'!C30="","",'046_웃음치료·레크리에이션 강사'!C30) | L56: 이동 | N56: 이현주 강사 010-4254-5409
B57: 047 | C57: 온라인 건물주 | D57: 6. 콘텐츠·창작형 | E57: 황성철 추천/ 장재영 강사 | F57: 박나경 | H57: =IF('047_온라인 건물주'!C8="","",'047_온라인 건물주'!C8) -> 완료 | I57: =IF('047_온라인 건물주'!C25="","",'047_온라인 건물주'!C25) -> 적합 | J57: =IF('047_온라인 건물주'!C27="","",'047_온라인 건물주'!C27) -> 장재영 강사 | K57: =IF('047_온라인 건물주'!C30="","",'047_온라인 건물주'!C30) | L57: 이동 | N57: 장재영 | O57: 010-9024-4679
B58: 048 | C58: 도서 작가 | D58: 6. 콘텐츠·창작형 | F58: 박나경 | G58: 9.9 | H58: =IF('048_도서 작가'!C8="","",'048_도서 작가'!C8) -> 완료 | I58: =IF('048_도서 작가'!C25="","",'048_도서 작가'!C25) -> 적합 | J58: =IF('048_도서 작가'!C27="","",'048_도서 작가'!C27) -> 서아람 변호사 /검사생활 10년, 현재 법률사무소SC 대표변호사/ 이상한 아이스크림 가게 시리즈 7권 저자 | K58: =IF('048_도서 작가'!C30="","",'048_도서 작가'!C30) -> 상 | L58: 이동
B59: 049 | C59: 전자책 작가 | D59: 6. 콘텐츠·창작형 | F59: 박나경 | G59: 9.28 | H59: =IF('049_전자책 작가'!C8="","",'049_전자책 작가'!C8) -> 완료 | I59: =IF('049_전자책 작가'!C25="","",'049_전자책 작가'!C25) -> 적합 | J59: =IF('049_전자책 작가'!C27="","",'049_전자책 작가'!C27) -> 이선희 / 지극히 주관적인 뉴질랜드 엄마골프 전자책 저자 / 영어강사 / 강연자 | K59: =IF('049_전자책 작가'!C30="","",'049_전자책 작가'!C30) -> 상 | L59: 이동
B60: 050 | C60: 사진사 | D60: 6. 콘텐츠·창작형 | F60: 박나경 | H60: =IF('050_사진사'!C8="","",'050_사진사'!C8) -> 미착수 | I60: =IF('050_사진사'!C25="","",'050_사진사'!C25) | J60: =IF('050_사진사'!C27="","",'050_사진사'!C27) | K60: =IF('050_사진사'!C30="","",'050_사진사'!C30) | L60: 이동
B61: 051 | C61: 아이패드 드로잉 작가 | D61: 6. 콘텐츠·창작형 | F61: 박나경 | G61: 10.2 | H61: =IF('051_아이패드 드로잉 작가'!C8="","",'051_아이패드 드로잉 작가'!C8) -> 완료 | I61: =IF('051_아이패드 드로잉 작가'!C25="","",'051_아이패드 드로잉 작가'!C25) -> 부적합 | J61: =IF('051_아이패드 드로잉 작가'!C27="","",'051_아이패드 드로잉 작가'!C27) -> 민소애 듀박스 대표 / 서울예술대 시각디자인과 졸업/ 디자이너로 근무하다가 그림을 배워 일러스트레이터 경력 11년 | K61: =IF('051_아이패드 드로잉 작가'!C30="","",'051_아이패드 드로잉 작가'!C30) -> 하 | L61: 이동
B62: 052 | C62: 이모티콘 작가 | D62: 6. 콘텐츠·창작형 | F62: 박나경 | H62: =IF('052_이모티콘 작가'!C8="","",'052_이모티콘 작가'!C8) -> 미착수 | I62: =IF('052_이모티콘 작가'!C25="","",'052_이모티콘 작가'!C25) | J62: =IF('052_이모티콘 작가'!C27="","",'052_이모티콘 작가'!C27) | K62: =IF('052_이모티콘 작가'!C30="","",'052_이모티콘 작가'!C30) | L62: 이동
B63: 053 | C63: 유튜버 | D63: 6. 콘텐츠·창작형 | F63: 박나경 | G63: 9.11 | H63: =IF('053_유튜버'!C8="","",'053_유튜버'!C8) -> 완료 | I63: =IF('053_유튜버'!C25="","",'053_유튜버'!C25) -> 적합 | J63: =IF('053_유튜버'!C27="","",'053_유튜버'!C27) -> 한덕환 / N잡러 / 길해설사, 브런치작가, 상상우리 AI 컨설턴트, 유튜버(2025 서울 인플루언서 100인 선정) | K63: =IF('053_유튜버'!C30="","",'053_유튜버'!C30) -> 상 | L63: 이동
B64: 054 | C64: 시니어 모델 | D64: 6. 콘텐츠·창작형 | F64: 박나경 | H64: =IF('054_시니어 모델'!C8="","",'054_시니어 모델'!C8) -> 미착수 | I64: =IF('054_시니어 모델'!C25="","",'054_시니어 모델'!C25) | J64: =IF('054_시니어 모델'!C27="","",'054_시니어 모델'!C27) -> 최경옥 / 프리랜서 | K64: =IF('054_시니어 모델'!C30="","",'054_시니어 모델'!C30) -> 상 | L64: 이동
B65: 055 | C65: 시니어 배우·보조출연자 | D65: 6. 콘텐츠·창작형 | E65: 김종화 배우 | F65: 박나경 | G65: 8.26 | H65: =IF('055_시니어 배우·보조출연자'!C8="","",'055_시니어 배우·보조출연자'!C8) -> 완료 | I65: =IF('055_시니어 배우·보조출연자'!C25="","",'055_시니어 배우·보조출연자'!C25) -> 적합 | J65: =IF('055_시니어 배우·보조출연자'!C27="","",'055_시니어 배우·보조출연자'!C27) -> 김종화 배우 / 프리랜서 / 경력 6년차 / 단편 28편 CF 21편 드라마 4편 출연 | K65: =IF('055_시니어 배우·보조출연자'!C30="","",'055_시니어 배우·보조출연자'!C30) -> 상 | L65: 이동
B66: 056 | C66: 생활목공 전문가 | D66: 7. 생활기술·시공·점검형 | E66: 상상우리 N잡 강사 | F66: 정재웅 | H66: =IF('056_생활목공 전문가'!C8="","",'056_생활목공 전문가'!C8) -> 수집중 | I66: =IF('056_생활목공 전문가'!C25="","",'056_생활목공 전문가'!C25) | J66: =IF('056_생활목공 전문가'!C27="","",'056_생활목공 전문가'!C27) | K66: =IF('056_생활목공 전문가'!C30="","",'056_생활목공 전문가'!C30) | L66: 이동 | N66: 임태규 대표 | O66: 010-2313-8527
B67: 057 | C67: 소형 집수리 전문가 | D67: 7. 생활기술·시공·점검형 | F67: 정재웅 | G67: 9.14 | H67: =IF('057_소형 집수리 전문가'!C8="","",'057_소형 집수리 전문가'!C8) -> 완료 | I67: =IF('057_소형 집수리 전문가'!C25="","",'057_소형 집수리 전문가'!C25) -> 적합 | J67: =IF('057_소형 집수리 전문가'!C27="","",'057_소형 집수리 전문가'!C27) -> - 전무광 / 집고치는 전반장 / 전기시공업체 및 관리사무소 시설팀 근무 경력 20년, 전기산업기사 및 고급기술자 자격증 보유. 본인이 직접 SNS 마케팅하고 있음. | K67: =IF('057_소형 집수리 전문가'!C30="","",'057_소형 집수리 전문가'!C30) -> 중 | L67: 이동
B68: 058 | C68: 도배·장판 시공 기사 | D68: 7. 생활기술·시공·점검형 | F68: 정재웅 | H68: =IF('058_도배·장판 시공 기사'!C8="","",'058_도배·장판 시공 기사'!C8) -> 미착수 | I68: =IF('058_도배·장판 시공 기사'!C25="","",'058_도배·장판 시공 기사'!C25) | J68: =IF('058_도배·장판 시공 기사'!C27="","",'058_도배·장판 시공 기사'!C27) | K68: =IF('058_도배·장판 시공 기사'!C30="","",'058_도배·장판 시공 기사'!C30) | L68: 이동
B69: 059 | C69: 타일·줄눈 시공 기사 | D69: 7. 생활기술·시공·점검형 | F69: 정재웅 | H69: =IF('059_타일·줄눈 시공 기사'!C8="","",'059_타일·줄눈 시공 기사'!C8) -> 미착수 | I69: =IF('059_타일·줄눈 시공 기사'!C25="","",'059_타일·줄눈 시공 기사'!C25) | J69: =IF('059_타일·줄눈 시공 기사'!C27="","",'059_타일·줄눈 시공 기사'!C27) | K69: =IF('059_타일·줄눈 시공 기사'!C30="","",'059_타일·줄눈 시공 기사'!C30) | L69: 이동
B70: 060 | C70: 에어컨 세척·청소 전문가 | D70: 7. 생활기술·시공·점검형 | F70: 정재웅 | H70: =IF('060_에어컨 세척·청소 전문가'!C8="","",'060_에어컨 세척·청소 전문가'!C8) -> 미착수 | I70: =IF('060_에어컨 세척·청소 전문가'!C25="","",'060_에어컨 세척·청소 전문가'!C25) | J70: =IF('060_에어컨 세척·청소 전문가'!C27="","",'060_에어컨 세척·청소 전문가'!C27) | K70: =IF('060_에어컨 세척·청소 전문가'!C30="","",'060_에어컨 세척·청소 전문가'!C30) | L70: 이동
B71: 061 | C71: 아파트 사전점검 관리자 | D71: 7. 생활기술·시공·점검형 | E71: 신철호 추천 | F71: 정재웅 | H71: =IF('061_아파트 사전점검 관리자'!C8="","",'061_아파트 사전점검 관리자'!C8) -> 수집중 | I71: =IF('061_아파트 사전점검 관리자'!C25="","",'061_아파트 사전점검 관리자'!C25) | J71: =IF('061_아파트 사전점검 관리자'!C27="","",'061_아파트 사전점검 관리자'!C27) | K71: =IF('061_아파트 사전점검 관리자'!C30="","",'061_아파트 사전점검 관리자'!C30) | L71: 이동 | N71: 신상민 이사 | O71: 010-9383-9676
B72: 062 | C72: 소방안전관리자 | D72: 7. 생활기술·시공·점검형 | F72: 정재웅 | H72: =IF('062_소방안전관리자'!C8="","",'062_소방안전관리자'!C8) -> 미착수 | I72: =IF('062_소방안전관리자'!C25="","",'062_소방안전관리자'!C25) | J72: =IF('062_소방안전관리자'!C27="","",'062_소방안전관리자'!C27) | K72: =IF('062_소방안전관리자'!C30="","",'062_소방안전관리자'!C30) | L72: 이동
B73: 063 | C73: 스마트 돌봄기기 관리원 | D73: 7. 생활기술·시공·점검형 | E73: 효돌 | F73: 정재웅 | H73: =IF('063_스마트돌봄 기기 관리원'!C8="","",'063_스마트돌봄 기기 관리원'!C8) -> 미착수 | I73: =IF('063_스마트돌봄 기기 관리원'!C25="","",'063_스마트돌봄 기기 관리원'!C25) | J73: =IF('063_스마트돌봄 기기 관리원'!C27="","",'063_스마트돌봄 기기 관리원'!C27) | K73: =IF('063_스마트돌봄 기기 관리원'!C30="","",'063_스마트돌봄 기기 관리원'!C30) | L73: 이동
B74: 064 | C74: 중고차 진단평가사 | D74: 7. 생활기술·시공·점검형 | E74: 헤이딜러 | F74: 정재웅 | H74: =IF('064_중고차 진단평가사'!C8="","",'064_중고차 진단평가사'!C8) -> 미착수 | I74: =IF('064_중고차 진단평가사'!C25="","",'064_중고차 진단평가사'!C25) | J74: =IF('064_중고차 진단평가사'!C27="","",'064_중고차 진단평가사'!C27) | K74: =IF('064_중고차 진단평가사'!C30="","",'064_중고차 진단평가사'!C30) | L74: 이동
B75: 065 | C75: 세차·카디테일링 전문가 | D75: 7. 생활기술·시공·점검형 | E75: 세차 스타트업 | F75: 정재웅 | H75: =IF('065_세차·카디테일링 전문가'!C8="","",'065_세차·카디테일링 전문가'!C8) -> 미착수 | I75: =IF('065_세차·카디테일링 전문가'!C25="","",'065_세차·카디테일링 전문가'!C25) | J75: =IF('065_세차·카디테일링 전문가'!C27="","",'065_세차·카디테일링 전문가'!C27) | K75: =IF('065_세차·카디테일링 전문가'!C30="","",'065_세차·카디테일링 전문가'!C30) | L75: 이동
B76: 066 | C76: 수목치료기술자 | D76: 7. 생활기술·시공·점검형 | E76: 나무의사 | F76: 정재웅 | H76: =IF('066_수목치료기술자'!C8="","",'066_수목치료기술자'!C8) -> 미착수 | I76: =IF('066_수목치료기술자'!C25="","",'066_수목치료기술자'!C25) | J76: =IF('066_수목치료기술자'!C27="","",'066_수목치료기술자'!C27) | K76: =IF('066_수목치료기술자'!C30="","",'066_수목치료기술자'!C30) | L76: 이동
B77: 067 | C77: 드론방제사 | D77: 7. 생활기술·시공·점검형 | E77: 정재웅 추천 | F77: 정재웅 | H77: =IF('067_드론방제사'!C8="","",'067_드론방제사'!C8) -> 미착수 | I77: =IF('067_드론방제사'!C25="","",'067_드론방제사'!C25) | J77: =IF('067_드론방제사'!C27="","",'067_드론방제사'!C27) | K77: =IF('067_드론방제사'!C30="","",'067_드론방제사'!C30) | L77: 이동
B78: 068 | C78: 스마트팜 재배·관리원 | D78: 7. 생활기술·시공·점검형 | F78: 정재웅 | H78: =IF('068_스마트팜 재배·관리원'!C8="","",'068_스마트팜 재배·관리원'!C8) -> 미착수 | I78: =IF('068_스마트팜 재배·관리원'!C25="","",'068_스마트팜 재배·관리원'!C25) | J78: =IF('068_스마트팜 재배·관리원'!C27="","",'068_스마트팜 재배·관리원'!C27) | K78: =IF('068_스마트팜 재배·관리원'!C30="","",'068_스마트팜 재배·관리원'!C30) | L78: 이동
B79: 069 | C79: 무인매장 순회 관리원 | D79: 7. 생활기술·시공·점검형 | F79: 정재웅 | H79: =IF('069_무인매장 순회 관리원'!C8="","",'069_무인매장 순회 관리원'!C8) -> 미착수 | I79: =IF('069_무인매장 순회 관리원'!C25="","",'069_무인매장 순회 관리원'!C25) | J79: =IF('069_무인매장 순회 관리원'!C27="","",'069_무인매장 순회 관리원'!C27) | K79: =IF('069_무인매장 순회 관리원'!C30="","",'069_무인매장 순회 관리원'!C30) | L79: 이동
B80: 070 | C80: 병원동행 매니저 | D80: 8. 돌봄·통합케어형 | E80: 정재웅 추천 | F80: 정재웅 | G80: 9.23 | H80: =IF('070_병원동행 매니저'!C8="","",'070_병원동행 매니저'!C8) -> 완료 | I80: =IF('070_병원동행 매니저'!C25="","",'070_병원동행 매니저'!C25) -> 적합 | J80: =IF('070_병원동행 매니저'!C27="","",'070_병원동행 매니저'!C27) -> - 임명옥 이사 / MD에스코트 이사 & K-Medi아카데미 대표 강사 / 고려대 병원 간호사 30년 경력. | K80: =IF('070_병원동행 매니저'!C30="","",'070_병원동행 매니저'!C30) -> 상 | L80: 이동
B81: 071 | C81: 시니어 생활지원사 | D81: 8. 돌봄·통합케어형 | F81: 정재웅 | H81: =IF('071_시니어 생활지원사'!C8="","",'071_시니어 생활지원사'!C8) -> 미착수 | I81: =IF('071_시니어 생활지원사'!C25="","",'071_시니어 생활지원사'!C25) | J81: =IF('071_시니어 생활지원사'!C27="","",'071_시니어 생활지원사'!C27) | K81: =IF('071_시니어 생활지원사'!C30="","",'071_시니어 생활지원사'!C30) | L81: 이동 | N81: 독거, 차상위노인 대상
B82: 072 | C82: 요양보호사 | D82: 8. 돌봄·통합케어형 | E82: 정재웅 추천 | F82: 정재웅 | G82: 9.9 | H82: =IF('072_요양보호사'!C8="","",'072_요양보호사'!C8) -> 완료 | I82: =IF('072_요양보호사'!C25="","",'072_요양보호사'!C25) -> 적합 | J82: =IF('072_요양보호사'!C27="","",'072_요양보호사'!C27) -> - 강은미 요양보호사 / 감사방문요양센터 / 요양보호사 경력 13년 (주 5~6일, 하루 10~11시간 근무, 자식 결혼자금 준비중) | K82: =IF('072_요양보호사'!C30="","",'072_요양보호사'!C30) -> 상 | L82: 이동 | N82: 요양등급노인 대상
B83: 073 | C83: 노인 인지활동 지도사 | D83: 8. 돌봄·통합케어형 | E83: 시니어방문학습지도사와 구분 | F83: 정재웅 | G83: 10.7 | H83: =IF('073_노인 인지활동 지도사'!C8="","",'073_노인 인지활동 지도사'!C8) -> 완료 | I83: =IF('073_노인 인지활동 지도사'!C25="","",'073_노인 인지활동 지도사'!C25) -> 적합 | J83: =IF('073_노인 인지활동 지도사'!C27="","",'073_노인 인지활동 지도사'!C27) -> - 홍선하 강사 / 노원구 평생학습원 / 포천치매안심센터 근무, 실버인지놀이지도사1급, 노인인지활동책놀이2급 보유 | K83: =IF('073_노인 인지활동 지도사'!C30="","",'073_노인 인지활동 지도사'!C30) -> 중 | L83: 이동 | N83: 치매,인지활동 지도사
B84: 074 | C84: 산모·신생아 관리사 | D84: 8. 돌봄·통합케어형 | E84: 전문직 여부 확인 | F84: 정재웅 | H84: =IF('074_산모·신생아 관리사'!C8="","",'074_산모·신생아 관리사'!C8) -> 미착수 | I84: =IF('074_산모·신생아 관리사'!C25="","",'074_산모·신생아 관리사'!C25) | J84: =IF('074_산모·신생아 관리사'!C27="","",'074_산모·신생아 관리사'!C27) | K84: =IF('074_산모·신생아 관리사'!C30="","",'074_산모·신생아 관리사'!C30) | L84: 이동
B85: 075 | C85: 아이 등·하원 지원자 | D85: 8. 돌봄·통합케어형 | F85: 정재웅 | H85: =IF('075_아이 등·하원 지원자'!C8="","",'075_아이 등·하원 지원자'!C8) -> 미착수 | I85: =IF('075_아이 등·하원 지원자'!C25="","",'075_아이 등·하원 지원자'!C25) | J85: =IF('075_아이 등·하원 지원자'!C27="","",'075_아이 등·하원 지원자'!C27) | K85: =IF('075_아이 등·하원 지원자'!C30="","",'075_아이 등·하원 지원자'!C30) | L85: 이동
B86: 076 | C86: 통합돌봄 코디네이터 | D86: 8. 돌봄·통합케어형 | E86: 통합돌봄 내에서 확인 연결 | F86: 정재웅 | H86: =IF('076_통합돌봄 코디네이터'!C8="","",'076_통합돌봄 코디네이터'!C8) -> 미착수 | I86: =IF('076_통합돌봄 코디네이터'!C25="","",'076_통합돌봄 코디네이터'!C25) | J86: =IF('076_통합돌봄 코디네이터'!C27="","",'076_통합돌봄 코디네이터'!C27) | K86: =IF('076_통합돌봄 코디네이터'!C30="","",'076_통합돌봄 코디네이터'!C30) | L86: 이동 | N86: 이익선 010-6255-8708
B87: 077 | C87: 트래블헬퍼 | D87: 8. 돌봄·통합케어형 | E87: 사계절공정여행 | F87: 정재웅 | H87: =IF('077_트래블헬퍼'!C8="","",'077_트래블헬퍼'!C8) -> 미착수 | I87: =IF('077_트래블헬퍼'!C25="","",'077_트래블헬퍼'!C25) | J87: =IF('077_트래블헬퍼'!C27="","",'077_트래블헬퍼'!C27) | K87: =IF('077_트래블헬퍼'!C30="","",'077_트래블헬퍼'!C30) | L87: 이동 | N87: 백영화 대표
B88: 078 | C88: 어린이 통학차량 동승보호자 | D88: 8. 돌봄·통합케어형 | E88: 엘로버스 추후 수원시 통해서 소개 | F88: 정재웅 | H88: =IF('078_어린이 통학차량 동승보호자'!C8="","",'078_어린이 통학차량 동승보호자'!C8) -> 수집중 | I88: =IF('078_어린이 통학차량 동승보호자'!C25="","",'078_어린이 통학차량 동승보호자'!C25) | J88: =IF('078_어린이 통학차량 동승보호자'!C27="","",'078_어린이 통학차량 동승보호자'!C27) | K88: =IF('078_어린이 통학차량 동승보호자'!C30="","",'078_어린이 통학차량 동승보호자'!C30) | L88: 이동 | N88: 수원
B89: 079 | C89: 가사관리사 | D89: 9. 생활밀착 서비스형 | E89: 미소 | F89: 박나경 | H89: =IF('079_가사관리사'!C8="","",'079_가사관리사'!C8) -> 수집중 | I89: =IF('079_가사관리사'!C25="","",'079_가사관리사'!C25) -> 적합 | J89: =IF('079_가사관리사'!C27="","",'079_가사관리사'!C27) -> 백승희 청소연구소 매니저 | K89: =IF('079_가사관리사'!C30="","",'079_가사관리사'!C30) | L89: 이동
B90: 080 | C90: 정리수납 전문가 | D90: 9. 생활밀착 서비스형 | E90: 필요시 신철호 추천 | F90: 박나경 | G90: 8.28 | H90: =IF('080_정리수납 전문가'!C8="","",'080_정리수납 전문가'!C8) -> 완료 | I90: =IF('080_정리수납 전문가'!C25="","",'080_정리수납 전문가'!C25) -> 적합 | J90: =IF('080_정리수납 전문가'!C27="","",'080_정리수납 전문가'!C27) -> 순수맘 / 프리랜서 / 잠실 파크리오 아파트에서 주로 활동하는 정리수납 전문가로 10년째 왕성히 활동중 | K90: =IF('080_정리수납 전문가'!C30="","",'080_정리수납 전문가'!C30) -> 상 | L90: 이동
B91: 081 | C91: 반려견 산책 도우미 | D91: 9. 생활밀착 서비스형 | E91: 도그워커 | F91: 박나경 | G91: 8.26 | H91: =IF('081_반려견 산책 도우미'!C8="","",'081_반려견 산책 도우미'!C8) -> 완료 | I91: =IF('081_반려견 산책 도우미'!C25="","",'081_반려견 산책 도우미'!C25) -> 적합 | J91: =IF('081_반려견 산책 도우미'!C27="","",'081_반려견 산책 도우미'!C27) -> 아이디 cheetah / 숨고 (혹시 주변에서 소개받거나 중장년 도그워커를 소개받을 수 있으면 업데이트 하겠음) | K91: =IF('081_반려견 산책 도우미'!C30="","",'081_반려견 산책 도우미'!C30) -> 중 | L91: 이동
B92: 082 | C92: 펫 미용사 | D92: 9. 생활밀착 서비스형 | F92: 박나경 | H92: =IF('082_펫 미용사'!C8="","",'082_펫 미용사'!C8) -> 미착수 | I92: =IF('082_펫 미용사'!C25="","",'082_펫 미용사'!C25) | J92: =IF('082_펫 미용사'!C27="","",'082_펫 미용사'!C27) | K92: =IF('082_펫 미용사'!C30="","",'082_펫 미용사'!C30) | L92: 이동
B93: 083 | C93: 반려동물 훈련사 | D93: 9. 생활밀착 서비스형 | F93: 박나경 | H93: =IF('083_반려동물 훈련사'!C8="","",'083_반려동물 훈련사'!C8) -> 미착수 | I93: =IF('083_반려동물 훈련사'!C25="","",'083_반려동물 훈련사'!C25) | J93: =IF('083_반려동물 훈련사'!C27="","",'083_반려동물 훈련사'!C27) | K93: =IF('083_반려동물 훈련사'!C30="","",'083_반려동물 훈련사'!C30) | L93: 이동
B94: 084 | C94: 반려동물 장례지도사 | D94: 9. 생활밀착 서비스형 | F94: 박나경 | G94: 9.2 | H94: =IF('084_반려동물 장례지도사'!C8="","",'084_반려동물 장례지도사'!C8) -> 완료 | I94: =IF('084_반려동물 장례지도사'!C25="","",'084_반려동물 장례지도사'!C25) -> 적합 | J94: =IF('084_반려동물 장례지도사'!C27="","",'084_반려동물 장례지도사'!C27) -> 강성일 한국반려동물장례연구소 소장(펫포레스트 실장 출신), 경력 14년 www.kcafri.com | K94: =IF('084_반려동물 장례지도사'!C30="","",'084_반려동물 장례지도사'!C30) -> 상 | L94: 이동
B95: 085 | C95: 차량 탁송 기사 | D95: 9. 생활밀착 서비스형 | F95: 박나경 | G95: 10.5 | H95: =IF('085_차량 탁송 기사'!C8="","",'085_차량 탁송 기사'!C8) -> 미착수 | I95: =IF('085_차량 탁송 기사'!C25="","",'085_차량 탁송 기사'!C25) | J95: =IF('085_차량 탁송 기사'!C27="","",'085_차량 탁송 기사'!C27) -> 이용선 주임에 확인 | K95: =IF('085_차량 탁송 기사'!C30="","",'085_차량 탁송 기사'!C30) | L95: 이동
B96: 086 | C96: 도보 배달원 | D96: 9. 생활밀착 서비스형 | E96: 배민 | F96: 박나경 | H96: =IF('086_도보 배달원'!C8="","",'086_도보 배달원'!C8) -> 미착수 | I96: =IF('086_도보 배달원'!C25="","",'086_도보 배달원'!C25) | J96: =IF('086_도보 배달원'!C27="","",'086_도보 배달원'!C27) | K96: =IF('086_도보 배달원'!C30="","",'086_도보 배달원'!C30) | L96: 이동
B97: 087 | C97: 생활상품 배송 기사 | D97: 9. 생활밀착 서비스형 | E97: 올리브영 | F97: 박나경 | H97: =IF('087_생활상품 배송 기사'!C8="","",'087_생활상품 배송 기사'!C8) -> 완료 | I97: =IF('087_생활상품 배송 기사'!C25="","",'087_생활상품 배송 기사'!C25) -> 적합 | J97: =IF('087_생활상품 배송 기사'!C27="","",'087_생활상품 배송 기사'!C27) -> CJ대한통운 매일 오네(O-NE) 배달자 분들 | K97: =IF('087_생활상품 배송 기사'!C30="","",'087_생활상품 배송 기사'!C30) | L97: 이동
B98: 088 | C98: 플랫폼택시 기사 | D98: 9. 생활밀착 서비스형 | E98: 타다, IM택시 | F98: 박나경 | H98: =IF('088_플랫폼택시 기사'!C8="","",'088_플랫폼택시 기사'!C8) -> 미착수 | I98: =IF('088_플랫폼택시 기사'!C25="","",'088_플랫폼택시 기사'!C25) | J98: =IF('088_플랫폼택시 기사'!C27="","",'088_플랫폼택시 기사'!C27) | K98: =IF('088_플랫폼택시 기사'!C30="","",'088_플랫폼택시 기사'!C30) | L98: 이동
B99: 089 | C99: 공유모빌리티 관리원 | D99: 9. 생활밀착 서비스형 | E99: 따릉이, 전동킥보드 | F99: 박나경 | H99: =IF('089_공유모빌리티 관리원'!C8="","",'089_공유모빌리티 관리원'!C8) -> 미착수 | I99: =IF('089_공유모빌리티 관리원'!C25="","",'089_공유모빌리티 관리원'!C25) | J99: =IF('089_공유모빌리티 관리원'!C27="","",'089_공유모빌리티 관리원'!C27) | K99: =IF('089_공유모빌리티 관리원'!C30="","",'089_공유모빌리티 관리원'!C30) | L99: 이동
B100: 090 | C100: 펫택시 기사 | D100: 9. 생활밀착 서비스형 | F100: 박나경 | G100: 9.16 | H100: =IF('090_펫택시 기사'!C8="","",'090_펫택시 기사'!C8) -> 완료 | I100: =IF('090_펫택시 기사'!C25="","",'090_펫택시 기사'!C25) -> 적합 | J100: =IF('090_펫택시 기사'!C27="","",'090_펫택시 기사'!C27) -> 9년차 펫택시 드라이버 유PD (41세) | K100: =IF('090_펫택시 기사'!C30="","",'090_펫택시 기사'!C30) -> 상 | L100: 이동
B101: 091 | C101: 약국 사무원 | D101: 9. 생활밀착 서비스형 | F101: 박나경 | G101: 9.11 | H101: =IF('091_약국 사무원'!C8="","",'091_약국 사무원'!C8) -> 완료 | I101: =IF('091_약국 사무원'!C25="","",'091_약국 사무원'!C25) -> 적합 | J101: =IF('091_약국 사무원'!C27="","",'091_약국 사무원'!C27) -> 유은진 청담 세명약국 사무원 | K101: =IF('091_약국 사무원'!C30="","",'091_약국 사무원'!C30) -> 상 | L101: 이동
B102: 092 | C102: 시험 감독·진행요원 | D102: 9. 생활밀착 서비스형 | F102: 박나경 | G102: 9.23 | H102: =IF('092_시험 감독·진행요원'!C8="","",'092_시험 감독·진행요원'!C8) -> 완료 | I102: =IF('092_시험 감독·진행요원'!C25="","",'092_시험 감독·진행요원'!C25) -> 적합 | J102: =IF('092_시험 감독·진행요원'!C27="","",'092_시험 감독·진행요원'!C27) -> 유명수 전 한국산업인력공단 지사장 | K102: =IF('092_시험 감독·진행요원'!C30="","",'092_시험 감독·진행요원'!C30) -> 상 | L102: 이동
B103: 093 | C103: 행사·박람회 진행요원 | D103: 9. 생활밀착 서비스형 | F103: 박나경 | H103: =IF('093_행사·박람회 진행요원'!C8="","",'093_행사·박람회 진행요원'!C8) -> 미착수 | I103: =IF('093_행사·박람회 진행요원'!C25="","",'093_행사·박람회 진행요원'!C25) | J103: =IF('093_행사·박람회 진행요원'!C27="","",'093_행사·박람회 진행요원'!C27) | K103: =IF('093_행사·박람회 진행요원'!C30="","",'093_행사·박람회 진행요원'!C30) | L103: 이동
...

Sheet 백잡100
A1: Job No. | B1: 유형 | C1: N잡 이름 | D1: N잡 개념 | E1: 초기비용 | F1: 진입난이도 | G1: 시간투여도 | H1: 체력부담 | I1: 유연성 | J1: 근무장소 | K1: 자격요건 | L1: 수익구조
A2: 001 | B2: 1. 디지털·AI 실무형 | C2: 디지털 마케터 | D2: 기업·소상공인의 온라인 광고와 홍보를 대신 기획·집행해 매출로 연결하는 일 | E2: ₩ | F2: ★★★★ | G2: 주15~30h | H2: 하 | I2: 협의가능 | J2: 재택 | K2: 불필요 | L2: 월정액
A3: 002 | B3: 1. 디지털·AI 실무형 | C3: 블로그·SNS 운영대행자 | D3: 업체를 대신해 블로그·인스타그램 등 채널에 콘텐츠를 올리고 계정을 관리하는 일 | E3: ₩ | F3: ★★ | G3: 주5~15h | H3: 하 | I3: 완전자유 | J3: 재택 | K3: 불필요 | L3: 월정액
A4: 003 | B4: 1. 디지털·AI 실무형 | C4: 온라인 사무지원 프리랜서 | D4: 문서 작성, 자료 정리, 일정 관리 등 사무 업무를 원격으로 대행하는 일 | E4: ₩ | F4: ★★ | G4: 주5~15h | H4: 하 | I4: 협의가능 | J4: 재택 | K4: 불필요 | L4: 건별
A5: 004 | B5: 1. 디지털·AI 실무형 | C5: 숏폼 영상 편집자 | D5: 릴스·쇼츠 등 짧은 세로형 영상을 자막·컷 편집해 완성하는 일 | E5: ₩₩ | F5: ★★★ | G5: 주5~15h | H5: 하 | I5: 완전자유 | J5: 재택 | K5: 불필요 | L5: 건별
A6: 005 | B6: 1. 디지털·AI 실무형 | C6: 데이터 라벨러 | D6: AI 학습에 쓰이는 이미지·음성·문장에 정답 표시를 달아주는 일 | E6: ₩ | F6: ★ | G6: 주5~15h | H6: 하 | I6: 완전자유 | J6: 재택 | K6: 불필요 | L6: 건별
A7: 006 | B7: 1. 디지털·AI 실무형 | C7: 앱 사용성 평가원 | D7: 출시 전 앱·웹을 직접 써보고 불편한 점을 찾아 보고하는 일 | E7: ₩ | F7: ★ | G7: 주5h 미만 | H7: 하 | I7: 완전자유 | J7: 재택 | K7: 불필요 | L7: 건별
A8: 007 | B8: 1. 디지털·AI 실무형 | C8: 상세페이지 디자이너 | D8: 온라인 쇼핑몰 상품 소개 페이지를 기획하고 이미지로 제작하는 일 | E8: ₩₩ | F8: ★★★ | G8: 주5~15h | H8: 하 | I8: 완전자유 | J8: 재택 | K8: 불필요 | L8: 건별
A9: 008 | B9: 1. 디지털·AI 실무형 | C9: 유해콘텐츠 모니터링 요원 | D9: 플랫폼에 올라온 게시물·리뷰를 검토해 규정 위반 콘텐츠를 걸러내는 일 | E9: ₩ | F9: ★ | G9: 주15~30h | H9: 하 | I9: 고정 | J9: 재택 | K9: 불필요 | L9: 시간제
A10: 009 | B10: 2. 경영·창업 자문형 | C10: 경영 컨설턴트 | D10: 기업의 경영 문제를 진단하고 개선 방안을 제시하는 일 | E10: ₩ | F10: ★★★★★ | G10: 주5~15h | H10: 하 | I10: 협의가능 | J10: 현장 | K10: 불필요 | L10: 건별
A11: 010 | B11: 2. 경영·창업 자문형 | C11: 소상공인 컨설턴트 | D11: 동네 가게와 소상공인의 매출·운영 문제를 현장에서 진단하고 해결을 돕는 일 | E11: ₩ | F11: ★★★★ | G11: 주5~15h | H11: 중 | I11: 협의가능 | J11: 방문 | K11: 민간자격 | L11: 건별
A12: 011 | B12: 2. 경영·창업 자문형 | C12: 창업 멘토·컨설턴트 | D12: 창업 준비자에게 아이템 검증부터 사업계획·자금까지 조언하는 일 | E12: ₩ | F12: ★★★★ | G12: 주5~15h | H12: 하 | I12: 협의가능 | J12: 현장 | K12: 불필요 | L12: 건별
... A101: 100 | B101: 10. 판매·공간·무인 운영형 | C101: 농어촌민박 운영자 | D101: 농어촌 지역의 주택을 민박으로 등록해 숙박을 제공하는 일 | E101: ₩₩₩₩ | F101: ★★★ | G101: 주15~30h | H101: 중 | I101: 협의가능 | J101: 점포 | K101: 교육이수 | L101: 자산형

Sheet 미채택후보
A1: No. | B1: 유형 | C1: N잡 이름 | D1: N잡 개념
A2: R01 | B2: 1. 디지털·AI 실무형 | C2: PPT·발표자료 디자이너 | D2: 보고서·제안서를 보기 좋은 슬라이드로 만들어주는 일
A3: R02 | B3: 1. 디지털·AI 실무형 | C3: 시장조사·리서치 대행 | D3: 설문 설계와 경쟁사 조사로 필요한 자료를 수집·정리해주는 일
A4: R03 | B4: 1. 디지털·AI 실무형 | C4: 재택 고객센터 상담사 | D4: 집에서 전화·채팅으로 고객 문의에 응대하는 일
A5: R04 | B5: 2. 경영·창업 자문형 | C5: 중대재해·안전보건 컨설턴트 | D5: 기업의 안전보건 체계를 진단하고 중대재해 예방을 자문하는 일
A6: R05 | B6: 2. 경영·창업 자문형 | C6: 행정사 | D6: 인허가와 각종 민원 서류의 작성·제출을 대행하는 일
A7: R06 | B7: 2. 경영·창업 자문형 | C7: 공인중개사 | D7: 부동산 매매와 임대차 거래를 중개하는 일
A8: R07 | B8: 2. 경영·창업 자문형 | C8: 주택관리사(아파트 관리소장) | D8: 아파트 관리사무소를 총괄 운영하는 일
A9: R08 | B9: 2. 경영·창업 자문형 | C9: 재무설계·은퇴설계 상담사 | D9: 자산과 노후 자금 계획을 설계해주는 일
A10: R09 | B10: 2. 경영·창업 자문형 | C10: 세무·회계 기장 보조 | D10: 장부 정리와 전표 입력 등 세무·회계 실무를 보조하는 일
A11: R10 | B11: 2. 경영·창업 자문형 | C11: 경비지도사 | D11: 경비원의 교육과 현장 지도를 담당하는 일
A12: R11 | B12: 2. 경영·창업 자문형 | C12: 법원·기관 조정위원 | D12: 분쟁 당사자 사이에 서서 합의를 이끄는 일
... A43: R42 | B43: 10. 판매·공간·무인 운영형 | C43: 로컬 공동구매 운영자 | D43: 동네 커뮤니티에서 공동구매를 기획·중개해 수수료를 얻는 일
C45: 헤드헌터
C46: 파크골프
C47: 시민기자
C48: 실버인지미술전문가
C49: 그림책심리지도사
C50: 협업퍼실리테이터
C51: 장난감 의사
C52: FDE
C53: AI미디어작가
C54: 청년일자리멘토
C55: 나무의사
C56: 특수학급 돌봄매니저

Sheet 지표집계
B2: 지표별 분포 (100잡)
B4: 초기비용
B5: ₩ | C5: ₩₩ | D5: ₩₩₩ | E5: ₩₩₩₩ | F5: ₩₩₩₩₩
B6: 55 | C6: 31 | D6: 10 | E6: 3 | F6: 1
B8: 진입난이도
B9: ★ | C9: ★★ | D9: ★★★ | E9: ★★★★ | F9: ★★★★★
B10: 14 | C10: 27 | D10: 41 | E10: 15 | F10: 3
B12: 시간투여도
B13: 주5h 미만 | C13: 주5~15h | D13: 주15~30h | E13: 주30h 이상
B14: 8 | C14: 49 | D14: 37 | E14: 6
B16: 체력부담
B17: 하 | C17: 중 | D17: 상
B18: 37 | C18: 41 | D18: 22
B20: 유연성
B21: 완전자유 | C21: 협의가능 | D21: 고정
B22: 41 | C22: 49 | D22: 10
B24: 근무장소
B25: 재택 | C25: 온라인 | D25: 방문 | E25: 현장 | F25: 점포
B26: 17 | C26: 3 | D26: 18 | E26: 55 | F26: 7
B28: 자격요건
B29: 불필요 | C29: 교육이수 | D29: 민간자격 | E29: 국가자격
B30: 45 | C30: 22 | D30: 20 | E30: 13
B32: 수익구조
B33: 건별 | C33: 시간제 | D33: 월정액 | E33: 자산형
B34: 66 | C34: 17 | D34: 6 | E34: 11

Sheet 사용법
B2: N잡스쿨 — 잡별 시장조사 시트
B3: Job No.001~100 · 잡 1개당 시트 1장 · 8개 항목군
B5: 조사 목적 | C5: 워크위즈 LMS 강좌 상세페이지 제작과 개설 우선순위 판단을 위한 시장조사입니다. 도서 원고용 서술 자료는 이 시트에서 다루지 않습니다.
B6: 시트 구성 | C6: ‘사용법’ · ‘진행현황’(100개 자동 집계·바로가기) · ‘★기입예시’ · 001~100 잡별 시트
B7: 입력 위치 | C7: 연노랑 칸에만 입력합니다. ⑧ 참고 URL의 L열은 확인일입니다.
B8: 드롭다운 | C8: 핵심 지표와 10조건 판정은 목록에서 선택합니다. 표기가 흔들리면 100개 비교와 필터가 불가능해집니다.
B9: ② 핵심 지표 | C9: 6개를 한 행에 넣었습니다. 오른쪽 ‘지표 근거·비고’에 숫자의 출처와 기준을 남겨주세요.
B10: ④ 수요 근거 | C10: 교육 수요가 아니라 그 일자리 자체의 수요입니다. 이 일을 시키는 곳이 실제로 있는지, 늘고 있는지를 봅니다.
B11: ⑥ 적합성 검증 | C11: 10조건을 ○△✕로 판정하고, 아래 칸에 △·✕만 사유를 답니다. ○는 설명하지 않아도 됩니다.
B12: ⑦ 실제 종사자 | C12: 이 일로 실제 돈을 버는 사람 1명을 찾습니다. 한 명도 못 찾으면 그 자체가 ⑧ 충분한 수요 조건의 실패 신호입니다.
B13: 주 소스 | C13: 워크넷·한국직업사전 / 크몽·숨고·탈잉·당근알바 / 자격 발급기관 / 통계청·업종 협회 / 관련 기사·유튜브·블로그
B14: 기준 시점 | C14: 모든 수치는 2026년 기준으로 통일하고, 확인일을 반드시 남깁니다.

Sheet ★기입예시
A1: ;ㅣㅏㅓㅕㅅㄱㄴ ㅠㅠㅜ3ㅕㅑ\
B2: Job No. 001 디지털 마케터
B3: 1. 디지털·AI 실무형 | 워크위즈 N잡스쿨 · 잡별 시장조사 시트 | ※ 기입 예시 (실제 조사값 아님)
B5: ① 기본 정보
B6: 직업명 · 별칭 | C6: 디지털 마케터 / 온라인 마케터 · 퍼포먼스 마케터 · SNS 마케팅 대행
B7: 한 줄 소개 (30자 내외) | C7: 소상공인의 온라인 광고와 채널을 대신 운영해 매출을 만드는 일
B8: 수집 상태 · 담당자 | C8: 완료 | E8: 담당: 홍길동
B9: ② 핵심 지표 6종
B10: 지표 | C10: 초기비용 | D10: 월수익(만원) | E10: 성장성 | F10: 진입난이도 | G10: 주간 소요시간 | H10: 체력부담 | I10: 지표 근거 · 비고
B11: 값 | C11: ₩ 50만 미만 | D11: 80~300 | E11: ↗ 보통 | F11: ★★★ | G11: 주 5~15시간 | H11: 하 | I11: 월수익은 거래처 2~4곳 기준 (크몽 대행 견적 구간, 2026.08 확인)
B12: ③ 하는 일
B13: 하는 일 (3줄 요약) | C13: 소상공인·중소기업의 네이버·인스타그램 채널을 대신 운영한다. 광고 예산을 집행하고 콘텐츠를 발행하며 주 단위로 성과를 보고한다. 보통 업체 2~4곳을 월정액으로 맡아 재택으로 처리한다.
B14: ④ 일자리 수요 근거
B15: 수요처 유형 · 규모 · 증감 추세 | C15: 수요처는 온라인 판매를 시작하려는 소상공인과 지역 중소기업이다. 소상공인 디지털전환 지원사업으로 정부 예산이 붙은 컨설팅·대행 수요가 늘고 있고, 크몽·숨고의 마케팅 대행 카테고리 거래도 꾸준히 유지되고 있다.
B16: 뒷받침 근거 | C16: 복합 | E16: 정부 소상공인 디지털전환 사업 + 재능거래 플랫폼 거래량
B17: ⑤ 진입 방법
B18: 필요 자격 · 교육 | C18: 필수 자격 없음. 네이버 광고·메타 광고 실습 교육 2~3개월이면 진입 가능
B19: 초기 준비물 · 비용 | C19: 노트북, 광고 계정, 포트폴리오용 샘플 리포트. 실비 50만원 미만
B20: 일감 얻는 경로 (플랫폼·기관 실명) | C20: 크몽·숨고 전문가 등록, 소상공인시장진흥공단 컨설턴트 풀, 지자체 소상공인 지원센터, 기존 거래처 소개
B21: ⑥ N잡 적합성 검증
B22: 10조건 | C22: ①시간 유연성 | D22: ②체력 감당 | E22: ③직업 이미지 | F22: ④재미 | G22: ⑤전문성 축적 | H22: ⑥일한 만큼 이상 수익 | I22: ⑦우상향 수익 | J22: ⑧충분한 수요 | K22: ⑨진입 가능성 | L22: ⑩직업적 자부심
B23: 판정 ○ △ ✕ | C23: ○ | D23: ○ | E23: ○ | F23: △ | G23: ○ | H23: ○ | I23: ○ | J23: ○ | K23: △ | L23: ○
B24: 판정 근거 (△·✕ 위주로) | C24: ④ △ — 성과 압박이 있어 숫자에 스트레스를 받는 성향이면 오래 못 간다. ⑨ △ — 자격은 없지만 광고 툴 실습 2~3개월이 필요해 '바로 시작'은 어렵다.
B25: 종합 판정 | C25: 적합 | E25: 10조건 중 8개 통과, 2개 조건부
B26: ⑦ 실제 종사자 (1명)
B27: 이름 · 소속 · 경력 | C27: ○○○ / 프리랜서 / 전 유통기업 영업팀 20년, 現 소상공인 마케팅 대행 4년차
B28: 확인 출처 (기사·인터뷰·블로그·유튜브·플랫폼 프로필 등) | C28: 소상공인시장진흥공단 우수 컨설턴트 인터뷰 기사 (2025) / 본인 네이버 블로그 운영
B29: 컨택 포인트 (연락처·이메일·SNS·소속 기관) | C29: 블로그 댓글·이메일 공개, 공단 컨설턴트 풀 통해 연결 가능
B30: 인터뷰 가능성 | C30: 상 | E30: 강사 후보로도 적합 — 실무 시연 영상화 가능
B31: ⑧ 참고 URL (오른쪽 끝 칸 = 확인일)
B32: URL ①
B33: URL ②
B34: URL ③
B35: URL ④
B36: URL ⑤
B38: ※ 연노랑 칸에 입력합니다. L열은 확인일입니다.

Sheet 001_디지털 마케터
B2: Job No. 001 디지털 마케터
B3: 1. 디지털·AI 실무형 | 워크위즈 N잡스쿨 · 잡별 시장조사 시트
B5: ① 기본 정보
B6: 직업명 · 별칭 | C6: 디지털 마케터
B7: 한 줄 소개 (30자 내외) | C7: 기업의 온라인 홍보를 총괄
B8: 수집 상태 · 담당자 | C8: 완료 | E8: 박나경
B9: ② 핵심 지표 6종
B10: 지표 | C10: 초기비용 | D10: 월수익(만원) | E10: 성장성 | F10: 진입난이도 | G10: 주간 소요시간 | H10: 체력부담 | I10: 지표 근거 · 비고
B11: 값 | C11: ₩ 50만 미만 | D11: 100만원~230만원 | E11: ↗ 보통 | F11: ★★★ | G11: 주 5~15시간 | H11: 하 | I11: 초기 진입 : 소상공인 디지털 마케팅 한달 비용 30만원 3곳 계약시 월 90만원
B12: ③ 하는 일
B13: 하는 일 (3줄 요약) | C13: SNS 콘텐츠 마케팅 : 카드뉴스, 숏폼 영상 제작 및 게시 일정 관리. 댓글과 고객 반응 분석, 콘텐츠 개선 상품 상세페이지 기획 : 상세페이지 구성, 광고문구, 구도 유도 콘텐츠 작성 / 구매전환을 높이는 페이지 제작 온라인 광고 운영 : 네이버 검색광고, 메타 광고 등 설정/ 광고예산 관리 및 타깃 설정/ 클릭률, 구매전환율, 광고수익률 분석 블로그 검색, 노출 마케팅 : 검색에 유용한 블로그 글과 웹사이트 콘텐츠 제작, 검색유입과 문의 수를 분석하고 개선 마케팅 전략 개선 : 고객 유입 경로와 구매 과정을 분석해 매출 개선 전략과 성과 보고서 작성
B14: ④ 일자리 수요 근거
B15: 수요처 유형 · 규모 · 증감 추세 | C15: 광고 대행사나 마케팅 전문회사, 온라인쇼핑몰 브랜드 사업자, 소상공인 등에서 꾸준한 수요 발생. 나스미디어의 2026년 자료에 따르면 2026년 국내 디지털 광고시장은 약 11조 4945억원 규모로 전년대비 약 7.2% 성장 전망
B16: 뒷받침 근거 | C16: 플랫폼 거래량 | E16: 『2025~2035 정성적 일자리 전망』 발간 | 고용노동부 > 뉴스·소식 > 보도·설명 > 보도자료
B17: ⑤ 진입 방법
B18: 필요 자격 · 교육 | C18: 채용시장에서 검색광고마케터 1급, Google Analystics 관련 역량, 광고 운영 경험 등을 우대 조건으로 제시
B19: 초기 준비물 · 비용 | C19: 디자인, 콘텐츠 제작 도구(월 10만원), 검색광고마케터 실무교육(한국자격증협회 등 발급비용 8~10만원)
B20: 일감 얻는 경로 (플랫폼·기관 실명) | C20: 크몽에 등록하여 활동/ 숨고에 마케팅 서비스 제공자로 고객 문의 확보/ 사람인, 잡코리아에서 디지털 마케터 공고 검색
B21: ⑥ N잡 적합성 검증
B22: 10조건 | C22: ①시간 유연성 | D22: ②체력 감당 | E22: ③직업 이미지 | F22: ④재미 | G22: ⑤전문성 축적 | H22: ⑥일한 만큼 이상 수익 | I22: ⑦우상향 수익 | J22: ⑧충분한 수요 | K22: ⑨진입 가능성 | L22: ⑩직업적 자부심
B23: 판정 ○ △ ✕ | C23: ○ | D23: ○ | E23: ○ | F23: ○ | G23: ○ | H23: ○ | I23: △ | J23: ○ | K23: △ | L23: ○
B24: 판정 근거 (△·✕ 위주로) | C24: 중장년이 프리랜서 디지털마케터로 활동하려면 타깃을 소상공인으로 잡는게 현실적이라 우상향 수익이 발생한다고 보기는 어렵고, 상세페이지 디자인이나 숏폼영상 편집 등 단순작업에 비해 기획력과 분석력이 요구되는 분야라 진입 허들이 있음
B25: 종합 판정 | C25: 적합 | E25: x가 없어 적합 판정
B26: ⑦ 실제 종사자 (1명)
B27: 이름 · 소속 · 경력 | C27: 이재연 세이어바웃 대표, 강남구디지털신중년센터 강사
B28: 확인 출처 (기사·인터뷰·블로그·유튜브·플랫폼 프로필 등) | C28: https://search.naver.com/search.naver?where=nexearch&sm=tab_etc&mra=bjky&x_csa=%7B%22fromUi%22%3A%22kb%22%7D&pkid=1&os=29721545&qvt=0&query=%EC%9D%B4%EC%9E%AC%EC%97%B0%20%EC%84%B8%EC%9D%B4%EC%96%B4%EB%B0%94%EC%9B%83
B29: 컨택 포인트 (연락처·이메일·SNS·소속 기관) | C29: 010-2585-3488
B30: 인터뷰 가능성 | C30: 상 | E30: 언제든지 전화하라고 하심
B31: ⑧ 참고 URL (오른쪽 끝 칸 = 확인일)
B32: URL ① | C32: https://blog.naver.com/iybcz670/224384575907
B33: URL ② | C33: https://blog.naver.com/newjin14/224395865778
B34: URL ③ | C34: https://kmong.com/gig/794765#gig-rate-evaluation 단건은 4~10만원
B35: URL ④ | C35: https://www.albamon.com/jobs/detail/119874931 | L35: 주급 39만원
B36: URL ⑤ | C36: https://www.albamon.com/jobs/detail/502061691 | L36: 연봉2700
B38: ※ 연노랑 칸에 입력합니다. L열은 확인일입니다.

Sheet 002_블로그·SNS 운영대행자
B2: Job No. 002 블로그·SNS 운영대행자
B3: 1. 디지털·AI 실무형 | 워크위즈 N잡스쿨 · 잡별 시장조사 시트
B5: ① 기본 정보
B6: 직업명 · 별칭 | C6: 블로그·SNS 운영대행자
B7: 한 줄 소개 (30자 내외) | C7: 다양한 콘텐츠를 제작, 포스팅하며 의뢰업체의 SNS 채널 전반을 전담 운영
B8: 수집 상태 · 담당자 | C8: 완료 | E8: 박나경
B9: ② 핵심 지표 6종
B10: 지표 | C10: 초기비용 | D10: 월수익(만원) | E10: 성장성 | F10: 진입난이도 | G10: 주간 소요시간 | H10: 체력부담 | I10: 지표 근거 · 비고
B11: 값 | C11: ₩ 50만 미만 | D11: 120만원~200만원 | E11: ↗ 보통 | F11: ★★ | G11: 주 15~30시간 | H11: 중 | I11: 시급 12000원 기준 하루 5시간, 주 5일 근무시 월 120만원 ( 보통 시급 12000원~15000원선)
B12: ③ 하는 일
B13: 하는 일 (3줄 요약) | C13: 콘텐츠 제작 : 판매 상품이나 서비스에 대한 영상 및 사진을 기획의도에 맞게 촬영하고 편집하여 다양한 정보성 콘텐츠를 제작 업로드 및 관리 : 다수의 SNS 채널을 관리하며 제품이나 서비스에 관련 글을 주기적으로 올리면서 브랜드 인지도를 관리 댓글 및 Q&A 응대 : 소비자 반응이나 문의가 오면 신속하게 응대하여 예약 또는 계약 등 매출로 연결될 수 있도록 노력
B14: ④ 일자리 수요 근거
B15: 수요처 유형 · 규모 · 증감 추세 | C15: 오프라인 시장보다 사회관계망 중심의 광고 비중이 확대되고 있어 소상공인이나 자영업자들도 직접 하기 어려운 온라인 마케팅을 대신 처리해주는 sns 운영 대행 서비스를 필요로 하고 있어 향후 더욱 수요가 늘 것으로 예상.
B16: 뒷받침 근거 | C16: 플랫폼 거래량 | E16: 크몽 기준 블로그관리 2528개 서비스, 인스타관리 843개 서비스, 유튜브관리 307개 서비스, 릴스쇼츠틱톡관리 195개 서비스 존재
B17: ⑤ 진입 방법
B18: 필요 자격 · 교육 | C18: 국가공인자격증은 없고 SNS마케팅대행전문가 자격증(HBIZ 발급) 등 다양한 민간등록자격증이 존재. 지자체에서도 SNS크리에이터 과정, 영상편집과정 등 해당직업에 도움이 되는 다수의 강의 운영중
B19: 초기 준비물 · 비용 | C19: 민간등록자격증은 대부분 무료강의로 진행되며 수료후 시험 통과 자격증 발급시 8~10만원 정도 소요.
B20: 일감 얻는 경로 (플랫폼·기관 실명) | C20: 알바몬에 보면 여러 업체에서 블로그. SNS 전담 운영자를 모집중이며, 숨고나 크몽 등 직영플랫폼을 활용하여 자신의 경력이나 관련경험을 소개하며 일감을 직접 수주하는 방식으로 수익창출 가능
B21: ⑥ N잡 적합성 검증
B22: 10조건 | C22: ①시간 유연성 | D22: ②체력 감당 | E22: ③직업 이미지 | F22: ④재미 | G22: ⑤전문성 축적 | H22: ⑥일한 만큼 이상 수익 | I22: ⑦우상향 수익 | J22: ⑧충분한 수요 | K22: ⑨진입 가능성 | L22: ⑩직업적 자부심
B23: 판정 ○ △ ✕ | C23: ○ | D23: ○ | E23: ○ | F23: ○ | G23: ○ | H23: ○ | I23: ○ | J23: ○ | K23: ○ | L23: ○
B24: 판정 근거 (△·✕ 위주로) | C24: 실제 해당직업 구인 광고가 많아 글쓰기 재주와 꾸준함만 있다면 어렵지 않게 업체에 취업하는 형태로 일자리를 얻을 수 있음. 본인 노하우가 쌓이면 독립하여 크몽이나 숨고 등을 통해 일감을 계약해 보다 유연하게 작업 가능
B25: 종합 판정 | C25: 적합 | E25: 모두 o로 적합 판정
B26: ⑦ 실제 종사자 (1명)
B27: 이름 · 소속 · 경력 | C27: 한결마케팅 / 7년간 기업 마케팅 팀장 근무 / 본인 학원, 독서실 운영 경험
B28: 확인 출처 (기사·인터뷰·블로그·유튜브·플랫폼 프로필 등) | C28: 업종별 마케팅, 검색 최적화(SEO) 전문가 한결마케팅 - 크몽
B29: 컨택 포인트 (연락처·이메일·SNS·소속 기관) | C29: 0504-0901-1116 /크몽페이지에서도 질의 가능
B30: 인터뷰 가능성 | C30: 하 | E30: 블로그 운영대행 의뢰가 아니기 때문에 서면인터뷰를 요청하는 문의에 답변할지 미지수
B31: ⑧ 참고 URL (오른쪽 끝 칸 = 확인일)
B32: URL ① | C32: https://kmong.com/gig/507681 크몽 : 블로그 운영대행 27만원
B33: URL ② | C33: https://kmong.com/gig/759059#194 크몽 : 인스타, 틱톡 등 계정 세팅 및 운영대행 120만원~300만원
B34: URL ③ | C34: https://www.albamon.com/jobs/detail/119108999 유건컴퍼니 유튜브, 인스타, 블로그 운영 및 계정관리 담당자 모집
B35: URL ④ | C35: https://www.albamon.com/jobs/detail/118954300 보룡약국 쿠팡, 스마트스토어, 블로그 운영직원 구인
B36: URL ⑤ | C36: https://blog.naver.com/newjin14/224395865778 https://www.secondsalary.co.kr/news/articleView.html?idxno=55
B38: ※ 연노랑 칸에 입력합니다. L열은 확인일입니다.

Sheet 003_온라인 사무지원 프리랜서
B2: Job No. 003 온라인 사무지원 프리랜서
B3: 1. 디지털·AI 실무형 | 워크위즈 N잡스쿨 · 잡별 시장조사 시트
B5: ① 기본 정보
B6: 직업명 · 별칭 | C6: 온라인 사무지원 프리랜서
B7: 한 줄 소개 (30자 내외)
B8: 수집 상태 · 담당자 | C8: 미착수
B9: ② 핵심 지표 6종
B10: 지표 | C10: 초기비용 | D10: 월수익(만원) | E10: 성장성 | F10: 진입난이도 | G10: 주간 소요시간 | H10: 체력부담 | I10: 지표 근거 · 비고
B11: 값
B12: ③ 하는 일
B13: 하는 일 (3줄 요약)
B14: ④ 일자리 수요 근거
B15: 수요처 유형 · 규모 · 증감 추세
B16: 뒷받침 근거
B17: ⑤ 진입 방법
B18: 필요 자격 · 교육
B19: 초기 준비물 · 비용
B20: 일감 얻는 경로 (플랫폼·기관 실명)
B21: ⑥ N잡 적합성 검증
B22: 10조건 | C22: ①시간 유연성 | D22: ②체력 감당 | E22: ③직업 이미지 | F22: ④재미 | G22: ⑤전문성 축적 | H22: ⑥일한 만큼 이상 수익 | I22: ⑦우상향 수익 | J22: ⑧충분한 수요 | K22: ⑨진입 가능성 | L22: ⑩직업적 자부심
B23: 판정 ○ △ ✕
B24: 판정 근거 (△·✕ 위주로)
B25: 종합 판정
B26: ⑦ 실제 종사자 (1명)
B27: 이름 · 소속 · 경력 | C27: 한성아이디 인테리어업체 내 수리홈즈(A/S 전담부서) 중년 여직원
B28: 확인 출처 (기사·인터뷰·블로그·유튜브·플랫폼 프로필 등)
B29: 컨택 포인트 (연락처·이메일·SNS·소속 기관) | C29: 010-6625-1876
B30: 인터뷰 가능성 | C30: 중
B31: ⑧ 참고 URL (오른쪽 끝 칸 = 확인일)
B32: URL ①
B33: URL ②
B34: URL ③
B35: URL ④
B36: URL ⑤
B38: ※ 연노랑 칸에 입력합니다. L열은 확인일입니다.

Sheet 004_숏폼 영상 편집자
B2: Job No. 004 숏폼 영상 편집자
B3: 1. 디지털·AI 실무형 | 워크위즈 N잡스쿨 · 잡별 시장조사 시트
B5: ① 기본 정보
B6: 직업명 · 별칭 | C6: 숏폼 영상 편집자
B7: 한 줄 소개 (30자 내외) | C7: SNS용 짧은 영상을 빠르게 만들고 반복해서 의뢰받아 돈을 버는 직업
B8: 수집 상태 · 담당자 | C8: 수집중 | E8: 박나경
B9: ② 핵심 지표 6종
B10: 지표 | C10: 초기비용 | D10: 월수익(만원) | E10: 성장성 | F10: 진입난이도 | G10: 주간 소요시간 | H10: 체력부담 | I10: 지표 근거 · 비고
B11: 값 | C11: ₩₩ 50~300만 | D11: 30~100만원 | E11: ↗↗ 높음 | F11: ★★ | G11: 주 15~30시간 | H11: 하 | I11: 초기 : 건당 1만원~2만원, 월 50만원 이하 경력 프리랜서 : 반복고객, 월 계약 등으로 월 150만원 전문 편집자 : 고단가 광고, 정기계약 등으로 350만원~
B12: ③ 하는 일
B13: 하는 일 (3줄 요약) | C13: 원본 영상 편집 : 인터뷰, 강의, 팟캐스트 등 긴 영상의 핵심부분을 골라 15~60초 정도의 영상으로 만듬 소상공인 홍보영상 제작 : 음식점, 미용실, 병원, 온라인 브랜드 등의 제품이나 서비스를 홍보하는 영상 제작 채널 운영용 콘텐츠 정기 납품 : 매달 8~30개 등 일정 수량의 영상을 만들어 납품
B14: ④ 일자리 수요 근거
B15: 수요처 유형 · 규모 · 증감 추세 | C15: 개인 크리에이터들의 쇼츠나 하일라이트 영상 촬영, 제작/ 광고 대행사로부터 외주계약 / 온라인 쇼핑몰이나 일반기업 홍보부서 근무 / 지역 소상공인들의 홍보영상 촬영 제작/ 방송, 미디어, 교육업체의 방송클립 재가공 담당자로 취업 나스미디어는 글로벌 숏폼 산업 성장 가능성을 2021년 60조원에서 2026년 187조원으로 예상.
B16: 뒷받침 근거 | C16: 플랫폼 거래량 | E16: 『2025~2035 정성적 일자리 전망』 발간 | 고용노동부 > 뉴스·소식 > 보도·설명 > 보도자료
B17: ⑤ 진입 방법
B18: 필요 자격 · 교육 | C18: 편집도구 활용능력이 중요하므로 무료 온오프라인 강의나 고용24 등의 영상편집 제작 관련 훈련 적극 활용 단순 편집보다는 영상 기획력, 시청자가 관심을 끄는 구성, 브랜드별 스타일 차이 부각 까지 할 수 있는 편집자가 유리
B19: 초기 준비물 · 비용 | C19: 영상편집용 컴퓨터(100만원), 편집 프로그램(구독료 월 10만원), 관련교육 수강료(10~50만원), 저장장치(외장 SSD 등 8만~20만원)
B20: 일감 얻는 경로 (플랫폼·기관 실명) | C20: 크몽, 숨고, 위시켓 등에서 숏폼 편집 서비스 등록 / 사람인, 잡코리아 등 채용사이트에서 숏폼 편집자, 영상 콘텐츠 제작자 검색, 지원 / 마케팅 대행사에 외주 편집자로 지원
B21: ⑥ N잡 적합성 검증
B22: 10조건 | C22: ①시간 유연성 | D22: ②체력 감당 | E22: ③직업 이미지 | F22: ④재미 | G22: ⑤전문성 축적 | H22: ⑥일한 만큼 이상 수익 | I22: ⑦우상향 수익 | J22: ⑧충분한 수요 | K22: ⑨진입 가능성 | L22: ⑩직업적 자부심
B23: 판정 ○ △ ✕ | C23: ○ | D23: ○ | E23: ○ | F23: ○ | G23: ○ | H23: △ | I23: △ | J23: ○ | K23: ○ | L23: △
B24: 판정 근거 (△·✕ 위주로) | C24: 현실적으로 영상편집 실력이 좋은 20~30대 편집자들과 제작속도, 완성도 등 경쟁해야 하므로 중장년이 제작단가를 높이거나 우상향 수익을 확정할 수 없음. 또한 숏폼 제작 AI 들이 등장하고 있어 향후 수익화 어려울 가능성. 편집이 직업적 자부심을 준다고도 보기 어려움
B25: 종합 판정 | C25: 적합 | E25: X가 없어 적합 판정
B26: ⑦ 실제 종사자 (1명)
B27: 이름 · 소속 · 경력
B28: 확인 출처 (기사·인터뷰·블로그·유튜브·플랫폼 프로필 등)
B29: 컨택 포인트 (연락처·이메일·SNS·소속 기관)
B30: 인터뷰 가능성
B31: ⑧ 참고 URL (오른쪽 끝 칸 = 확인일)
B32: URL ① | C32: https://www.albamon.com/jobs/detail/119869597?searchRow=11&searchKeyword=%EC%98%81%EC%83%81%20%ED%8E%B8%EC%A7%91&productCount=1&logpath=1&sc=508 시급 15000원
B33: URL ② | C33: https://www.albamon.com/total-search?keyword=%EC%88%8F%ED%8F%BC%20%EC%A0%9C%EC%9E%91 | L33: 건별 9만원
B34: URL ③ | C34: https://biz.heraldcorp.com/article/10908079?ref=naver
B35: URL ④ | C35: https://www.enetnews.co.kr/news/articleView.html?idxno=48426
B36: URL ⑤ | C36: https://www.artmore.kr/sub/recruit/search_view.do?rec_idx=94911
B38: ※ 연노랑 칸에 입력합니다. L열은 확인일입니다.

Sheet 005_데이터 라벨러
B2: Job No. 005 데이터 라벨러
B3: 1. 디지털·AI 실무형 | 워크위즈 N잡스쿨 · 잡별 시장조사 시트
B5: ① 기본 정보
B6: 직업명 · 별칭 | C6: 데이터 라벨러
B7: 한 줄 소개 (30자 내외) | C7: 인공지능이 스스로 학습할 수 있도록 원시데이터에 태그를 달아주는 작업
B8: 수집 상태 · 담당자 | C8: 완료 | E8: 박나경
B9: ② 핵심 지표 6종
B10: 지표 | C10: 초기비용 | D10: 월수익(만원) | E10: 성장성 | F10: 진입난이도 | G10: 주간 소요시간 | H10: 체력부담 | I10: 지표 근거 · 비고
B11: 값 | C11: ₩ 50만 미만 | D11: 200만원 | E11: ↗ 보통 | F11: ★ | G11: 주 15~30시간 | H11: 하
B12: ③ 하는 일
B13: 하는 일 (3줄 요약) | C13: AI가 학습 데이터를 인식하도록 데이터의 특징을 정의하거나 수정하는 역할. 사진이나 영상 속 객체(사람, 자동차 등)의 외곽선을 네모 박스로 감싸 위치를 지정하는 작업/ 사진이 무엇인지(고양이, 쥐 등) 이름표를 붙이는 작업/ 의료 AI나 자율주행 AI 등을 위해 객체의 모양을 따라 정교하게 선을 따내는 작업/ 챗봇을 위한 질의응답 말뭉치 구축, 음성인식 AI를 위한 받아쓰기나 감정 라벨링 등의 역할 수행
B14: ④ 일자리 수요 근거
B15: 수요처 유형 · 규모 · 증감 추세 | C15: 국내 AI 시장이 거대 언어모델과 생성형 위주로 폭발적으로 성장중인 가운데 AI성능의 80% 이상은 데이터 품질이 결정하므로, 이를 정교하게 가공할 인력의 수요는 꾸준함. 누구나 할 수 있는 단순 반복 업무가 많음. 라벨링 자동화 기술이 발전하고 있지만 여전히 사람이 최종 확인해야하는 단계가 필수적이라 당분간은 수요가 있음. 다만 단순 노동형 일자리는 점차 숙련도가 높은 쪽으로 재편될 가능성.
B16: 뒷받침 근거 | C16: 법제도·정책 | E16: https://www.dailysecu.com/news/articleView.html?idxno=208256
B17: ⑤ 진입 방법
B18: 필요 자격 · 교육 | C18: 지자체 여성인력개발센터 또는 중장년일자리지원센터, 서울시50플러스 등에서 데이터라벨러 양성과정(보통 2개월)을 주기적으로 개설중 / 데이터라벨링 전문기업인 클라우드웍스 등에서도 교육과정을 운영/
B19: 초기 준비물 · 비용 | C19: 지자체 무료 교육이 많아 초기 비용은 거의 들지 않음
B20: 일감 얻는 경로 (플랫폼·기관 실명) | C20: 에이아이웍스, 클라우드웍스 등에서 데이터라벨러 모집 공고가 수시로 뜸. 알바몬이나 사람인 등에서 데이터라벨링으로 검색하면 포티투닷(자율주행 데이터), 알체라(비대면 본인인증 서비스) 등과 같은 기업에서 데이터 라벨링, 가공, 검수자를 지속 모집
B21: ⑥ N잡 적합성 검증
B22: 10조건 | C22: ①시간 유연성 | D22: ②체력 감당 | E22: ③직업 이미지 | F22: ④재미 | G22: ⑤전문성 축적 | H22: ⑥일한 만큼 이상 수익 | I22: ⑦우상향 수익 | J22: ⑧충분한 수요 | K22: ⑨진입 가능성 | L22: ⑩직업적 자부심
B23: 판정 ○ △ ✕ | C23: ○ | D23: ○ | E23: △ | F23: △ | G23: ○ | H23: △ | I23: △ | J23: ○ | K23: ○ | L23: △
B24: 판정 근거 (△·✕ 위주로) | C24: 초기 진입이 비교적 쉽고 알바 자리를 많이 뽑고 있으나 초보는 건당 100원~300원 단위로 페이가 주어져 노동대비 수익이 낮음. 그러나 이 고비를 넘기고, 꾸준하게 공개모집 프로젝트에 참여하거나, 데이터라벨링 기업에 프로젝트성 단기 취업하게 된다면 안정적으로 월 220만원 이상의 월급을 받을 수 있음
B25: 종합 판정 | C25: 적합 | E25: 꾸준한 수입을 얻기는 어려울 수 있으나 일감이 있을 때에는 경력자가 확실한 우위를 점할 수 있어 N잡의 한 갈래로 갖고 가기에 적합
B26: ⑦ 실제 종사자 (1명)
B27: 이름 · 소속 · 경력 | C27: 서유진 / aiworks / 5년
B28: 확인 출처 (기사·인터뷰·블로그·유튜브·플랫폼 프로필 등) | C28: 강남 신중년센터 ai데이터라벨러 강사로 만남. 수상생들에게 데이터라벨링 일자리를 몇개 소개해주시기도 함. 본인을 n잡러라고 소개
B29: 컨택 포인트 (연락처·이메일·SNS·소속 기관) | C29: 010-3042-7176 dbwls403@naver.com
B30: 인터뷰 가능성 | C30: 상 | E30: 직접 연락했고 서면 인터뷰 가능하다는 답변 받음
B31: ⑧ 참고 URL (오른쪽 끝 칸 = 확인일)
B32: URL ① | C32: https://www.dailysecu.com/news/articleView.html?idxno=208257 | L32: 26.8
B33: URL ② | C33: https://www.wikitree.co.kr/articles/1155878 | L33: 26.8
B34: URL ③ | C34: https://www.hansbiz.co.kr/news/articleView.html?idxno=860536 | L34: 26.8
B35: URL ④ | C35: https://biz.heraldcorp.com/article/10822732?ref=naver | L35: 26.7
B36: URL ⑤ | C36: https://www.albamon.com/total-search?keyword=%EB%8D%B0%EC%9D%B4%ED%84%B0%EB%9D%BC%EB%B2%A8%EB%A7%81 | L36: 26.8
B38: ※ 연노랑 칸에 입력합니다. L열은 확인일입니다.

Sheet 006_앱 사용성 평가원
B2: Job No. 006 앱 사용성 평가원
B3: 1. 디지털·AI 실무형 | 워크위즈 N잡스쿨 · 잡별 시장조사 시트
B5: ① 기본 정보
B6: 직업명 · 별칭 | C6: 앱 사용성 평가원
B7: 한 줄 소개 (30자 내외)
B8: 수집 상태 · 담당자 | C8: 미착수
B9: ② 핵심 지표 6종
B10: 지표 | C10: 초기비용 | D10: 월수익(만원) | E10: 성장성 | F10: 진입난이도 | G10: 주간 소요시간 | H10: 체력부담 | I10: 지표 근거 · 비고
B11: 값
B12: ③ 하는 일
B13: 하는 일 (3줄 요약)
B14: ④ 일자리 수요 근거
B15: 수요처 유형 · 규모 · 증감 추세
B16: 뒷받침 근거
B17: ⑤ 진입 방법
B18: 필요 자격 · 교육
B19: 초기 준비물 · 비용
B20: 일감 얻는 경로 (플랫폼·기관 실명)
B21: ⑥ N잡 적합성 검증
B22: 10조건 | C22: ①시간 유연성 | D22: ②체력 감당 | E22: ③직업 이미지 | F22: ④재미 | G22: ⑤전문성 축적 | H22: ⑥일한 만큼 이상 수익 | I22: ⑦우상향 수익 | J22: ⑧충분한 수요 | K22: ⑨진입 가능성 | L22: ⑩직업적 자부심
B23: 판정 ○ △ ✕
B24: 판정 근거 (△·✕ 위주로)
B25: 종합 판정
B26: ⑦ 실제 종사자 (1명)
B27: 이름 · 소속 · 경력
B28: 확인 출처 (기사·인터뷰·블로그·유튜브·플랫폼 프로필 등)
B29: 컨택 포인트 (연락처·이메일·SNS·소속 기관)
B30: 인터뷰 가능성
B31: ⑧ 참고 URL (오른쪽 끝 칸 = 확인일)
B32: URL ①
B33: URL ②
B34: URL ③
... B38: ※ 연노랑 칸에 입력합니다. L열은 확인일입니다.

Sheet 007_상세페이지 디자이너
B2: Job No. 007 상세페이지 디자이너
B3: 1. 디지털·AI 실무형 | 워크위즈 N잡스쿨 · 잡별 시장조사 시트
B5: ① 기본 정보
B6: 직업명 · 별칭 | C6: 상세페이지 디자이너
B7: 한 줄 소개 (30자 내외) | C7: 쇼핑몰 상품을 더 잘 이해하고 사고 싶게 만드는 웹페이지를 만드는 일
B8: 수집 상태 · 담당자 | C8: 완료 | E8: 박나경
B9: ② 핵심 지표 6종
B10: 지표 | C10: 초기비용 | D10: 월수익(만원) | E10: 성장성 | F10: 진입난이도 | G10: 주간 소요시간 | H10: 체력부담 | I10: 지표 근거 · 비고
B11: 값 | C11: ₩ 50만 미만 | D11: 220만원 | E11: → 정체 | F11: ★★★ | G11: 주 15~30시간 | H11: 하 | I11: https://www.albamon.com/total-search?keyword=%EC%83%81%ED%92%88%20%ED%8E%98%EC%9D%B4%EC%A7%80%20%EC%A0%9C%EC%9E%91&type=SKL
B12: ③ 하는 일
B13: 하는 일 (3줄 요약) | C13: 상품 특징, 경쟁 제품, 타깃 고객을 조사하고 핵심 장점을 정리 / 고객이 어떤 정보를 알아야 구매할지 순서를 설계 / 제품 누끼 작업, 색상 보정, 합성, 이미지 연출 등 진행. 촬영을 추가하기도 함 / 상품 사진, 문구, 아이콘, 색상, 글꼴을 조합해 상세페이지를 제작 / 쇼핑몰 메인 배너, 상품 썸네일, 할인 행사 이미지 등을 만들기도 함 / 브랜드의 여러 상품 페이지를 통일된 스타일로 제작하고, 신제품 출시 때마다 디자인을 추가
B14: ④ 일자리 수요 근거
B15: 수요처 유형 · 규모 · 증감 추세 | C15: 온라인 쇼핑몰, 스마트스토어 사업자 등으로부터 소규모 제작 의뢰를 받을 수 있음 / 온라인 유통, 이커머스 기업들의 상품 등록, 콘텐츠 디자인 의뢰 수요가 꾸준함 / 화장품, 식품, 패션 브랜드의 신제품 페이지나 브랜드 콘텐츠 제작 수요도 늘 있음 온라인 판매 채널이 다양하고 브랜드간 경쟁이 치열해 비슷한 상품사이 차별점을 보여주기 위한 콘텐츠 제작 수요는 꾸준. AI로 인해 기본적인 이미지 배치나 디자인으로는 점점 수익화가 어려울 가능성
B16: 뒷받침 근거 | C16: 복합
B17: ⑤ 진입 방법
B18: 필요 자격 · 교육 | C18: 포토샵, 일러스트레이터, 캔바 등 실무 제작 디자인툴 사용법을 익혀야 함.
B19: 초기 준비물 · 비용 | C19: 가상의 상품 3개 정도 선정해 다른 컨셉으로 상세페이지를 제작한 포트폴리오 준비. 디자인 프로그램(5~8만원) 구독, 기초강의(20~30만원) 수강 등 초기 투자비용 10~50만원 소요
B20: 일감 얻는 경로 (플랫폼·기관 실명) | C20: 크몽에 상세페이지 제작 서비스를 상품으로 등록 / 숨고에 고객 요청에 맞춰 견적 제시 / 사람인, 잡코리아, 알바몬 등 채용정보사이트에 상세페이지 디자이너, 이커머스 디자이너, 쇼핑몰 콘텐츠 디자이너 등으로 검색 / 인스타, 블로그 등에 작업 과정을 공개하며 의뢰 수주
B21: ⑥ N잡 적합성 검증
B22: 10조건 | C22: ①시간 유연성 | D22: ②체력 감당 | E22: ③직업 이미지 | F22: ④재미 | G22: ⑤전문성 축적 | H22: ⑥일한 만큼 이상 수익 | I22: ⑦우상향 수익 | J22: ⑧충분한 수요 | K22: ⑨진입 가능성 | L22: ⑩직업적 자부심
B23: 판정 ○ △ ✕ | C23: ○ | D23: ○ | E23: ○ | F23: ○ | G23: ○ | H23: △ | I23: △ | J23: ○ | K23: ○ | L23: △
B24: 판정 근거 (△·✕ 위주로) | C24: 상세페이지 디자이너는 숏폼 제작자와 마찬가지로 디자인툴 숙련도가 더 나은 젊은 세대와 경쟁한다는 점에서 우상향 수익이나 일한만큼 이상의 수익이 확실치 않음. 그러나 건당 업무를 맡아 큰 시간 제약없이 다른 N잡과 병행하기 용이
B25: 종합 판정 | C25: 적합 | E25: X가 없어 적합 판정
B26: ⑦ 실제 종사자 (1명)
B27: 이름 · 소속 · 경력 | C27: 디자인몽땅 크몽 상위 2% 전문가, 웹에이전시 디자인팀 7년, 프리덴 소파 디자인팀 1.2년, 프리랜서 10년
B28: 확인 출처 (기사·인터뷰·블로그·유튜브·플랫폼 프로필 등) | C28: https://kmong.com/gig/541284
B29: 컨택 포인트 (연락처·이메일·SNS·소속 기관) | C29: UI/UX 디자인, 마케팅 디자인 전문가 디자인몽땅 - 크몽
B30: 인터뷰 가능성
B31: ⑧ 참고 URL (오른쪽 끝 칸 = 확인일)
B32: URL ① | C32: https://www.albamon.com/jobs/detail/119709133?searchRow=1&searchKeyword=%EC%98%81%EC%83%81%20%ED%8E%B8%EC%A7%91&productCount=2&logpath=1&sc=508 시급 15000원
B33: URL ② | C33: https://www.albamon.com/total-search?keyword=%EC%83%81%ED%92%88%20%ED%8E%98%EC%9D%B4%EC%A7%80%20%EC%A0%9C%EC%9E%91&type=SKL
B34: URL ③ | C34: https://www.albamon.com/jobs/detail/502063506
B35: URL ④ | C35: https://www.jobkorea.co.kr/Search/?stext=%EC%83%81%ED%92%88%ED%8E%98%EC%9D%B4%EC%A7%80%EC%9E%91%EC%97%85&FeatureCode=SKL&tabType=recruit | L35: 연봉 2600만원
B36: URL ⑤ | C36: https://www.saramin.co.kr/zf_user/jobs/relay/view?rec_idx=55165153&view_type=search
B38: ※ 연노랑 칸에 입력합니다. L열은 확인일입니다.

Sheet 008_유해콘텐츠 모니터링 요원
B2: Job No. 008 유해콘텐츠 모니터링 요원
B3: 1. 디지털·AI 실무형 | 워크위즈 N잡스쿨 · 잡별 시장조사 시트
B5: ① 기본 정보
B6: 직업명 · 별칭 | C6: 유해콘텐츠 모니터링 요원
B7: 한 줄 소개 (30자 내외)
B8: 수집 상태 · 담당자 | C8: 미착수
B9: ② 핵심 지표 6종
B10: 지표 | C10: 초기비용 | D10: 월수익(만원) | E10: 성장성 | F10: 진입난이도 | G10: 주간 소요시간 | H10: 체력부담 | I10: 지표 근거 · 비고
B11: 값
B12: ③ 하는 일
B13: 하는 일 (3줄 요약)
B14: ④ 일자리 수요 근거
B15: 수요처 유형 · 규모 · 증감 추세
B16: 뒷받침 근거
B17: ⑤ 진입 방법
B18: 필요 자격 · 교육
B19: 초기 준비물 · 비용
B20: 일감 얻는 경로 (플랫폼·기관 실명)
B21: ⑥ N잡 적합성 검증
B22: 10조건 | C22: ①시간 유연성 | D22: ②체력 감당 | E22: ③직업 이미지 | F22: ④재미 | G22: ⑤전문성 축적 | H22: ⑥일한 만큼 이상 수익 | I22: ⑦우상향 수익 | J22: ⑧충분한 수요 | K22: ⑨진입 가능성 | L22: ⑩직업적 자부심
B23: 판정 ○ △ ✕
B24: 판정 근거 (△·✕ 위주로)
B25: 종합 판정
B26: ⑦ 실제 종사자 (1명)
B27: 이름 · 소속 · 경력
B28: 확인 출처 (기사·인터뷰·블로그·유튜브·플랫폼 프로필 등)
B29: 컨택 포인트 (연락처·이메일·SNS·소속 기관)
B30: 인터뷰 가능성
B31: ⑧ 참고 URL (오른쪽 끝 칸 = 확인일)
B32: URL ①
B33: URL ②
B34: URL ③
... B38: ※ 연노랑 칸에 입력합니다. L열은 확인일입니다.

Sheet 009_경영 컨설턴트
B2: Job No. 009 경영 컨설턴트
B3: 2. 경영·창업 자문형 | 워크위즈 N잡스쿨 · 잡별 시장조사 시트
B5: ① 기본 정보
B6: 직업명 · 별칭 | C6: 경영 컨설턴트
B7: 한 줄 소개 (30자 내외) | C7: 기업의 여러 분야 경영 문제를 진단하고 개선 방안을 제시하는 일
B8: 수집 상태 · 담당자 | C8: 완료 | E8: 담당 : 정재웅
B9: ② 핵심 지표 6종
B10: 지표 | C10: 초기비용 | D10: 월수익(만원) | E10: 성장성 | F10: 진입난이도 | G10: 주간 소요시간 | H10: 체력부담 | I10: 지표 근거 · 비고
B11: 값 | C11: ₩₩ 50~300만 | D11: 100~300 | E11: ↗ 보통 | F11: ★★★★★ | G11: 주 5~15시간 | H11: 하 | I11: - 겸업 컨설턴트 : 150~300만원/월 (공공 및 민간기업 자문) - 전업 컨설턴트 : 300~700만원/월(프리랜서), 500~800만원/월(컨설팅펌/상주 전문위원)"
B12: ③ 하는 일
B13: 하는 일 (3줄 요약) | C13: - 경영 진단 및 문제 분석: 기업의 재무, 마케팅, 인사 등 전반적인 운영 상태를 객관적으로 분석하여 핵심 원인과 비효율 요소를 도출 - 전략 수립 및 해결책 제안: 분석된 데이터를 바탕으로 기업의 성장을 위한 중장기 사업 전략, 신사업 진출 방안, 비용 절감 등의 솔루션 제공 - 실행 지원 및 변화 관리: 제안된 전략이 현업에 잘 안착할 수 있도록 프로세스 개선하고, 조직 구조 개편 및 임직원 교육 등 변화 관리 지원
B14: ④ 일자리 수요 근거
B15: 수요처 유형 · 규모 · 증감 추세 | C15: - 수요처 : 대기업 및 중견그룹 전략·혁신 조직. 정부 산하 기관 및 공공 공기업, 창업보육센터 및 벤처캐피털(VC) · 액셀러레이터 - 시장 규모 : 국내 전체 경영컨설팅 시장(약 6조 원 이상) 중, 시니어 및 파트너급 전문 자문 영역은 시장의 약 40~50% (약 2조 5천억~3조원) - 증감 추세 : 지속적으로 우상향 (고물가·고환율 등 복합 경제 위기와 급격한 기술 변화(AI·DX)라는 환경)
B16: 뒷받침 근거 | C16: 복합 | E16: - 대기업 및 중견기업, 정부 산하기관 및 공공 공기업, 창업보육센터 및 벤처캐피털, 엑셀러레이터 등
B17: ⑤ 진입 방법
B18: 필요 자격 · 교육 | C18: - 경력 : 재무, 인사, IT, 제조, 연구개발 등 분야에서 10년 이상 현업 경력 - 자격증 : 경영지도사 및 기술지도사, 국제 공인 경영컨설턴트(CMC): 국제컨설팅협회(ICMCI) - 교육 : 1) 민간·기관 인증 컨설턴트 과정: 한국능률협회컨설팅(KMAC)이나 한국생산성본부(KPC) 2) 시니어 및 엑셀러레이터 특화 과정: 시니어 전문 액셀러레이터 및 컨설턴트 양성 과정 (예: 지자체·투자사 연계 프로그램)
B19: 초기 준비물 · 비용 | C19: - 초기 자본 (지식 서비스업 특성): 100만 원 미만~수백만원 수준 최소 자본. 개인 노트북, 전문 오피스 소프트웨어, 명함 및 프로필 제작 비용 - 사무실 및 인프라 비용: 초기에는 독립 사무실 대신, 소상공인진흥공단이나 지자체에서 운영하는 창업보육센터, 공유오피스(월 20~50만 원) 사용
B20: 일감 얻는 경로 (플랫폼·기관 실명) | C20: - 정부 및 공공기관 지원 사업: 중소벤처기업부, 중소기업중앙회, 각 지자체 및 테크노파크가 주관 기관 등에 전문 위원으로 등록. - 유관기관 및 산학협력 기관(창조경제혁신센터, 테크노파크, 각 대학 산학협력단, 소상공인시장진흥공단 등) 전문가(멘토·컨설턴트) 인력 풀 등록 - 전문 네트워크 및 헤드헌팅 플랫폼: B2B 전문가 네트워크 플랫폼(예: 타이거컴퍼니, 로켓펀치 등 국내외 링크드인 및 프리미엄 자문 플랫폼)에 등록 - 지인 영업 및 업계 다이렉트 네트워킹: 이전 직장 경력, 기존 비즈니스 네트워크(산업계 지인, 거래처), 중소기업 CEO 모임이나 세미나 참석
B21: ⑥ N잡 적합성 검증
B22: 10조건 | C22: ①시간 유연성 | D22: ②체력 감당 | E22: ③직업 이미지 | F22: ④재미 | G22: ⑤전문성 축적 | H22: ⑥일한 만큼 이상 수익 | I22: ⑦우상향 수익 | J22: ⑧충분한 수요 | K22: ⑨진입 가능성 | L22: ⑩직업적 자부심
B23: 판정 ○ △ ✕ | C23: ○ | D23: ○ | E23: ○ | F23: △ | G23: ○ | H23: ○ | I23: ○ | J23: △ | K23: △ | L23: ○
B24: 판정 근거 (△·✕ 위주로) | C24: ④ △ — 컨설팅 대상 기업에서 성과가 날 때 재미가 있으나 그렇지 않은 경우 재미가 없을 수 있음. ⑧ △ — 컨설팅 성과 및 영업 역량에 따라 고객 수요가 유동적일 수 있음. ⑨ △ — 10년 이상 특정 분야에서 검증된 경력과 평판이 필요.
B25: 종합 판정 | C25: 적합 | E25: 10조건 중 7개 통과, 3개 조건부
B26: ⑦ 실제 종사자 (1명)
B27: 이름 · 소속 · 경력 | C27: - 장동철 / 컨설턴트 & 작가 / 현대차, 모비스 인사부문 경력 29년(부사장 은퇴), 현재 경영컨설턴트 (경력 4년) 및 도서 작가 (저서 2권)
B28: 확인 출처 (기사·인터뷰·블로그·유튜브·플랫폼 프로필 등) | C28: - 인터뷰 기사 (URL ①). 지식인사이드 인터뷰 동영상 (URL ②, 198만뷰), 간략 프로필과 저서 소개 (URL ③) - 저서 : <완생, 좋은 삶을 위한 성공의기술(2024, 공저)>, <제법 괜찮은 리더가 되고픈 당신에게(2022)> 도서 저자
B29: 컨택 포인트 (연락처·이메일·SNS·소속 기관) | C29: - Email : just6392@naver.com
B30: 인터뷰 가능성 | C30: 중 | E30: - 대기업 및 중소기업 등 HR 및 리더십 분야 강사 경험이 풍부한데 많이 사양하는 편임 (현대차 입사 동기)
B31: ⑧ 참고 URL (오른쪽 끝 칸 = 확인일)
B32: URL ① | C32: https://publy.co/content/7746?fr=profile
B33: URL ② | C33: https://www.youtube.com/watch?v=kP5H1p4ZPnw
B34: URL ③ | C34: https://www.aladin.co.kr/author/wauthor_overview.aspx?AuthorSearch=@9068189
B35: URL ④
B36: URL ⑤
B38: ※ 연노랑 칸에 입력합니다. L열은 확인일입니다.

Sheet 010_소상공인 컨설턴트
B2: Job No. 010 소상공인 컨설턴트
B3: 2. 경영·창업 자문형 | 워크위즈 N잡스쿨 · 잡별 시장조사 시트
B5: ① 기본 정보
B6: 직업명 · 별칭 | C6: 소상공인 컨설턴트
B7: 한 줄 소개 (30자 내외) | C7: 동네 가게와 소상공인의 매출·운영 문제를 현장에서 진단하고 해결을 돕는 일
B8: 수집 상태 · 담당자 | C8: 완료 | E8: 담당 : 정재웅
B9: ② 핵심 지표 6종
B10: 지표 | C10: 초기비용 | D10: 월수익(만원) | E10: 성장성 | F10: 진입난이도 | G10: 주간 소요시간 | H10: 체력부담 | I10: 지표 근거 · 비고
B11: 값 | C11: ₩ 50만 미만 | F11: ★★★★ | G11: 주 5~15시간 | H11: 중
B12: ③ 하는 일
B13: 하는 일 (3줄 요약) | C13: - 경영 진단 및 분석 : 재무 상태, 손익 구조, 매장 운영 프로세스를 분석하여 문제점 파악 - 상권 및 입지 분석, 마케팅 및 홍보 전략, 매장 운영 효율화 등 지원 방안 강구 및 조언 - 정부 지원 사업 연계(소상공인시장진흥공단 등 공공 기관의 지원 정책, 자금 대출, 교육 프로그램 안내 및 신청 지원) - 사업 정리 및 재기 지원 : 폐업 예정이거나 재창업을 준비하는 소상공인을 위한 컨설팅 및 컨설팅 바우처 연계
B14: ④ 일자리 수요 근거
B15: 수요처 유형 · 규모 · 증감 추세 | C15: - 수요처 : 1) 유형일반 소상공인 및 예비 창업자: 요식업, 도소매업, 서비스업 등 생계형 및 독립 자영업자 2) 정부 및 공공기관 : 중소벤처기업부, 소상공인시장진흥공단(소진공), 지방자치단체 및 테크노파크 등 (주요 지원 사업의 수행 주체) 3) 프랜차이즈 가맹점주 : 본사 매뉴얼 적용, 가맹점 수익성 개선 및 노무·세무 자문 필요 집단 4) 재기 및 폐업 예정자 : 사업 정리, 철거 지원, 재창업 패키지 프로그램 참여 대상자 - 시장 규모 : 1) 국내 전체 경영 컨설팅 서비스 시장은 약 6조 원대 이상 규모로 추산. 연평균 8% 이상 성장하는 추세. 2) 소상공인 및 중소기업 대상 컨설팅 시장은 정부의 소상공인 디지털 전환 및 상권 활성화에 연동되어 연간 수천억원 이상의 규모. - 증감 추세 : 디지털 및 AI 전환 수요 급증 (키오스크·배달앱 알고리즘 활용, 온라인 마케팅 등 디지털 전환 컨설팅 수요가 빠르게 늘고 있음)
B16: 뒷받침 근거 | C16: 복합
B17: ⑤ 진입 방법
B18: 필요 자격 · 교육 | C18: - 필요 자격 (공공 및 정부사업 기준) : 1) 경영지도사 또는 기술지도사 등 국가 전문자격증 소지자자격 소지자 2) 학력 및 경력 요건:관련 학과 석사 학위 이상 취득 후, 소상공인 관련 컨설팅 및 교육 실무 경력 보통 3년 이상. 동일 업종 실무 경력 8년 이상, 대학의 창업·경영 관련 학과 겸임교수 또는 강사 경력자 - 교육 및 역량 : 중소벤처기업부 및 소상공인시장진흥공단(소진공) 등에서 주관하는 역량강화 사업의 풀(Pool)에 진입하기 위해 정해진 신규 컨설턴트 소양 및 직무 교육 수료 필요
B19: 초기 준비물 · 비용 | C19: - 노트북, 테블릿 PC 및 S/W, 자격 취득 및 교육 비용, 프로필 및 명함 등 영업 비용 (비용 150 ~ 350만원)
B20: 일감 얻는 경로 (플랫폼·기관 실명) | C20: - 공공기관 및 지원사업 (주 경로): 소상공인시장진흥공단(소진공) 및 중소벤처기업부가 주관하는 소상공인 역량 강화 사업 등의 컨설턴트 풀 등록 - 지자체(서울시, 경기도 및 기초자치단체)나 테크노파크에서 발주하는 지역 소상공인 지원 사업 입찰 및 수행기관 참여 - 오프라인 및 현장 영업 : 소상공인연합회, 지역 상인회, 전통시장 상인회와의 네트워킹을 통한 직접 상담 및 수주 관내 소상공인센터나 일자리센터 등 유관 기관과의 협력 관계 구축 - 온라인 브랜딩 및 마케팅 : 전문 블로그, 브런치, 링크드인(LinkedIn) 등을 통해 실제 경영 진단 및 매출 개선 성공 사례(포트폴리오) 발행
B21: ⑥ N잡 적합성 검증
B22: 10조건 | C22: ①시간 유연성 | D22: ②체력 감당 | E22: ③직업 이미지 | F22: ④재미 | G22: ⑤전문성 축적 | H22: ⑥일한 만큼 이상 수익 | I22: ⑦우상향 수익 | J22: ⑧충분한 수요 | K22: ⑨진입 가능성 | L22: ⑩직업적 자부심
B23: 판정 ○ △ ✕
B24: 판정 근거 (△·✕ 위주로)
B25: 종합 판정 | C25: 적합
B26: ⑦ 실제 종사자 (1명)
B27: 이름 · 소속 · 경력 | C27: - 윤정혜 대표 / (주)이노밸류 / 소상공인 컨설터트 20년 이상. 경영지도사, 컨설팅학 박사
B28: 확인 출처 (기사·인터뷰·블로그·유튜브·플랫폼 프로필 등)
B29: 컨택 포인트 (연락처·이메일·SNS·소속 기관) | C29: - E :
B30: 인터뷰 가능성 | C30: 상
B31: ⑧ 참고 URL (오른쪽 끝 칸 = 확인일)
B32: URL ①
B33: URL ②
B34: URL ③
B35: URL ④
B36: URL ⑤
B38: ※ 연노랑 칸에 입력합니다. L열은 확인일입니다.

Sheet 011_창업 멘토·컨설턴트
B2: Job No. 011 창업 멘토·컨설턴트
B3: 2. 경영·창업 자문형 | 워크위즈 N잡스쿨 · 잡별 시장조사 시트
B5: ① 기본 정보
B6: 직업명 · 별칭 | C6: 창업 멘토·컨설턴트
B7: 한 줄 소개 (30자 내외) | C7: 창업 준비자에게 아이템 검증부터 사업계획, 자금 조달까지 조언하는 일
B8: 수집 상태 · 담당자 | C8: 완료 | E8: 담당 : 정재웅
B9: ② 핵심 지표 6종
B10: 지표 | C10: 초기비용 | D10: 월수익(만원) | E10: 성장성 | F10: 진입난이도 | G10: 주간 소요시간 | H10: 체력부담 | I10: 지표 근거 · 비고
B11: 값 | C11: ₩ 50만 미만 | D11: 100~300 | E11: ↗ 보통 | F11: ★★★★ | G11: 주 5~15시간 | H11: 하 | I11: - 거래처 2~3곳 기준 100~300만원
B12: ③ 하는 일
B13: 하는 일 (3줄 요약) | C13: - 자격 : 기업 경영, 기술 개발, 투자 심사 등의 분야에서 수년간의 실무 경력이 필요. 경영지도사 자격증 필수. - 교육 : 중소벤처기업부 장관이 인정하는 창업기획자 전문인력 양성 교육과정(약 50시간) 수료하는 과정이 대표적.
B14: ④ 일자리 수요 근거
B15: 수요처 유형 · 규모 · 증감 추세 | C15: - 수요처 유형 : 1) 공공 및 지원기관 (창업진흥원, 중소벤처기업부 산하 기관, 전국 창조경제혁신센터, 테크노파크, 대학 산학협력단 등) 2) 민간 창업 생태계 (액셀러레이터(AC), 벤처캐피털(VC), 민간 창업보육센터, 공유오피스 입주 스타트업 등) 3) 개인 및 예비 창업자: 기술창업, 소상공소상공인 창업, 로컬 비즈니스, 글로벌 진출을 준비하는 예비·초기 창업자 - 시장 규모 : 정부 및 공공 멘토링 지원 예산 및 민간 시장을 감안시 매년 수천억원 규모 - 증감 추세 : 구조적으로 우상향하는 추세.
B16: 뒷받침 근거 | C16: 복합 | E16: - 연간 10만개 이상의 기술 및 일반 창업기업이 생기고 있고 정부의 스케일업 정책이 강화되고 있음 - AI 도입, 디지털 전환(DX), 글로벌 시장 진출의 니즈가 증가하며 시니어 창업멘토에 대한 필요성 급증
B17: ⑤ 진입 방법
B18: 필요 자격 · 교육 | C18: - 자격 : 기업 경영, 기술 개발, 투자 심사 등의 분야에서 수년간의 실무 경력이 필요. 경영지도사 자격증 필요. - 교육 : 중소벤처기업부 장관이 인정하는 창업기획자 전문인력 양성 교육과정(약 50시간)이 대표적 프로그램
B19: 초기 준비물 · 비용 | C19: - 노트북과 기본 S/W 외 50만원 내외 비용.(프로필 사진 쵤영 및 명함 인쇄 비용) - 공간 및 사무실 : 초기 홈오피스를 사용하거나 지자체의 창업보육센터의 공간 활용
B20: 일감 얻는 경로 (플랫폼·기관 실명) | C20: - K-Startup(창업진흥원) 및 공공 플랫폼, 한국창업멘토협회 및 유관 협회, 창조경제혁신센터 및 테크노파크 네트워크, 대학 산학협력단의 창업보육센터(BI) 등록 및 활동 - 민간 액셀러레이터(AC) 및 벤처캐피털(VC) 사들과 협력
B21: ⑥ N잡 적합성 검증
B22: 10조건 | C22: ①시간 유연성 | D22: ②체력 감당 | E22: ③직업 이미지 | F22: ④재미 | G22: ⑤전문성 축적 | H22: ⑥일한 만큼 이상 수익 | I22: ⑦우상향 수익 | J22: ⑧충분한 수요 | K22: ⑨진입 가능성 | L22: ⑩직업적 자부심
B23: 판정 ○ △ ✕ | C23: ○ | D23: ○ | E23: ○ | F23: ○ | G23: ○ | H23: △ | I23: △ | J23: ○ | K23: ○ | L23: ○
B24: 판정 근거 (△·✕ 위주로) | C24: ⑥ △ — 시즌적인 수요 및 소득의 증감이 있음 ⑦ △ — 전체적으로 증가하는 추세이나 변동 폭이 있음.
B25: 종합 판정 | C25: 적합 | E25: 10조건 중 8개 통과, 2개 조건부
B26: ⑦ 실제 종사자 (1명)
B27: 이름 · 소속 · 경력 | C27: - 김현주 대표 / 공감나무디자인연구소 / 창업컨설턴트 및 커리어 코칭 강사 8년차
B28: 확인 출처 (기사·인터뷰·블로그·유튜브·플랫폼 프로필 등) | C28: - 경력/이력 소개(URL①), 개인 블로그 (URL②)
B29: 컨택 포인트 (연락처·이메일·SNS·소속 기관) | C29: Email : khjchange@naver.com
B30: 인터뷰 가능성 | C30: 상 | E30: - 현재 상상우리에서 커리어 코칭 분야에서 강의하고 있는 상태.
B31: ⑧ 참고 URL (오른쪽 끝 칸 = 확인일)
B32: URL ① | C32: https://www.rocketpunch.com/@khjchange
B33: URL ② | C33: https://blog.naver.com/khjchange
B34: URL ③
B35: URL ④
B36: URL ⑤
B38: ※ 연노랑 칸에 입력합니다. L열은 확인일입니다.

Sheet 012_스타트업 액셀러레이터
B2: Job No. 012 스타트업 액셀러레이터
B3: 2. 경영·창업 자문형 | 워크위즈 N잡스쿨 · 잡별 시장조사 시트
B5: ① 기본 정보
B6: 직업명 · 별칭 | C6: 스타트업 액셀러레이터
B7: 한 줄 소개 (30자 내외) | C7: 초기 스타트업을 선발해 보육·멘토링하고 성장을 지원하는 일
B8: 수집 상태 · 담당자 | C8: 완료 | E8: 담당 : 정재웅
B9: ② 핵심 지표 6종
B10: 지표 | C10: 초기비용 | D10: 월수익(만원) | E10: 성장성 | F10: 진입난이도 | G10: 주간 소요시간 | H10: 체력부담 | I10: 지표 근거 · 비고
B11: 값 | C11: ₩₩ 50~300만 | D11: 100~400 | E11: ↗ 보통 | F11: ★★★★★ | G11: 주 15~30시간 | H11: 하 | I11: - 비상근 멘토 / 전문위원(시니어 자문) : 월 100 ~ 400만원 - AC 법인 파트너/상근 심사역 : 월 400 ~700만원
B12: ③ 하는 일
B13: 하는 일 (3줄 요약) | C13: - 극초기 자금 투입 및 지분 투자, 후속 투자 유치 지원 (데모데이) 및 정부 지원 사업 연계 - 밀착 멘토링 및 실전 액셀러레이팅 프로그램 운영 - 국내 및 해외 네트워킹 구축 및 사업화 인프라(사무 공간, 해외 지사 등) 제공
B14: ④ 일자리 수요 근거
B15: 수요처 유형 · 규모 · 증감 추세 | C15: - 수요처 : 1) 극초기(Seed ~ Pre-A) 기술·서비스 스타트업 2) 창업진흥원, 지자체 테크노파크 등 정부, 지자체, 공공기관 3) 오픈 이노베이션 추진 기업 4) 대학 산학협력단, 기술지주회사, 정부출연연구기관 - 시장 규모 : AC등록사 규모는 530개사(2025년), 투자 규모는 3조8천억원, 누적 투자 건수는 11,000여건. - 증감 추세 : 1) 양적, 질적으로 성장 및 고도화 추세 : 정부의 기술창업 육성정책 및 공공 연계 강화, 오픈 이노베이션 시장의 급성장, 벤처스튜디오 모델(공동 창업자 모델) 확산 2) 시장의 양극화 및 선별성 강화(투자 쏠림 및 양극화 심화(AI, 로보틱스, 바이오/헬스캐어), 보육(Mentoring) 능력 중심 AC로 재편
B16: 뒷받침 근거 | C16: 복합 | E16: - 정부의 기술 및 창업 투자 정책 + AC생태계 변화
B17: ⑤ 진입 방법
B18: 필요 자격 · 교육 | C18: - 필요 자격 : 1) 기업/기관 3년 이상 경력자 + 양성과정 이수 (가장 현실적인 경로) 2) 변호사, 공인회계사, 변리사, 기술사, 경영지도사/기술지도사 (3년 이상)전문 자격증 및 학위 보유자 3) 창업 및 투자 경험자 - 교육 : 1) 초기투자액셀러레이터협회(KAIA) 전문인력 양성과정 (필수 추천) 2) 한국벤처캐피탈협회(KVCA) 벤처투자 실무 과정 3) 공공 지원기관 시니어 멘토·창업보육 과정 (서울시50플러스재단 및 지자체 신중년지원센터, 창업진흥원 평가위원 등록)
B19: 초기 준비물 · 비용 | C19: - 전문인력 양성과정 교육비 및 네트워킹 행사 참석 비용 150~280만원.
B20: 일감 얻는 경로 (플랫폼·기관 실명) | C20: - 공공·지자체 창업 평가위원 및 멘토 풀(Pool) 등록 (가장 빠른 진입) : K-Startup 창업포털, K-ICT 창업멘토링센터, 지역 창조경제혁신센터 및 테크노파크(TP) - AC·VC 법인의 파트너/외부 전문 심사역 활동 : 상근/비상근 전문인력 등록, 액셀러레이팅 프로그램의 담당 멘토 및 데모데이 심사위원 참여 - 대학 산학협력단 및 창업보육센터(BI) 전담 멘토, 프리랜서 창업 컨설팅 및 재능마켓 수주 등
B21: ⑥ N잡 적합성 검증
B22: 10조건 | C22: ①시간 유연성 | D22: ②체력 감당 | E22: ③직업 이미지 | F22: ④재미 | G22: ⑤전문성 축적 | H22: ⑥일한 만큼 이상 수익 | I22: ⑦우상향 수익 | J22: ⑧충분한 수요 | K22: ⑨진입 가능성 | L22: ⑩직업적 자부심
B23: 판정 ○ △ ✕ | C23: △ | D23: ○ | E23: ○ | F23: ○ | G23: ○ | H23: ○ | I23: ○ | J23: ○ | K23: ○ | L23: ○
B24: 판정 근거 (△·✕ 위주로) | C24: ① △ — 전업으로 근무하는 경우가 많음. 비상근이나 파트너급 이상 자리는 시간적 유연성 있음
B25: 종합 판정 | C25: 적합 | E25: 10조건 중 9개 통과, 1개 조건부
B26: ⑦ 실제 종사자 (1명)
B27: 이름 · 소속 · 경력 | C27: - 이한선 전문위원 / MYSC 2.5년 바이오, 헬스캐어 / 제약회사 영업/마케팅 15년, 청년창업사관학교 8년, 서울50+ 입주사 20개사 및 경기도 사회적기업 10개사 담당, 경영지도사 자격증 보유. 60대 초반. - 임성준 파트너 / MYSC 파트너 & 파스타벤처스 대표 / 네이버,카카오 등 12년 이상 근무. 스테이즈 스타트업 창업/운영 10년. MYSC 이사 3년 근무, MYSC 파트너(26.3~ ). 한성대 특임교수, 작가 (AI x 스타트업 등 저서 6권, 브런치 작가). 공인중개사 자격증 보유.
B28: 확인 출처 (기사·인터뷰·블로그·유튜브·플랫폼 프로필 등) | C28: - 스타트업 엑셀러레이터(URL ①), MYSC 웹사이트(URL ②), 이한선 위원(URL ③), 임성준 대표(URL ④)
B29: 컨택 포인트 (연락처·이메일·SNS·소속 기관) | C29: - 이한선 위원 : M : 010-6211-2036 / E : hslee@mysc.co.kr
B30: 인터뷰 가능성 | C30: 상 | E30: - 청년창업사관학교 교수 경력 8년 보유.
B31: ⑧ 참고 URL (오른쪽 끝 칸 = 확인일)
B32: URL ① | C32: https://search.naver.com/search.naver?where=nexearch&sm=top_hty&fbm=0&ie=utf8&query=%EC%8A%A4%ED%83%80%ED%8A%B8%EC%97%85+%EC%97%91%EC%85%80%EB%9F%AC%EB%A0%88%EC%9D%B4%ED%84%B0&ackey=6c5u303v
B33: URL ② | C33: https://www.mysc.co.kr/
B34: URL ③ | C34: https://blog.naver.com/blogmysc/224223520992
B35: URL ④ | C35: https://search.naver.com/search.naver?where=nexearch&sm=tab_etc&mra=bjky&pkid=1&os=17491014&qvt=0&query=%EC%9E%84%EC%84%B1%EC%A4%80
B36: URL ⑤
B38: ※ 연노랑 칸에 입력합니다. L열은 확인일입니다.

Sheet 013_AI소상공인 컨설턴트
B2: Job No. 013 AI소상공인 컨설턴트
B3: 2. 경영·창업 자문형 | 워크위즈 N잡스쿨 · 잡별 시장조사 시트
B5: ① 기본 정보
B6: 직업명 · 별칭 | C6: AI소상공인 컨설턴트
B7: 한 줄 소개 (30자 내외) | C7: 소상공인이 AI 도구로 홍보·주문·고객관리를 자동화하도록 돕는 일
B8: 수집 상태 · 담당자 | C8: 완료 | E8: 담당 : 정재웅
B9: ② 핵심 지표 6종
B10: 지표 | C10: 초기비용 | D10: 월수익(만원) | E10: 성장성 | F10: 진입난이도 | G10: 주간 소요시간 | H10: 체력부담 | I10: 지표 근거 · 비고
B11: 값 | C11: ₩ 50만 미만 | D11: 100~300 | E11: ↗↗ 높음 | F11: ★★★★ | G11: 주 5~15시간 | H11: 하 | I11: AI도구 구축 월수익은 거래처 2~3곳 기준 100~300만원. 리테이너 기준 월수익은 거래처당 40~90만원
B12: ③ 하는 일
B13: 하는 일 (3줄 요약) | C13: - AI기반 마케팅 지원: 생성형 AI(ChatGPT, Gemini 등)를 활용한 홍보 문구 작성, SNS 카드뉴스/영상 제작, 블로그 마케팅 자동화 지원 - 매장 운영 자동화: AI 예약 시스템, 스마트 오더, 테이블 오더 및 무인 결제 시스템 구축 자문 - 상권 분석 및 매출 예측: 빅데이터 분석 도구를 활용한 지역 상권 및 유동인구 분석, 적정 메뉴/상품 가격 책정 - 고객 응대 자동화: AI 챗봇 구축을 통한 24시간 문의 대응 및 고객 관리(CRM) 시스템 도입
B14: ④ 일자리 수요 근거
B15: 수요처 유형 · 규모 · 증감 추세 | C15: - 수요처는 개인사업에 AI를 이용한 마케팅 업무를 도입하고 디지털 전환하려는 730만 소상공인들이다. - 중소벤처기업부는 소상공인 지원 예산을 역대 최대 규모(5조원 이상)로 편성하였으며, 이 중 '소상공인 AI 활용지원 사업' 등을 신규 신설해 직접 예산 지원중임 - 수요는 급증세. 정부가 단순 자금·바우처 지원에서 'AI·디지털 전환(AX)' 중심으로 정책적 지원 패러다임이 전환되었고 소상공인들도 AI 도입 의향은 높으나 기술적 한계로 현장에서 직접 지도해줄 컨설턴트의 니즈가 폭증하는 추세
B16: 뒷받침 근거 | C16: 복합 | E16: 정부지원사업 연계 : 소상공인시장진흥공단 등의 스마트상점 보급사업 및 디지털 전환 지원금
B17: ⑤ 진입 방법
B18: 필요 자격 · 교육 | C18: 필수 자격 없음. 정부(소상공인시장진흥공단)나 지자체(경제진흥원/신용보증재단), 민간금융기관(하나파워온)과 연계된 AX교육 2~3개월 이면 진입 가능
B19: 초기 준비물 · 비용 | C19: 노트북, 광고 계정, 포트폴리오용 샘플 리포트. 실비 50만원 미만
B20: 일감 얻는 경로 (플랫폼·기관 실명) | C20: 크몽·숨고 전문가 등록, 소상공인시장진흥공단 컨설턴트 풀, 지자체 소상공인 지원센터, 기존 거래처 소개
B21: ⑥ N잡 적합성 검증
B22: 10조건 | C22: ①시간 유연성 | D22: ②체력 감당 | E22: ③직업 이미지 | F22: ④재미 | G22: ⑤전문성 축적 | H22: ⑥일한 만큼 이상 수익 | I22: ⑦우상향 수익 | J22: ⑧충분한 수요 | K22: ⑨진입 가능성 | L22: ⑩직업적 자부심
B23: 판정 ○ △ ✕ | C23: ○ | D23: ○ | E23: ○ | F23: △ | G23: ○ | H23: ○ | I23: ○ | J23: △ | K23: ○ | L23: ○
B24: 판정 근거 (△·✕ 위주로) | C24: ④ △ — 내향적인 성향이거나 IT기업 은퇴후 얼마 안됬으면 적응 기간 필요. 정부나 지자체 기관 소속이거나 일정기간 프로젝트 진행하다가 프리랜서가 되면 발로 뛰는 영업이 필요. AI도구/시스템 구축후 현장 직원들이 지속 사용 어려해해서 기존 방식으로 원위치하는 경향 있음. ⑧ △ — 소상공인 특성상 직접 매출로 연결되는 성과가 보이거나 가시적인 시스템 구축이 필요해야 비용 지출하려는 경향이 있음
B25: 종합 판정 | C25: 적합 | E25: 10조건 중 8개 통과, 2개 조건부
B26: ⑦ 실제 종사자 (1명)
B27: 이름 · 소속 · 경력 | C27: - 이종문 컨설턴트 / 프리랜서 / 디지털 마케팅 컨설팅 20년, 現 은평구 소속 AI소상공인 컨설팅 2년차
B28: 확인 출처 (기사·인터뷰·블로그·유튜브·플랫폼 프로필 등) | C28: AI소상공인컨설턴트 관련 기사 (URL ①, ②)
B29: 컨택 포인트 (연락처·이메일·SNS·소속 기관) | C29: 010-9455-8916 / Email : zzongaa@gmail.com
B30: 인터뷰 가능성 | C30: 상 | E30: - 디지털 마케팅 및 AI소상공인 컨설팅 영역 강사 경험 다수
B31: ⑧ 참고 URL (오른쪽 끝 칸 = 확인일)
B32: URL ① | C32: https://blog.naver.com/sbmabiz/224346781609
B33: URL ② | C33: https://blog.naver.com/mbb_choi/224362182087
B34: URL ③
B35: URL ④
B36: URL ⑤
B38: ※ 연노랑 칸에 입력합니다. L열은 확인일입니다.

Sheet 014_AI중소기업 컨설턴트
B2: Job No. 014 AI중소기업 컨설턴트
B3: 2. 경영·창업 자문형 | 워크위즈 N잡스쿨 · 잡별 시장조사 시트
B5: ① 기본 정보
B6: 직업명 · 별칭 | C6: AI중소기업 컨설턴트
B7: 한 줄 소개 (30자 내외) | C7: 중소기업의(사회적 기업 포함) 업무 전반에 AI를 도입해 생산성을 높이도록 자문하는 일
B8: 수집 상태 · 담당자 | C8: 완료 | E8: 담당 : 정재웅
B9: ② 핵심 지표 6종
B10: 지표 | C10: 초기비용 | D10: 월수익(만원) | E10: 성장성 | F10: 진입난이도 | G10: 주간 소요시간 | H10: 체력부담 | I10: 지표 근거 · 비고
B11: 값 | C11: ₩ 50만 미만 | D11: 80~300 | E11: ↗ 보통 | F11: ★★★★★ | G11: 주 5~15시간 | H11: 하 | I11: - 겸업 컨설턴트 : 150~300만원/월 (테크노파크 평가위원) - 전업 컨설턴트 : 300~700만원/월(프리랜서), 500~800만원/월(컨설팅펌/상주 전문위원)
B12: ③ 하는 일
B13: 하는 일 (3줄 요약) | C13: - 기업 전체의 업무 프로세스 혁신, 스마트공장 고도화, 제품/서비스 R&D, 그리고 조직 내 AI 역량 내재화 등 거시적이고 구조적인 영역을 담당 - 비즈니스 진단 및 AI 도입 타당성 평가: 현재 인프라, 재무 상태, 업종 특성을 분석하여 AI를 도입시 가장 큰 효과를 낼 수 있는 부서나 공정을 발굴 - 업무 프로세스 자동화 및 솔루션 연계의 경우 스마트공장 데이터와 AI를 결합한 예방 보전(설비 고장 예측)이나 불량률 감소 시스템 구축 지원. - 정부 지원사업 연계된 '중소기업 스마트서비스 지원사업'이나 'AI 맞춤 컨설팅 및 훈련 프로그램' 등의 정부 과제 기획서 작성하고 수행 과정 총괄.
B14: ④ 일자리 수요 근거
B15: 수요처 유형 · 규모 · 증감 추세 | C15: - 국내 수십만 개에 달하는 중소기업 중, 디지털 전환(DX) 단계 넘어 AI를 결합하는 AX단계로 진입해야 하는 기업 전체가 핵심 수요처 - 정부는 제조 AI 전환(M.AX) 예산(4,000억 원대 이상) 및 중기부의 스마트서비스/스마트공장 보급사업에 매년 대규모 예산을 집행 - 수요는 급증세 : 중소기업의 구인난과 인건비 압박 극복 필요. 정부 지원 사업의 패러다임 변화(데이터를 활용한 AI 예측 및 AX 고도화), 중소기업 기술 장벽과 내부 역량 부족
B16: 뒷받침 근거 | C16: 복합 | E16: 정부지원사업 : 중소벤처기업진흥공단의 제조AI 전환 예산 및 중소벤처기업부의 스마트 서비스/스마트 공장 보급사업
B17: ⑤ 진입 방법
B18: 필요 자격 · 교육 | C18: - 민간 전문 자격 : 1) AI산업컨설턴트, 디지털전환(DX) 컨설턴트 (Expert / 1급 / 2급) - 한국인공지능협회, 한국스마트컨설팅협회 2) 최근에는 AX(AI Transformation) 컨설턴트, AI데이터 분석사 자격증 필요 - 국가 전문자격/기술 자격(우대 요건) : 1) 경영지도사 / 기술지도사 (국가전문자격), 2) AICE (AI Certificate for Everyone) - KT 등에서 주관.
B19: 초기 준비물 · 비용 | C19: 최신 노트북(100~250만원), 광고 계정, 포트폴리오용 샘플 리포트. 실비 100만원 미만
B20: 일감 얻는 경로 (플랫폼·기관 실명) | C20: - 정부, 공공기관 연계 : 중소벤처기업부, 소상공인시장진흥공단, 테크노파크, 경제진흥원, 신용보증재단, 창원진흥원, 경제과학진흥원 컨설턴트 풀 - 민간 기업 및 컨설팅 펌 : 테크 솔루션 협력사 (캐시노트, 로보아자, 주요 AI SaaS 스타트업 등), HRD 및 교육 전문 기업(휴넷, 에이블런 등), 컨설팅펌[한국능률협회컨설팅(KMAC)이나 전문 DX 컨설팅사] 컨설턴트나 전문위원으로 등록
B21: ⑥ N잡 적합성 검증
B22: 10조건 | C22: ①시간 유연성 | D22: ②체력 감당 | E22: ③직업 이미지 | F22: ④재미 | G22: ⑤전문성 축적 | H22: ⑥일한 만큼 이상 수익 | I22: ⑦우상향 수익 | J22: ⑧충분한 수요 | K22: ⑨진입 가능성 | L22: ⑩직업적 자부심
B23: 판정 ○ △ ✕ | C23: ○ | D23: ○ | E23: ○ | F23: ○ | G23: ○ | H23: ○ | I23: △ | J23: ○ | K23: △ | L23: ○
B24: 판정 근거 (△·✕ 위주로) | C24: ⑥ △ — 기업 소속 AI 전문가로서는 파트타임 수준의 수입 ⑨ △ — 국가 전문 자격증이나 민간 전문 자격증 보유 필수
B25: 종합 판정 | C25: 적합 | E25: 10조건 중 8개 통과, 2개 조건부
B26: ⑦ 실제 종사자 (1명)
B27: 이름 · 소속 · 경력 | C27: - 이재우 컨설턴트 / 상상우리 / 전 IT분야 30년 컨설팅 경력, 현 AI중소기업(사회적기업) 컨설턴트 1년차
B28: 확인 출처 (기사·인터뷰·블로그·유튜브·플랫폼 프로필 등) | C28: - AI중소기업 컨설턴트란?(URL①), AI 도입 Tool 및 지원 사업(URL②)
B29: 컨택 포인트 (연락처·이메일·SNS·소속 기관) | C29: Email : jwl1722@naver.com
B30: 인터뷰 가능성 | C30: 상 | E30: - 현재 상상우리에서 AI중소기업 컨설팅 분야에서 강의 가능
B31: ⑧ 참고 URL (오른쪽 끝 칸 = 확인일)
B32: URL ① | C32: https://search.naver.com/search.naver?sm=tab_hty.top&where=nexearch&ssc=tab.nx.all&query=AI%EC%A4%91%EC%86%8C%EA%B8%B0%EC%97%85+%EC%BB%A8%EC%84%A4%ED%84%B4%ED%8A%B8%EB%9E%80&oquery=AI%EC%A4%91%EC%86%8C%EA%B8%B0%EC%97%85+%EC%BB%A8%EC%84%A4%ED%84%B4%ED%8A%B8&tqi=jpRU0lqX6IgMibjjqvw-297928&ackey=lq3v0d4d
B33: URL ② | C33: https://www.techmarket.kr/ai/aiInfoDetail.do?idx=19124
B34: URL ③
B35: URL ④
B36: URL ⑤
B38: ※ 연노랑 칸에 입력합니다. L열은 확인일입니다.

Sheet 015_면접심사위원
B2: Job No. 015 면접심사위원
B3: 2. 경영·창업 자문형 | 워크위즈 N잡스쿨 · 잡별 시장조사 시트
B5: ① 기본 정보
B6: 직업명 · 별칭 | C6: 면접심사위원
B7: 한 줄 소개 (30자 내외) | C7: 기업·공공기관 채용 면접에 외부 위원으로 참여해 지원자를 평가하는 일
B8: 수집 상태 · 담당자 | C8: 완료 | E8: - 담당 : 정재웅
B9: ② 핵심 지표 6종
B10: 지표 | C10: 초기비용 | D10: 월수익(만원) | E10: 성장성 | F10: 진입난이도 | G10: 주간 소요시간 | H10: 체력부담 | I10: 지표 근거 · 비고
B11: 값 | C11: ₩ 50만 미만 | D11: 40 ~ 120 | E11: ↗ 보통 | F11: ★★★ | G11: 주 5시간 미만 | H11: 하 | I11: - 부업(월 2~4회 활동) : 월 40 ~ 120만원 수준 - 활발한 활동 및 전업 프리랜서형 : 월 150 ~ 300만원 (여러 기관의 평가위원 풀에 등록되어 주 1~2회 이상 활동)
B12: ③ 하는 일
B13: 하는 일 (3줄 요약) | C13: - 공정성과 객관성 유지 : 주관적인 편견이나 선입견을 배제하고, 사전에 마련된 평가 기준표에 따라 모든 지원자를 공정하게 심사. - 조직 적합성 검증 : 지원자의 직무 역량뿐만 아니라 조직의 문화, 가치관(비전), 팀워크에 잘 어우러질 수 있는 인재인지를 판별. - 기업(기관)의 얼굴 : 면접관은 지원자에게 조직의 첫인상을 전달하는 대표자이기도 하므로, 정중하고 전문적인 태도로 면접 분위기 조성
B14: ④ 일자리 수요 근거
B15: 수요처 유형 · 규모 · 증감 추세 | C15: - 수요처 : 1) 공공기관 및 공기업 : NCS(국가직무능력표준) 및 블라인드 채용 의무화로 인해 공정성과 전문성을 갖춘 외부 면접위원들 필요. 2) 대기업 및 중견·중소기업 : 채용의 전문성을 높이고 사내 면접관의 편향을 줄이기 위해 전문 면접관을 아웃소싱 또는 대행기관 활용. 3) 지자체 및 공공 일자리 사업단 : 청년취업 지원 프로그램, 신중년 경력형 일자리, 지역인재 및 경력직, 공무원 채용시 심사위원 초빙. 4) 대학 및 고등학교 (입시, 대입): 학생부종합전형 등 수시 면접 평가와 편입학, 로스쿨, 특수대학원 면접 위해 전문가 심사위원 대거 수요. - 규모 및 증감 추세 : 1) 전통적 대면 면접 뿐만 아니라, 글로벌 면접 서비스 및 디지털 평가 솔루션시장 또한 연평균 두 자리 수 이상 가파른 성장세. 2) AI 평가의 한계를 보완하기 위해 전문 인력이 직접 심층 역량을 평가하는 휴먼 면접관의 가치는 더욱 공고해지는 추세.
B16: 뒷받침 근거 | C16: 복합 | E16: - 투명성을 높이기 위한 법적·제도적 장치가 강화됨. 검증된 외부 면접위원을 파견·매칭하는 HR 컨설팅 및 채용 대행 시장이 확대되는 추세
B17: ⑤ 진입 방법
B18: 필요 자격 · 교육 | C18: - 경력 요건 (가장 중요) : 대기업·중견기업 인사(HR) 부서 팀장·임원급, 공공기관 채용 담당관, 또는 산업 분야에서 10~15년 이상 경력의 전문가. - 연령 및 소속 : 공공기관이나 지자체 산하 일자리 사업(시니어 전문위원 등)의 경우 일정 연령(장노년층 경력 활용) 요구. - 교육 : 공신력 있는 기관(한국바른채용인증원, 한국능률협회, 한국전문면접관협회 등)에서 주관하는 채용전문면접관(또는 면접위원) 양성 과정 (8~16시간)을 이수하고 자격을 취득.
B19: 초기 준비물 · 비용 | C19: - 면접관 양성 과정 교육비/자격증비 50 ~ 80만원 (한국바른채용인증원, 한국능률협회 등)
B20: 일감 얻는 경로 (플랫폼·기관 실명) | C20: 1. 전문 매칭 플랫폼 및 양성 기관 : 1) 민간 전문기관 및 플랫폼 : 한국앙코르커리어('위원해' 플랫폼)나 한국바른채용인증원 등 전문 교육 및 인재 매칭 기관에 이력과 자격 정보를 등록. 2) HR 컨설팅 및 채용 대행사 풀 : 공공기관이나 대기업의 채용을 위탁받아 수행하는 전문 HR 에이전시의 면접위원 데이터베이스에 등록. 2. 공공기관 및 지자체 공개 모집·추천 : 1) 나라일터 및 공공기관 홈페이지 : 행정안전부의 '나라일터'나 각 중앙부처, 지자체, 공공기관의 홈페이지 공고란에 '외부 면접위원(평가위원) 풀 공개 모집' 2) 지자체 산하 기관 및 일자리센터 : 시·군·구청이나 일자리 재단 등에서 진행하는 중장년 경력 활용사업, 청년 면접 지원 사업 등의 심사위원으로 위촉. 3. 인적 네트워크 및 학회·협회 : 1) 전문가 커뮤니티 및 동문 네트워크 : 심사위원으로 활발히 활동하고 있는 선배 위원이나 관련 협회 회원들과의 교류 통해 구인 공고가 외부에 뜨기전 추천을 받아 참여. 2) 출신 분야 인맥 : 본인이 오랫동안 종사했던 전직 직장(대기업, 공공기관, 금융권 등)의 네트워크나 관련 업계, 협회를 통해 자문 및 심사 요청 접수.
B21: ⑥ N잡 적합성 검증
B22: 10조건 | C22: ①시간 유연성 | D22: ②체력 감당 | E22: ③직업 이미지 | F22: ④재미 | G22: ⑤전문성 축적 | H22: ⑥일한 만큼 이상 수익 | I22: ⑦우상향 수익 | J22: ⑧충분한 수요 | K22: ⑨진입 가능성 | L22: ⑩직업적 자부심
B23: 판정 ○ △ ✕ | C23: ○ | D23: ○ | E23: ○ | F23: ○ | G23: ○ | H23: △ | I23: △ | J23: ○ | K23: ○ | L23: ○
B24: 판정 근거 (△·✕ 위주로) | C24: ⑥ △ — 일한 만큼의 수입 ⑦ △ — 등록된 단체 및 협회, 마케팅 능력에 따라 면접심사위원들의 수입 차이가 발생.
B25: 종합 판정 | C25: 적합 | E25: 10조건 중 8개 통과, 2개 조건부
B26: ⑦ 실제 종사자 (1명)
B27: 이름 · 소속 · 경력 | C27: - 심영재 면접심사위원(4년) / 한국소비자협회 상무(10년) / 창업멘토(4년), 면접심사위원 강사(2년) / 전 미래에셋증권 지점장(15년) 경력.
B28: 확인 출처 (기사·인터뷰·블로그·유튜브·플랫폼 프로필 등) | C28: - 면접심사위원 이란(URL ①), 면접심사위원 모집 공고(URL ②, URL ③)
B29: 컨택 포인트 (연락처·이메일·SNS·소속 기관) | C29: - T : 010-8417-7123 / E : isobi777@naver.com
B30: 인터뷰 가능성 | C30: 상 | E30: - 면접심사위원 양성과정에서 강사로 활동중.
B31: ⑧ 참고 URL (오른쪽 끝 칸 = 확인일)
B32: URL ① | C32: https://search.naver.com/search.naver?sm=tab_hty.top&where=nexearch&ssc=tab.nx.all&query=%EB%A9%B4%EC%A0%91%EC%8B%AC%EC%82%AC%EC%9C%84%EC%9B%90&oquery=%EC%8B%AC%EC%98%81%EC%9E%AC+%ED%95%9C%EA%B5%AD%EC%86%8C%EB%B9%84%EC%9E%90%ED%98%91%ED%9A%8C&tqi=jq0cRlqX5mhssAv1diZ-096540&ackey=0aol2sfc
B33: URL ② | C33: https://www.goean.kr/goean/na/ntt/selectNttInfo.do?mi=4447&nttSn=1100221
B34: URL ③ | C34: https://www.goedy.kr/goedy/na/ntt/selectNttInfo.do?mi=10224&nttSn=1678594
B35: URL ④
B36: URL ⑤
B38: ※ 연노랑 칸에 입력합니다. L열은 확인일입니다.

Sheet 016_평판조회 전문가
B2: Job No. 016 평판조회 전문가
B3: 2. 경영·창업 자문형 | 워크위즈 N잡스쿨 · 잡별 시장조사 시트
B5: ① 기본 정보
B6: 직업명 · 별칭 | C6: 평판조회 전문가
B7: 한 줄 소개 (30자 내외) | C7: 채용 예정자의 전 직장 평판을 확인해 검증 보고서를 작성하는 일
B8: 수집 상태 · 담당자 | C8: 수집중 | E8: 담당 : 정재웅
B9: ② 핵심 지표 6종
B10: 지표 | C10: 초기비용 | D10: 월수익(만원) | E10: 성장성 | F10: 진입난이도 | G10: 주간 소요시간 | H10: 체력부담 | I10: 지표 근거 · 비고
B11: 값 | C11: ₩ 50만 미만 | D11: 150~350+ | E11: ↗ 보통 | F11: ★★★ | G11: 주 5시간 미만 | H11: 하 | I11: - 프리랜서(초기·중급) : 월 150 ~ 350만원 - 전문 컨설턴트(고경력): 월 500 ~ 1,000만원+ - 전문기업/서치펌(상근): 월 330 ~ 580만원
B12: ③ 하는 일
B13: 하는 일 (3줄 요약) | C13: 1. 후보자 이력 및 경력 사실 검증 (이력서, 학력, 경력, 포트폴리오, 성과 지표의 객관적 사실 여부) 2. 다면 레퍼런스 인터뷰 및 평판 데이터 수집 (리더십 스타일, 업무 역량, 커뮤니케이션 방식, 조직 적응력, 도덕성 및 리스크 요인 등) 3. 리스크 평가 및 심층 평판 보고서 작성 (후보자의 강점, 약점, 조직 적응 위험 요소, 잠재적 리스크 등 종합 분석)
B14: ④ 일자리 수요 근거
B15: 수요처 유형 · 규모 · 증감 추세 | C15: - 수요처 : 대기업 및 중견기업 (전통적 수요처), 외국계 기업 및 글로벌 진출 기업, 스타트업 및 IT/테크/바이오 기업 (고성장 분야), 헤드헌팅사 및 서치펌 (B2B 협력 모델) - 시장 규모 : 글로벌 평판조회/배경조사 시장은 약 7조~8조 원(2026년), 국내 채용 검증 시장은 약 1,000~1,500억원 규모 - 증감 추세 : 1) 경력직 중심 수시 채용 확대로 인한 시장 급성장 (CAGR 8~10% 수준), 2) '임원급'에서 '일반 경력직 전체'로 대상 확대 추세, 3) SaaS 및 AI 기반 디지털 평판조회 플랫폼의 등장
B16: 뒷받침 근거 | C16: 복합 | E16: - 경력직 채용 확대 추세 + AI기술 기반 디지털 평판조회 추세
B17: ⑤ 진입 방법
B18: 필요 자격 · 교육 | C18: - 자격/경력 : 기업 HR / 채용 담당자, 헤드헌팅 / 서치펌 컨설턴트, 노무사 / 경영컨설턴트 / 탐정(신용조사) - 자격증 : 공인노무사 (CPLA), 경영지도사 (인적자원관리 분야), 직업상담사 (1급/2급), 인사/채용 관련 민간자격('채용전문면접관', '레퍼런스체크 전문가' 등 - 교육 : 한국바른채용인증원의 채용전문면접관, 레퍼런스 체크 전문가 과정, 한국경영자총협회/한국생산성본부(KPC)의 HR 전문가 및 채용 리스크 관리 실무 단기 교육, 서치펌 및 평판조회 전문기업 인하우스 훈련 (OJT)
B19: 초기 준비물 · 비용 | C19: - 개인 PC나 노트북, 평판조회 관련 양식들. 비용 130~300만원 정도
B20: 일감 얻는 경로 (플랫폼·기관 실명) | C20: 1. 평판조회 전문 기업 및 SaaS 플랫폼 (가장 대표적) : 스펙터 (Specter), 체커스 (Checkers), 위플래닛, 잡플래닛, 서치스(Searchs) 등 2. 대형 서치펌 및 헤드헌팅 전문 법인 : 커리어케어, 피플앤잡, 유앤파트너즈 (U&Partners), 엔터웨이 파트너스 (Enterway) 등 3. 프리랜서 & B2B 전문가 매칭 플랫폼 (직접 수주) : 탤런트뱅크, 크몽, 숨고 (Soomgo), 원티드지그재그 / 원티드 (Wanted) 등 4. B2B 직접 영업 및 HR 커뮤니티 네트워크 : VC / 액셀러레이터 (MYSC, 블루포인트파트너스, 스파크랩 등), HR 커뮤니티 및 학회 등
B21: ⑥ N잡 적합성 검증
B22: 10조건 | C22: ①시간 유연성 | D22: ②체력 감당 | E22: ③직업 이미지 | F22: ④재미 | G22: ⑤전문성 축적 | H22: ⑥일한 만큼 이상 수익 | I22: ⑦우상향 수익 | J22: ⑧충분한 수요 | K22: ⑨진입 가능성 | L22: ⑩직업적 자부심
B23: 판정 ○ △ ✕ | C23: ○ | D23: ○ | E23: ○ | F23: ○ | G23: ○ | H23: △ | I23: ○ | J23: △ | K23: ○ | L23: ○
B24: 판정 근거 (△·✕ 위주로) | C24: ⑥ △ — 일한 만큼의 수입 ⑧ △ — 등록된 단체 및 협회, 마케팅 능력에 따라 면접심사위원들의 수입 차이가 발생.
B25: 종합 판정 | C25: 적합 | E25: 10조건 중 8개 통과, 2개 조건부
B26: ⑦ 실제 종사자 (1명)
B27: 이름 · 소속 · 경력 | C27: - 이은정 대표 / 시니어엔파트너스 / 유엔파트너스에서 7년전 분사, --> 평판조회 전문가 추천 예정
B28: 확인 출처 (기사·인터뷰·블로그·유튜브·플랫폼 프로필 등) | C28: - 평판조회전문가란? (URL ①), 시니어앤파트너즈의 평판조회전문가 교육생 모집(URL ②), 시니어엔파트너스 홈페이지(URL ③)
B29: 컨택 포인트 (연락처·이메일·SNS·소속 기관) | C29: - M : 010-6318-1678 / E : ejay@seniornpartners.com /
B30: 인터뷰 가능성
B31: ⑧ 참고 URL (오른쪽 끝 칸 = 확인일)
B32: URL ① | C32: https://search.naver.com/search.naver?where=nexearch&sm=top_hty&fbm=0&ie=utf8&query=%ED%8F%89%ED%8C%90%EC%A1%B0%ED%9A%8C+%EC%A0%84%EB%AC%B8%EA%B0%80&ackey=ooo0i1hn
B33: URL ② | C33: https://blog.naver.com/freezzangmk/223212973473
B34: URL ③ | C34: https://www.seniornpartners.com/
B35: URL ④
B36: URL ⑤
B38: ※ 연노랑 칸에 입력합니다. L열은 확인일입니다.

Sheet 017_ISO·품질 심사원
B2: Job No. 017 ISO·품질 심사원
B3: 2. 경영·창업 자문형 | 워크위즈 N잡스쿨 · 잡별 시장조사 시트
B5: ① 기본 정보
B6: 직업명 · 별칭 | C6: ISO·품질 심사원
B7: 한 줄 소개 (30자 내외) | C7: 인증기관 소속으로 기업의 품질·환경 경영시스템을 심사하는 일
B8: 수집 상태 · 담당자 | C8: 완료 | E8: 담당 : 정재웅
B9: ② 핵심 지표 6종
B10: 지표 | C10: 초기비용 | D10: 월수익(만원) | E10: 성장성 | F10: 진입난이도 | G10: 주간 소요시간 | H10: 체력부담 | I10: 지표 근거 · 비고
B11: 값 | C11: ₩₩ 50~300만 | D11: 150~800 | E11: ↗↗ 높음 | F11: ★★★ | G11: 주 5~15시간 | H11: 중 | I11: - 프리랜서 (초기) : 월 150 ~ 300만원 - 프리랜서(베테랑/고경력) : 월 400 ~ 800만원 - 인증기관(상근직) : 월 290 ~ 500만원
B12: ③ 하는 일
B13: 하는 일 (3줄 요약) | C13: 1. 경영시스템(예: ISO 9001 등)의 적합성 및 규격 준수 평가 2. 부적합 사항 발굴 및 개선점 제언 3. 품질경영시스템의 지속적 개선 유도 및 사후 관리
B14: ④ 일자리 수요 근거
B15: 수요처 유형 · 규모 · 증감 추세 | C15: - 수요처 : 1) 제조 및 건설업 (전통적 수요처), 2) IT, 정보보안 및 신기술 기업 (고성장 분야), 3) 공공기관, 지자체 및 의료/서비스업, 4) ESG 및 신재생에너지/기후테크 기업 - 시장 규모 : 글로벌 ISO 인증시장 규모는 약 28~29조원 규모 (2026년 기준) - 증감 추세 : 1) 높은 성장세 지속 (CAGR 15% 수준) 및 전문 심사원의 공급 부족 2) 양적 성장에서 '신규 테마(IT·ESG·AI)' 중심의 재편, 3) 원격 및 디지털/자동화 심사 도입 확대
B16: 뒷받침 근거 | C16: 복합 | E16: - 산업의 변화에 따른 요구사항 + 기술 및 법적 변화
B17: ⑤ 진입 방법
B18: 필요 자격 · 교육 | C18: - 필요 자격 : 1) 전문대/4년제 대학교 졸업 이상: 최소 4년 이상의 일반 사회/기업 근무 경력 2) 고등학교 졸업: 최소 6년 이상의 일반 사회/기업 근무 경력 - 경력 : 최소 2년 이상은 품질관리(QC/QA), 품질보증, 생산관리, 공정관리 분야 - 교육 : 공인된 교육기관에서 ISO 심사원 양성 교육 과정 [국내: KAR (한국심사자격인증원), KSA (한국표준협회), KIITM 등, 국제 : CQI / IRCA (영국 국제심사원등록기구), Exemplar Global (미국/아시아) 등]
B19: 초기 준비물 · 비용 | C19: - 초기 준비물 : 학력, 경력증명서, 자격증 등 + 교육/자격증비 60~130만원
B20: 일감 얻는 경로 (플랫폼·기관 실명) | C20: - 국내 대표 인증기관 (KAB 인정기관) : 한국표준협회 (KSA), 한국능률협회인증원 (KMAR), 한국경영인증원 (KMR), 기타 한국품질재단(KFQ), 경영인증평가원(MCE), 한국기업인증원(KOCI) 등 - 글로벌 대형 인증기관 한국지사 : BSI Korea (영국왕립표준협회), SGS Korea (스위스), DNV Korea (노르웨이), TÜV SÜD Korea/TÜV Rheinland (독일), Bureau Veritas Korea (프랑스) - 경영/품질 컨설팅 전문 회사 : 한국인증지원센터, 한국품질경영연구원, 주요 경영컨설팅 파트너스
B21: ⑥ N잡 적합성 검증
B22: 10조건 | C22: ①시간 유연성 | D22: ②체력 감당 | E22: ③직업 이미지 | F22: ④재미 | G22: ⑤전문성 축적 | H22: ⑥일한 만큼 이상 수익 | I22: ⑦우상향 수익 | J22: ⑧충분한 수요 | K22: ⑨진입 가능성 | L22: ⑩직업적 자부심
B23: 판정 ○ △ ✕ | C23: ○ | D23: ○ | E23: ○ | F23: △ | G23: ○ | H23: ○ | I23: ○ | J23: ○ | K23: △ | L23: ○
B24: 판정 근거 (△·✕ 위주로) | C24: ④ △ — 교육/연수후 영업력이 필요. 지방 출장 다니는 것이 적성에 맞아야 함. ⑨ △ — 초기에는 품질/생산관리 연관 경력이 필요. 지속적으로 여러 가지 전문 자격증 획득 필요
B25: 종합 판정 | C25: 적합 | E25: 10조건 중 8개 통과, 2개 조건부
B26: ⑦ 실제 종사자 (1명)
B27: 이름 · 소속 · 경력 | C27: - 진성한 대표 / 한국산업기술경영연구원(KIITM) / 한국산업인력공단 산업현장 교수,건국대학교 신산업융합학과 겸임 교수, 다수 기관들의 평가위원/컨설턴트, 작가(공저 저서 2권), 공학박사 및 공장관리기술사, 경영지도사 보유. 전자/통신사 근무 경력 10년 이상.
B28: 확인 출처 (기사·인터뷰·블로그·유튜브·플랫폼 프로필 등) | C28: - ISO,품질심사원이란? (URL ①), 한국산업기술경영연구원(KIITM) 홈페이지(URL ②), 진성한 대표 블로그(URL ③)
B29: 컨택 포인트 (연락처·이메일·SNS·소속 기관) | C29: - E : shjin8kim@hanmail.net /
B30: 인터뷰 가능성 | C30: 상 | E30: - 인증,심사를 하며 공장 관리/품질 관리 컨설팅과 대학/기업 강의를 병행하고 있음.
B31: ⑧ 참고 URL (오른쪽 끝 칸 = 확인일)
B32: URL ① | C32: https://search.naver.com/search.naver?sm=tab_hty.top&where=nexearch&ssc=tab.nx.all&query=ISO%2C%ED%92%88%EC%A7%88%EC%8B%AC%EC%82%AC%EC%9B%90&oquery=%EC%A7%84%EC%84%B1%ED%95%9C&tqi=jWcnDlqosZrzIH7QRhR-345828&ackey=inxq6tob
B33: URL ② | C33: https://sites.google.com/view/kiitm/%ED%99%88
B34: URL ③ | C34: https://tgg.co.kr/TcPopPrint/1365
B35: URL ④
B36: URL ⑤
B38: ※ 연노랑 칸에 입력합니다. L열은 확인일입니다.

Sheet 018_직업상담사
B2: Job No. 018 직업상담사
B3: 3. 커리어·심리 상담형 | 워크위즈 N잡스쿨 · 잡별 시장조사 시트
B5: ① 기본 정보
B6: 직업명 · 별칭 | C6: 직업상담사
B7: 한 줄 소개 (30자 내외) | C7: 구직자나 미취업자에게 취업정보를 제공하고 직업 선택, 경력설계, 구직 활동 등을 조언
B8: 수집 상태 · 담당자 | C8: 완료 | E8: 박나경
B9: ② 핵심 지표 6종
B10: 지표 | C10: 초기비용 | D10: 월수익(만원) | E10: 성장성 | F10: 진입난이도 | G10: 주간 소요시간 | H10: 체력부담 | I10: 지표 근거 · 비고
B11: 값 | C11: ₩ 50만 미만 | D11: 90만원~180만원 | E11: ↗ 보통 | F11: ★★ | G11: 주 15~30시간 | H11: 하
B12: ③ 하는 일
B13: 하는 일 (3줄 요약) | C13: 구직자와 면담 또는 검사를 통해 적성 흥미 능력 성격 등을 분석하여 구직자에게 알맞은 취업 정보를 제공하고 직업 선택에 관해 조언. 이력서와 자기소개서를 교정해주거나 면접 컨설팅 등 취업 지원서비스도 제공. 필요시 구직자 대상 강의 형태의 교육이나 프로그램을 개발하고 운영 국민취업지원제도 등 정부의 고용지원사업을 운영하거나 실업급여 등의 제도도 안내
B14: ④ 일자리 수요 근거
B15: 수요처 유형 · 규모 · 증감 추세 | C15: 국내 직업상담 인력시장은 약 4만명 규모로 추산되고 있으며 공공고용정책 확대와 중장년 재취업 수요 증가로 계속 확장 추세. 고용노동부 고용센터, 지자체 일자리 센터에서 고용정책 사업을 운영하거나 대학 일자리 센터, 직업전문학교 등에서 청년취업률 관리 및 진로 지도 수요 존재. 민간분야는 인력아웃소싱 업체, 유료 직업소개소, 헤드헌팅업체 등에서 필요
B16: 뒷받침 근거 | C16: 인구구조 변화 | E16: 『2025~2035 정성적 일자리 전망』 발간 | 고용노동부 > 뉴스·소식 > 보도·설명 > 보도자료
B17: ⑤ 진입 방법
B18: 필요 자격 · 교육 | C18: 국가공인자격 시험인 '직업상담사' 1급과 2급이 있음. 1년에 3회 시험이 있고 2급은 학력 경력 제한없이 1차 필기 2차 실기로 취득. 1급은 2급 소지후 3년 현장경험후 응시 가능하며 관리자급 승진시 유리
B19: 초기 준비물 · 비용 | C19: 내일배움카드를 활용하여 국비지원 인강 등으로 자격증 공부를 하면 자부담 10~30만원 선. 민간 학원에 다닐 경우 30~60만원 정도의 초기 비용 발생.
B20: 일감 얻는 경로 (플랫폼·기관 실명) | C20: 고용24나 잡코리아 등에서 '직업상담사''국민취업지원제도' 등 키워드로 검색. 지자체 일자리센터에서 매년초 공채 활발.
B21: ⑥ N잡 적합성 검증
B22: 10조건 | C22: ①시간 유연성 | D22: ②체력 감당 | E22: ③직업 이미지 | F22: ④재미 | G22: ⑤전문성 축적 | H22: ⑥일한 만큼 이상 수익 | I22: ⑦우상향 수익 | J22: ⑧충분한 수요 | K22: ⑨진입 가능성 | L22: ⑩직업적 자부심
B23: 판정 ○ △ ✕ | C23: △ | D23: ○ | E23: △ | F23: ○ | G23: ○ | H23: △ | I23: △ | J23: ○ | K23: ○ | L23: △
B24: 판정 근거 (△·✕ 위주로) | C24: 중장년이 초기 진입하기 좋은 자격증이고 직업을 연결시켜주는 보람도 느낄 수 있어 소득이 높지 않더라도 업무 만족도가 높을 수 있음. 노동시장 및 산업정보 분석력도 높아져 추후 HR 컨설턴트나 취업 특강, 진로강사, 전직지원 컨설턴트 등으로도 확장할 수 있음
B25: 종합 판정 | C25: 적합 | E25: x가 없어 무난한 N잡으로 적합 판정
B26: ⑦ 실제 종사자 (1명)
B27: 이름 · 소속 · 경력 | C27: 직업상담사 '우연님' / 새일센터 직업상담사 및 가족센터 객원전문상담사(임상심리사, 청소년상담사)로 활동중, 사회복지사 자격 취득
B28: 확인 출처 (기사·인터뷰·블로그·유튜브·플랫폼 프로필 등) | C28: https://blog.naver.com/sesikool https://youtube.com/@plannedhappenstance?si=o-_IGhbGRfXVJrtK
B29: 컨택 포인트 (연락처·이메일·SNS·소속 기관) | C29: 블로그 쪽지나 댓글, 유튜브 댓글
B30: 인터뷰 가능성 | C30: 중 | E30: 현재 직업상담사와 심리상담사로 활동중인 40대 N잡러로 본인 홍보를 위해 유튜브와 블로그를 운영중인 만큼 진정성을 가지고 연락시 인터뷰 가능성 있는 것으로 판단
B31: ⑧ 참고 URL (오른쪽 끝 칸 = 확인일)
B32: URL ① | C32: https://bravo.etoday.co.kr/view/atc_view/14342 | L32: 23.2
B33: URL ② | C33: 직업상담사 취업 | 직업별 채용정보 - 사람인 | L33: 26.8
B34: URL ③ | C34: 직업상담사2급 국비지원｜필기 실기 난이도 동차.. : 네이버블로그
B35: URL ④ | C35: https://youtu.be/3QipP2PZXKM?si=xRg7KlQwOYw-PhP3
B36: URL ⑤ | C36: https://youtu.be/Cw28OuDs89A?si=VCZdeRhHnbvc3bkZ
B38: ※ 연노랑 칸에 입력합니다. L열은 확인일입니다.

Sheet 019_전직지원 컨설턴트
B2: Job No. 019 중장년 전직지원 컨설턴트
B3: 3. 커리어·심리 상담형 | 워크위즈 N잡스쿨 · 잡별 시장조사 시트
B5: ① 기본 정보
B6: 직업명 · 별칭 | C6: 전직지원 컨설턴트
B7: 한 줄 소개 (30자 내외) | C7: 퇴직 후 이직 또는 전직, 창업을 희망하는 이들에게 직업을 추천하고 상담 진행
B8: 수집 상태 · 담당자 | C8: 완료 | E8: 박나경
B9: ② 핵심 지표 6종
B10: 지표 | C10: 초기비용 | D10: 월수익(만원) | E10: 성장성 | F10: 진입난이도 | G10: 주간 소요시간 | H10: 체력부담 | I10: 지표 근거 · 비고
B11: 값 | C11: ₩ 50만 미만 | D11: 220만원~240만원 | E11: ↗↗ 높음 | F11: ★★ | G11: 주 15~30시간 | H11: 중 | I11: https://www.sedaily.com/article/20025867?ref=naver
B12: ③ 하는 일
B13: 하는 일 (3줄 요약) | C13: 경력 진단 : 1대1 상담을 통해 상담자의 경력, 심리상태, 성격, 선호근무형태 등 검사결과를 바탕으로 개인별 취업전략 수립 구인구직 알선 : 구인기업을 발굴하고 기업에 인재 추천, 중장년 인력풀을 관리하면서 매칭 서비스 제공 취업 지원 : 이력서 검토 및 면접 코칭 등 진행
B15: 수요처 유형 · 규모 · 증감 추세 | C15: 정부가 재취업지원서비스를 내년부터 500명 이상 사업장, 2029년까지 300명 이상 사업장에 의무화하고 있음. 따라서 민간기업들이 퇴직예정자 대상 전직상담 및 교육프로그램 운영을 위한 조직을 꾸리고 있음. 300명 미만 사업장 퇴직예정자의 경우, 중장년내일센터 등 전국 공공기관에서 재취업 지원을 위핸 전직지원컨설턴트를 상시 모집중
B16: 뒷받침 근거 | C16: 법제도·정책 | E16: https://www.korea.kr/news/policyNewsView.do?newsId=148964384&call_from=naver_news
B17: ⑤ 진입 방법
B18: 필요 자격 · 교육 | C18: 정부 공인자격증은 없으며 50플러스센터 등에서 직업상담사 2급 자격증을 가진 분들을 대상으로 전직지원 컨설턴트 양성과정 등이 운영중인 경우가 많음/ 등록민간자격증으로 전직지원전문가 1급 2급 과정, 시니어취업컨설턴트 1급 등이 존재
B19: 초기 준비물 · 비용 | C19: 클립스컨설팅의 전직지원전문가 1급(38만원), 2급(32만원) 과정이 있으며, 내일배움카드로 전직지원컨설턴트 실무과정(31만원) 수강 가능 한국직업능력연구원 시니어취업컨설턴트 과정(자격증 발급비용 8만원) 수강 가능
B20: 일감 얻는 경로 (플랫폼·기관 실명) | C20: 고용24 채용정보란에 이음길 전직지원사업본부에서 전직지원 컨설턴트 채용 공고(주5일근무 연봉 2700만원~3000만원) / 잡코리아에 AKG 호주HR전문기업에서 취창업지원 프로그램 사업 운영자 모집중(계약직 4개월, 220만원 이상) /강서여성새로일하기센터에서 취업상담사 포지션(계약직 12개월, 월급 253만원 이상) 구인중
B21: ⑥ N잡 적합성 검증
B22: 10조건 | C22: ①시간 유연성 | D22: ②체력 감당 | E22: ③직업 이미지 | F22: ④재미 | G22: ⑤전문성 축적 | H22: ⑥일한 만큼 이상 수익 | I22: ⑦우상향 수익 | J22: ⑧충분한 수요 | K22: ⑨진입 가능성 | L22: ⑩직업적 자부심
B23: 판정 ○ △ ✕ | C23: ○ | D23: ○ | E23: ○ | F23: ○ | G23: ○ | H23: ○ | I23: △ | J23: ○ | K23: ○ | L23: ○
B24: 판정 근거 (△·✕ 위주로) | C24: 근무시간을 늘려 수입을 키울수는 있으나, 경력이 쌓인다고 해서 '시간당 수입'이 유의미한 수준으로 증가하지는 않음
B25: 종합 판정 | C25: 적합 | E25: x가 없어 적합 판정
B26: ⑦ 실제 종사자 (1명)
B27: 이름 · 소속 · 경력 | C27: 유명열 노후준비 민간 전문강사 / 국민연금공단 중앙노후준비지원센터
B28: 확인 출처 (기사·인터뷰·블로그·유튜브·플랫폼 프로필 등) | C28: 정재웅 위원님 소개
B29: 컨택 포인트 (연락처·이메일·SNS·소속 기관) | C29: youamy12@naver.com / 010-2735-5967 (이메일로 소통 원하심)
B30: 인터뷰 가능성 | C30: 상 | E30: 정재웅 위원님 지인
B31: ⑧ 참고 URL (오른쪽 끝 칸 = 확인일)
B32: URL ① | C32: https://www.korea.kr/multi/visualNewsView.do?newsId=148966406 | L32: 26.6
B33: URL ② | C33: [장욱희의 중장년 취업에세이] 전직지원 서비스, 모두의 준비가 되어야 한다 | L33: 26.3
B34: URL ③ | C34: https://www.50plus.or.kr/life/detail.do?id=41806192 | H34: 김연중
B35: URL ④ | C35: https://www.sedaily.com/article/13163179
B36: URL ⑤ | C36: 전체 | 통합검색
B38: ※ 연노랑 칸에 입력합니다. L열은 확인일입니다.

Sheet 020_커리어 코치
B2: Job No. 020 청년 커리어 코치
B3: 3. 커리어·심리 상담형 | 워크위즈 N잡스쿨 · 잡별 시장조사 시트
B5: ① 기본 정보
B6: 직업명 · 별칭 | C6: 청년 커리어 코치
B7: 한 줄 소개 (30자 내외) | C7: 자기에게 맞는 직업을 찾고 취업 준비를 구체화하고 실제 취업까지 가도록 돕는 역할
B8: 수집 상태 · 담당자 | C8: 완료 | E8: 박나경
B9: ② 핵심 지표 6종
B10: 지표 | C10: 초기비용 | D10: 월수익(만원) | E10: 성장성 | F10: 진입난이도 | G10: 주간 소요시간 | H10: 체력부담 | I10: 지표 근거 · 비고
B11: 값 | C11: ₩ 50만 미만 | D11: 100만원~240만원 | E11: ↗ 보통 | F11: ★★ | G11: 주 30시간 이상 | H11: 하
B12: ③ 하는 일
B13: 하는 일 (3줄 요약) | C13: 1:1 커리어 상담 : 진로를 정하지 못하는 청년들에게 전공과 취업 관련 분야를 안내 취업서류 컨설팅 : 지원 직무를 분석하여 이력서, 자기소개서, 포트폴리오, 경력기술서 등을 작성할 때 도움을 줌 면접 코칭 : 모의 면접을 수차례 함께 진행하며 답변을 구조화 하도록 돕고, 자기 경험 정리나 PT/토론 면접도 가이드 진로프로그램/강의 진행 : 대학생 진로설계 방법, 직무 탐색, 취업 전략, 커리어 로드맵, 자소서 특강 등을 진행
B14: ④ 일자리 수요 근거
B15: 수요처 유형 · 규모 · 증감 추세 | C15: 2026년 기준 대학교 졸업생 특화 프로그램은 120개교 규모로 운영중이며, 대학일자리플러스센터는 전국 122개 대학에서 운영중으로 재학생 취업센터 역할만 하는 것이 아니라 졸업생과 지역청년까지 대상으로 삼고 있음. 올해 '일자리 첫걸음 보장센터'가 새로 만들어져 10개 대학이 운영기관으로 지원받고 있음. 청년도전지원사업도 지자체를 통해 운영중. 따라서 공공 교육수요는 분명히 존재
B16: 뒷받침 근거 | C16: 복합 | E16: https://www.work24.go.kr/fs/a/a/0100/selectOperUnivPrgmList.do?currentPageNo=2&recordCountPerPage=10&srchAreaList=&srchOperUniv=&srchWrd=
B17: ⑤ 진입 방법
B18: 필요 자격 · 교육 | C18: 청년 커리어 코치 분야의 국가 공인자격증은 없음. 다만 실제 취업시장에서는 산업인력공단의 직업상담사 2급이 상당히 유용.
B19: 초기 준비물 · 비용 | C19: 노트북, 커리어 진단지, 이력서나 자소서 분석 템플릿, 명함 등이 필요
B20: 일감 얻는 경로 (플랫폼·기관 실명) | C20: 대학/전문대에 모집공고를 확인할 수 있고, 지자체나 청년센터, 고용센터, 취업지원기관 홈페이지를 확인하면 계약직 컨설턴트나 외부강사 채용 공고가 뜸. 중고등학교 진로캠프나 특강 같은 기관 프로그램 위탁 계약 수주업체에서 강사로 활동할 수 있고, 프리랜서로 활동하며 개인 1대1 코칭도 가능
B22: 10조건 | C22: ①시간 유연성 | D22: ②체력 감당 | E22: ③직업 이미지 | F22: ④재미 | G22: ⑤전문성 축적 | H22: ⑥일한 만큼 이상 수익 | I22: ⑦우상향 수익 | J22: ⑧충분한 수요 | K22: ⑨진입 가능성 | L22: ⑩직업적 자부심
B23: 판정 ○ △ ✕ | C23: ○ | D23: ○ | E23: ○ | F23: ○ | G23: ○ | H23: ○ | I23: △ | J23: ○ | K23: ○ | L23: ○
B24: 판정 근거 (△·✕ 위주로) | C24: 청년 실업률이 높아 정부차원에서 다양한 형태의 취업지원 정책을 내고 있어 일자리 수요와 진입이 양호하나 이 분야로 수입이 크게 증가하기를 기대하기는 다소 어려움
B25: 종합 판정 | C25: 적합 | E25: X가 없어 적합 판정
B26: ⑦ 실제 종사자 (1명)
B27: 이름 · 소속 · 경력 | C27: 권리안 서울대 소속 컨설턴트 / 시립대 3년, 한국외대 4년 등 총15여년 경력
B28: 확인 출처 (기사·인터뷰·블로그·유튜브·플랫폼 프로필 등)
B29: 컨택 포인트 (연락처·이메일·SNS·소속 기관) | C29: 010-4310-3916
B30: 인터뷰 가능성 | C30: 중 | E30: 인터뷰는 본인이 생각하는 방향 등과 맞으면 응하겠다고 함
B31: ⑧ 참고 URL (오른쪽 끝 칸 = 확인일)
B32: URL ① | C32: https://www.moel.go.kr/skin/doc.html?fn=2026022017250108a46b9fe3734a98862a9802edbd2184.hwp&rs=/viewer/BBS/2026//
B33: URL ② | C33: https://www.jobkorea.co.kr/Search?stext=%EC%9D%BC%EC%9E%90%EB%A6%AC%ED%94%8C%EB%9F%AC%EC%8A%A4%EC%84%BC%ED%84%B0&tabType=recruit 일자리센터
B34: URL ③ | C34: https://www.jobkorea.co.kr/Search?stext=%EC%A7%84%EB%A1%9C%EC%BA%A0%ED%94%84&tabType=recruit 청소년 진로 강사
B35: URL ④ | C35: https://www.fntoday.co.kr/news/articleView.html?idxno=386041
B36: URL ⑤ | C36: https://go.seoul.co.kr/news/newsView.php?id=20260928021003&wlog_tag3=naver 도봉구
B38: ※ 연노랑 칸에 입력합니다. L열은 확인일입니다.

Sheet 021_심리상담사
B2: Job No. 021 심리상담사
B3: 3. 커리어·심리 상담형 | 워크위즈 N잡스쿨 · 잡별 시장조사 시트
B5: ① 기본 정보
B6: 직업명 · 별칭 | C6: 심리상담사
B7: 한 줄 소개 (30자 내외) | C7: 마음의 어려움을 겪는 사람과 대화하며 문제 해결을 돕는 일
B8: 수집 상태 · 담당자 | C8: 완료 | E8: 박나경
B9: ② 핵심 지표 6종
B10: 지표 | C10: 초기비용 | D10: 월수익(만원) | E10: 성장성 | F10: 진입난이도 | G10: 주간 소요시간 | H10: 체력부담 | I10: 지표 근거 · 비고
B11: 값 | C11: ₩ 50만 미만 | D11: 200만원 | E11: ↗ 보통 | F11: ★★★★★ | G11: 주 15~30시간 | H11: 하 | I11: https://youtu.be/SoZcCt35FGk?si=_4ZQmRlXGRisx_Sl
B12: ③ 하는 일
B13: 하는 일 (3줄 요약) | C13: 내담자의 정서와 행동 특성을 파악하고 상담 목적에 맞는 질문과 대화 진행 내담자의 스트레스 요인, 정서적 어려움 해결에 도움될 '자기인식' 제고 상호작용 상담 내용을 기록하고 적절한 상담 빈도 조절, 관리
B14: ④ 일자리 수요 근거
B15: 수요처 유형 · 규모 · 증감 추세 | C15: 대학 학생상담센터, 대기업 직원 상담센터, 병원 직원상담센터, 민간 심리상담 및 정신과 의원 상담실 등의 수요가 꾸준하며 급변하는 사회구조나 경제 불황 등으로 인한 우울감, 관계 불안감 등 심리문제를 겪고 있는 인구가 늘고 있어 심리상담을 필요로 하는 사람은 급증 추세.
B16: 뒷받침 근거 | C16: 복합 | E16: https://www.newsis.com/view/NISX20261006_0003815257 https://www.kyongbuk.co.kr/news/articleView.html?idxno=4085747
B17: ⑤ 진입 방법
B18: 필요 자격 · 교육 | C18: 한국상담심리학회 상담심리사(자격요건 까다로움)보다 손쉽게 취득할 수 있는 민간등록 자격증으로 심리상담사 1급과 2급 자격증이 있음. 실제로는 상담심리사 자격증을 따야한다고 수정
B19: 초기 준비물 · 비용 | C19: 한국직업평가진흥협회, 한국심리교육협회 등 민간기관에서 발급비용(8만원)만 받고 무료 강의(4주~6주 온라인 과정) 이수후 발급비용(8만원)만 내고 자격증 취득 가능.
B20: 일감 얻는 경로 (플랫폼·기관 실명) | C20: 대개 직업상담사, 요앙복지사, 사회복지사, 진로지도사 등의 자격증과 함께 취득하여 창소년/노인 관련 사회복지기관, 공공기관 위탁센터 등으로 진출.
B21: ⑥ N잡 적합성 검증
B22: 10조건 | C22: ①시간 유연성 | D22: ②체력 감당 | E22: ③직업 이미지 | F22: ④재미 | G22: ⑤전문성 축적 | H22: ⑥일한 만큼 이상 수익 | I22: ⑦우상향 수익 | J22: ⑧충분한 수요 | K22: ⑨진입 가능성 | L22: ⑩직업적 자부심
B23: 판정 ○ △ ✕ | C23: ○ | D23: ○ | E23: △ | F23: △ | G23: △ | H23: ✕ | I23: ✕ | J23: ✕ | K23: ○ | L23: △
B24: 판정 근거 (△·✕ 위주로) | C24: 심리상담사 단일 자격 취득만으로는 취업에 활용이 어렵거나 인정받지 못할 가능성. 노인대상 운동지도, 인지활동지도, 방문학습 지도사 등이 이력을 차별화하고 개인회원 확보 차원에서 취득하는 경우가 많음. 기업이나 학교 등에서 요구하는 자격은 심리상담사가 아니라 상담심리사로, 자격증 취득을 위해 관련 학과 석사이상, 관련 상담수련 1년 이상 등이 필요.
B25: 종합 판정 | C25: 부적합 | E25: 단일 자격증을 취득하는 것 만으로 원활한 N잡 활동이 가능하지 않아 부적합 판정
B26: ⑦ 실제 종사자 (1명)
B27: 이름 · 소속 · 경력
B28: 확인 출처 (기사·인터뷰·블로그·유튜브·플랫폼 프로필 등)
B29: 컨택 포인트 (연락처·이메일·SNS·소속 기관)
B30: 인터뷰 가능성
B31: ⑧ 참고 URL (오른쪽 끝 칸 = 확인일)
B32: URL ① | C32: https://www.sedaily.com/article/12344610 상담심리사(국가자격) 심리상담사(사설자격)
B33: URL ② | C33: https://www.saramin.co.kr/zf_user/jobs/relay/view?rec_idx=55150994&view_type=search 강의 시간당 10만원
B34: URL ③ | C34: https://www.saramin.co.kr/zf_user/jobs/relay/view?rec_idx=55202430&view_type=search 시급 13000
B35: URL ④ | C35: https://www.counjob.co.kr/guin_detail.php?num=25230&pg=&cou=101&clickChk=
B36: URL ⑤
B38: ※ 연노랑 칸에 입력합니다. L열은 확인일입니다.

Sheet 022_타로상담가
B2: Job No. 022 타로상담가
B3: 3. 커리어·심리 상담형 | 워크위즈 N잡스쿨 · 잡별 시장조사 시트
B5: ① 기본 정보
B6: 직업명 · 별칭 | C6: 타로상담가
B7: 한 줄 소개 (30자 내외) | C7: 타로카드를 매개로 내담자의 고민을 함께 정리하고 방향을 찾아주는 일
B8: 수집 상태 · 담당자 | C8: 완료 | E8: 박나경
B9: ② 핵심 지표 6종
B10: 지표 | C10: 초기비용 | D10: 월수익(만원) | E10: 성장성 | F10: 진입난이도 | G10: 주간 소요시간 | H10: 체력부담 | I10: 지표 근거 · 비고
B11: 값 | C11: ₩ 50만 미만 | D11: 30만원 | E11: ↗ 보통 | F11: ★★★ | G11: 주 5시간 미만 | H11: 하 | I11: 질문 1건당 3천원/5천원/1만원 상담 1분당 1000원
B12: ③ 하는 일
B13: 하는 일 (3줄 요약) | C13: 개인 상담 : 비대면 플랫폼이나 오픈채팅방 등의 온라인 상담실을 운영하거나 오프라인 상담실 운영 온라인 활동 : 유튜브 등에서 카드 상징, 배열, 해석 콘텐츠를 제작해 업로드하거나 온라인 강의 진행 교육기관 강사활동 : 문화센터 등에서 시민 대상 교육 프로그램 운영
B14: ④ 일자리 수요 근거
B15: 수요처 유형 · 규모 · 증감 추세 | C15: 평생교육원과 문화센터 타로심리상담 프로그램 운영 수요가 존재하며, 진로.심리 지원 프로그램이나 자기성장 워크숍 강사로 참여 가능. 지역사회 행사 축제.행사.체험 프로그램의 상담활동이나 타로부스 운영자로 참여 가능/ K컬쳐 붐과 더불어 K사주,타로, 운세 수요가 증가추세. AI 운세 프로그램 덕에 오히려 타로 사주 시장 진입 인구가 늘어 오프라인 상담도 많아지고 있다고 함
B16: 뒷받침 근거 | C16: 플랫폼 거래량 | E16: https://www.m-i.kr/news/articleView.html?idxno=1415186
B17: ⑤ 진입 방법
B18: 필요 자격 · 교육 | C18: 민간등록자격증으로 타로상담사(한국자격평가협회, 한국지식교육협회), 타로심리상담사(한국교육과정평가협회) 등의 자격증이 있으며 온라인 자격 취득 후에도 현직 타로상담가에게 추가로 카드리딩 수업을 받기도함
B19: 초기 준비물 · 비용 | C19: 민간등록증 발급비용(8~10만원)이 들고, 추가로 현역 타로상담사에게 배우는 실전과정(2시간 10회 100만원선) 수강 가능
B20: 일감 얻는 경로 (플랫폼·기관 실명) | C20: 네이버 expert, 크몽 운세, 사주천궁, 홍카페 등의 플랫폼에 타주상담가로 등록하여 전화/온라인 상담 진행 지역문화축제에 부스 운영자로 등록하여 현장 상담 진행
B21: ⑥ N잡 적합성 검증
B22: 10조건 | C22: ①시간 유연성 | D22: ②체력 감당 | E22: ③직업 이미지 | F22: ④재미 | G22: ⑤전문성 축적 | H22: ⑥일한 만큼 이상 수익 | I22: ⑦우상향 수익 | J22: ⑧충분한 수요 | K22: ⑨진입 가능성 | L22: ⑩직업적 자부심
B23: 판정 ○ △ ✕ | C23: ○ | D23: ○ | E23: △ | F23: ○ | G23: △ | H23: ○ | I23: △ | J23: △ | K23: ○ | L23: △
B24: 판정 근거 (△·✕ 위주로) | C24: 타로상담사는 주로 사주상담사가 추가 자격증처럼 따는 경우가 많다고 함. 운세 전문가로 통합하는 방안 고려. 장소에 구애받지 않고 온라인으로 활동할 수 있어 시간 유연성이 크다는 점에서 N잡의 한 축이 될 수 있으나 그만큼 지속적인 수입을 발생시키거나 전문성을 쌓고 스스로를 차별화 하기까지 시간이 많이 걸림
B25: 종합 판정 | C25: 조건부 | E25: 사주상담가와 합쳐 운세전문가로 통합하는 방안 고려 필요
B26: ⑦ 실제 종사자 (1명)
B27: 이름 · 소속 · 경력 | C27: 신봉주 프리랜서, 경력 10년
B28: 확인 출처 (기사·인터뷰·블로그·유튜브·플랫폼 프로필 등)
B29: 컨택 포인트 (연락처·이메일·SNS·소속 기관) | C29: 010-4692-7491
B30: 인터뷰 가능성 | C30: 상 | E30: 상상우리 이은경 본부장 소개
B31: ⑧ 참고 URL (오른쪽 끝 칸 = 확인일)
B32: URL ① | C32: https://blog.naver.com/musthave007/224407262456
B33: URL ② | C33: https://www.delighti.co.kr/news/articleView.html?idxno=70808
B34: URL ③ | C34: https://www.m-i.kr/news/articleView.html?idxno=1415186
B35: URL ④ | C35: https://www.segyebiz.com/adxView/20260821503994?OutUrl=naver
B36: URL ⑤ | C36: https://youtu.be/gV6OPGsc1Zg?si=xCCzNKlRJtKLj4Us
B38: ※ 연노랑 칸에 입력합니다. L열은 확인일입니다.

Sheet 023_사주명리 상담가
B2: Job No. 023 사주명리 상담가
B3: 3. 커리어·심리 상담형 | 워크위즈 N잡스쿨 · 잡별 시장조사 시트
B5: ① 기본 정보
B6: 직업명 · 별칭 | C6: 사주명리 상담가
B7: 한 줄 소개 (30자 내외) | C7: 사주명리 해석을 바탕으로 진로.인간관계 등 삶의 고민을 상담하는 일
B8: 수집 상태 · 담당자 | C8: 완료 | E8: 박나경
B9: ② 핵심 지표 6종
B10: 지표 | C10: 초기비용 | D10: 월수익(만원) | E10: 성장성 | F10: 진입난이도 | G10: 주간 소요시간 | H10: 체력부담 | I10: 지표 근거 · 비고
B11: 값 | C11: ₩ 50만 미만 | D11: 건당 1~2만원선 | E11: ↗ 보통 | F11: ★★★ | G11: 주 15~30시간 | H11: 하 | I11: 전업상담가상담료 30분에 5만원~7만원, 궁합 8만원~10만원/초보상담가 전화상담 30분에 2.5만원, 카카오톡상담 질문 1개 1만원
B12: ③ 하는 일
B13: 하는 일 (3줄 요약) | C13: 내담자의 성향, 관계, 진로 등을 명리학적 관점에서 풀이하면서 고민을 해결할 수 있도록 지원 플랫폼 관리와 홍보 : 자주묻는 질문과 상담 후기 관리 꾸준한 명리학 공부를 통해 사주 해석 연습 진행
B14: ④ 일자리 수요 근거
B15: 수요처 유형 · 규모 · 증감 추세 | C15: 서울관광공사가 2024년부터 사주 카페를 관광상품으로 인정하고 관련 서비스를 홍보하기 시작. 국가통계포털에 따르면 점술 및 유사 서비스업 종사자가 2020년 9692명에서 2024년 1만 3천명 수준. 비정규 등록자와 플랫폼 활동 인력까지 포함하면 훨씬 많을 것. K컬쳐붐으로 외국인 운세체험 수요 급증. 2024년 기준 점술산업 규모는 약 1조 4000억원으로 추산. 운세시장 2032년가지 연평균 6~7%대 성장 예상 디지털 플랫폼 기반 서비스 확산과 심리상담 수요 증가, 관광 체험형 소비가 동시에 작용
B16: 뒷받침 근거 | C16: 복합 | E16: https://www.hankyung.com/article/2026021070881
B17: ⑤ 진입 방법
B18: 필요 자격 · 교육 | C18: 명리심리상담사(한국교육과정평가협회, 국제자격검정원), 사주명리상담사(한국자격평가협회) 등 민간등록자격 존재
B19: 초기 준비물 · 비용 | C19: 민간등록자격증의 경우, 온라인 무료교육(20강 정도)에 자격증 발급 비용(8-9만원) 정도 소요. 그러나 사주명리 상담을 잘하기 위해서는 현직 활동가에게 상담기법, 풀이법 등 이론을 실제 적용하는 방법을 배울 필요
B20: 일감 얻는 경로 (플랫폼·기관 실명) | C20: 크리에이트립, 코리아트래블이지, 프립 등 여행 체험상품 플랫폼과 사주천궁, 무당닷컴, 사주빌딩, 운세7 등 사주전문 플랫폼에 상담가로 등록하여 활동(수수료는 20~40%)/ 카카오오픈채팅방에서 무료사주방을 운영하다 1대1 상담 신청을 받는 방식
B21: ⑥ N잡 적합성 검증
B22: 10조건 | C22: ①시간 유연성 | D22: ②체력 감당 | E22: ③직업 이미지 | F22: ④재미 | G22: ⑤전문성 축적 | H22: ⑥일한 만큼 이상 수익 | I22: ⑦우상향 수익 | J22: ⑧충분한 수요 | K22: ⑨진입 가능성 | L22: ⑩직업적 자부심
B23: 판정 ○ △ ✕ | C23: ○ | D23: ○ | E23: △ | F23: ○ | G23: ○ | H23: △ | I23: △ | J23: ○ | K23: ○ | L23: △
B24: 판정 근거 (△·✕ 위주로) | C24: 현재 K컬쳐 붐과 디지털 플랫폼 기반 서비스 확산에 따라 유망해 보임. 그러나 플랫폼에 활동가로 등록해도 광고를 하지 않으면 현실적인 수익 발생에 어려움이 있고, 플랫폼 활용 경쟁력이 젊은이들에 비해 떨어져서 안정적인 수입을 얻기는 어려울 가능성도 존재. 큰 욕심없이 한달에 30만원 정도 꾸준히 수입을 얻고 활동한다는 생각을 갖는다면 N잡으로 적절.
B25: 종합 판정 | C25: 조건부 | E25: 타로상담가와 통합 고려(운세상담가)
B26: ⑦ 실제 종사자 (1명)
B27: 이름 · 소속 · 경력 | C27: 재미난 조각가
B28: 확인 출처 (기사·인터뷰·블로그·유튜브·플랫폼 프로필 등) | C28: https://funnysaju.com/teacher-schedule/ https://m.blog.naver.com/seraba/222591729594
B29: 컨택 포인트 (연락처·이메일·SNS·소속 기관) | C29: 010 2794 4543
B30: 인터뷰 가능성
B31: ⑧ 참고 URL (오른쪽 끝 칸 = 확인일)
B32: URL ① | C32: https://www.venturesquare.net/1113876/ k-점술
B33: URL ② | C33: https://www.hankyung.com/article/2026021070881 한경 외국인도 반한 K사주
B34: URL ③ | C34: https://www.m-i.kr/news/articleView.html?idxno=1415186 크몽
B35: URL ④
B36: URL ⑤
B38: ※ 연노랑 칸에 입력합니다. L열은 확인일입니다.

Sheet 024_퍼스널컬러 전문가
B2: Job No. 024 퍼스널컬러 전문가
B3: 3. 커리어·심리 상담형 | 워크위즈 N잡스쿨 · 잡별 시장조사 시트
B5: ① 기본 정보
B6: 직업명 · 별칭 | C6: 퍼스널컬러 전문가
B7: 한 줄 소개 (30자 내외) | C7: 고객에게 잘 어울리는 색을 찾아주고 그 색을 실제 생활에 적용하도록 도와주는 일
B8: 수집 상태 · 담당자 | C8: 완료 | E8: 박나경
B9: ② 핵심 지표 6종
B10: 지표 | C10: 초기비용 | D10: 월수익(만원) | E10: 성장성 | F10: 진입난이도 | G10: 주간 소요시간 | H10: 체력부담 | I10: 지표 근거 · 비고
B11: 값 | C11: ₩ 50만 미만 | D11: 건당 8~15만원 | E11: ↗ 보통 | F11: ★★ | G11: 주 5시간 미만 | H11: 하
B12: ③ 하는 일
B13: 하는 일 (3줄 요약) | C13: 피부톤, 눈동자, 모발 등 개인이 가진 색채 특성을 분석하고 웜톤/쿨톤 및 세부 톤을 진단. 어울리는 의류 색상이나 메이크업, 액세서리, 안경 등을 추천하고 본인의 이미지에 맞는 색상 조합도 제안. 퍼스널컬러 진단 결과를 리포트로 작성하기도 하며 고객 대상 컬러 교육과 강의, 기업이나 공공기관 대상 단체 프로그램도 운영
B14: ④ 일자리 수요 근거
B15: 수요처 유형 · 규모 · 증감 추세 | C15: 화장품 뷰티 분야 : 화장품 매장, 뷰티 브랜드, 메이크업 스튜디오, 백화점 뷰티매장, 메이크업 클래스 / 패션 분야 : 의류매장, 패션 브랜드, 스타일링 업체, 쇼핑몰, 퍼스널 쇼퍼, 이미지 컨설팅 업체 / 취업 이미지 메이킹, 면접대비 등과도 결합 가능. 특히 외국인 관광객 대상 K뷰티 퍼스널컬러 진단-메이크업-쇼핑 사업과도 가능. 1대1 퍼컬 진단 시장(프리랜서 건당 8~15만원)과 함께 기업대상 강의 등 단체 프로그램 수요(전문강사)도 확대중
B16: 뒷받침 근거 | C16: 복합 | E16: https://biz.heraldcorp.com/article/10850764?ref=naver
B17: ⑤ 진입 방법
B18: 필요 자격 · 교육 | C18: 내일배움카드로 수강할 수 있는 퍼스널컬러 전문가 과정(30만원)이 잇으며, 한국인재능력개발원 등 민간 온라인 과정도 다수 존재.
B19: 초기 준비물 · 비용 | C19: 퍼스널컬러 전문가 자격 취득과정 비용 20~30만원/ 메이크업이나 패션업종 경험이 있으면 퍼스널컬러와 접목해 스타일링 제안시 유리한 만큼 취업확률도 상승
B20: 일감 얻는 경로 (플랫폼·기관 실명) | C20: 알바몬 등에 프리랜서 퍼컬 컨설턴트 모집 공고가 건당 4만원 정도로 올라와 있으며, 잡코리아나 사람인 등에도 뷰티컨설턴트 패션컨설턴트 업무와 연계한 구인 광고가 다수 올라와 있음. 주목할 점은 퍼컬 로드샵, 메이크업샵 등에서 최근 외국어 가능자를 찾는 구인 광고가 급증 추세로 K뷰티 산업 확장에 따른 관광객 대상 퍼컬체험 수요가 크게 늘고 있음
B21: ⑥ N잡 적합성 검증
B22: 10조건 | C22: ①시간 유연성 | D22: ②체력 감당 | E22: ③직업 이미지 | F22: ④재미 | G22: ⑤전문성 축적 | H22: ⑥일한 만큼 이상 수익 | I22: ⑦우상향 수익 | J22: ⑧충분한 수요 | K22: ⑨진입 가능성 | L22: ⑩직업적 자부심
B23: 판정 ○ △ ✕ | C23: ○ | D23: ○ | E23: ○ | F23: ○ | G23: ○ | H23: ○ | I23: ○ | J23: ○ | K23: ○ | L23: ○
B24: 판정 근거 (△·✕ 위주로) | C24: 주로 파트타임이나 프리랜서 형태로 근무하며 수입도 건별로 발생되는 경향이 있어 N잡 형태에 적절/ 특히 패션, 미용, 메이크업 전공자나 어학 능통자는 업무 확장성이 매우 큼
B25: 종합 판정 | C25: 적합 | E25: 모든 항목 o로 적합 판정
B26: ⑦ 실제 종사자 (1명)
B27: 이름 · 소속 · 경력 | C27: 박현정 퍼스널컬러 컨설턴트/ 박디의 컬러랩 대표(패션디자이너 출신)
B28: 확인 출처 (기사·인터뷰·블로그·유튜브·플랫폼 프로필 등) | C28: 강의 · 출강, 박디의 컬러랩 : 네이버 블로그
B29: 컨택 포인트 (연락처·이메일·SNS·소속 기관) | C29: 010-9344-3450 / jung3615@gmail.com / 성동구 독서당로 270 109호
B30: 인터뷰 가능성 | C30: 상 | E30: 지인을 통해 서면인터뷰 가능하다고 확답받음
B31: ⑧ 참고 URL (오른쪽 끝 칸 = 확인일)
B32: URL ① | C32: 퍼스널컬러 컨설턴트 통합검색 | 총 24건의 검색결과 - 사람인
B33: URL ② | C33: 외래객, 퍼스널 컬러 보러 한국 온다…클룩 "K-뷰티 트래픽 46% 증가" | 아주경제
B34: URL ③ | C34: https://youtu.be/Un-xG_yBY1w?si=NljToJk_ZLJ4dMzF
B35: URL ④ | C35: 민간자격기본정보(퍼스널컬러전문가)-민간자격검색-자격정보-민간자격정보서비스
B36: URL ⑤ | C36: 민간자격기본정보(퍼스널컬러리스트)-민간자격검색-자격정보-민간자격정보서비스
B38: ※ 연노랑 칸에 입력합니다. L열은 확인일입니다.

Sheet 025_기업교육 강사
B2: Job No. 025 기업교육 강사
B3: 4. 교육·강의형 | 워크위즈 N잡스쿨 · 잡별 시장조사 시트
B5: ① 기본 정보
B6: 직업명 · 별칭 | C6: 기업교육 강사
B7: 한 줄 소개 (30자 내외) | C7: 기업·공공기관에 출강해 직무와 조직 역량을 가르치는 일
B8: 수집 상태 · 담당자 | C8: 완료 | E8: 담당 : 정재웅
B9: ② 핵심 지표 6종
B10: 지표 | C10: 초기비용 | D10: 월수익(만원) | E10: 성장성 | F10: 진입난이도 | G10: 주간 소요시간 | H10: 체력부담 | I10: 지표 근거 · 비고
B11: 값 | C11: ₩₩ 50~300만 | D11: 50 ~ 200 | F11: ★★★ | G11: 주 5~15시간 | H11: 중 | I11: - 초보 및 파트타임 강사 : 월 50 ~ 200만원 - 전문 프리랜서 강사 : 월 300 ~ 700만원 - 스타 강사 및 1인 대표 : 월 1,000만원 이상
B12: ③ 하는 일
B13: 하는 일 (3줄 요약) | C13: - 직무 역량 및 전문 교육 : 사내 구성원들의 실무 능력 향상을 위한 기술, 마케팅, AI 리터러시, 재무관리, 기획력 등 직무별 전문 지식 전수. - 리더십 및 소통(소프트스킬) 워크숍 : 중간 관리자 및 임원 리더십, 세대 간 소통, 조직 문화 개선을 위한 참여형 프로그램 운영. - 법정 의무 및 온보딩 교육 : 성희롱 예방, 산업안전 등 법정 의무 교육과 신규 입사자 온보딩 프로그램 진행.
B14: ④ 일자리 수요 근거
B15: 수요처 유형 · 규모 · 증감 추세 | C15: - 수요처 : 대기업 및 중견·중소기업 인재개발원(HRD), 공공기관 및 공기업 연수원, 지자체 산하 교육센터, 기업교육 전문 에이전시(위탁 교육 업체) - 시장 트렌드: AI 기술 발전과 세대 교체에 발맞추어 마이크로러닝, 체험형 워크숍, 팀빌딩, 초개인화 맞춤 교육 비중이 가파르게 증가 추세
B16: 뒷받침 근거 | C16: 복합 | E16: - AI 추세 및 경쟁 격화에 따른 리더십, 소통 관련 인재 교육 필요와 성희롱, 산업 안전 등 정부의 의무교육 증가 추세
B17: ⑤ 진입 방법
B18: 필요 자격 · 교육 | C18: - 자격증 : 국가자격증은 없으나, 담당 분야에 따라 평생교육사, 직업상담사, 경영지도사, 각종 심리검사(MBTI 등) 공식 수료증이 강력한 스펙 - 전문 교육 : 기업교육 전문강사 양성과정, 사내대학 과정, 퍼실리테이터 전문 수료과정을 통해 교수 설계와 강의 스킬 습득
B19: 초기 준비물 · 비용 | C19: - 교수 설계 및 전문 과정 수료, 노트북 및 프로필 준비 등 100 ~ 300만원
B20: 일감 얻는 경로 (플랫폼·기관 실명) | C20: - 기업교육 전문 에이전시(강사 에이전시) : 강사 에이전시의 풀(Pool)에 프로필과 강의계획서를 등록하여 기업의 위탁 강의 배정 받음 - B2B 플랫폼 및 나라장터 : 공공기관 입찰 공고(나라장터 등)를 통한 출강 계약 및 기업 사내 대학 제안 - 개인 브랜딩 및 네트워크 : 링크드인(LinkedIn), 블로그, 전문 강연을 통한 인바운드 섭외 유도
B21: ⑥ N잡 적합성 검증
B22: 10조건 | C22: ①시간 유연성 | D22: ②체력 감당 | E22: ③직업 이미지 | F22: ④재미 | G22: ⑤전문성 축적 | H22: ⑥일한 만큼 이상 수익 | I22: ⑦우상향 수익 | J22: ⑧충분한 수요 | K22: ⑨진입 가능성 | L22: ⑩직업적 자부심
B23: 판정 ○ △ ✕ | C23: ○ | D23: ○ | E23: ○ | F23: ○ | G23: ○ | H23: ○ | I23: △ | J23: △ | K23: ○ | L23: ○
B24: 판정 근거 (△·✕ 위주로) | C24: ⑦ △ — 강사로서의 적정한 나이와 충분한 전문성이 확보돼야 수입이 성장 가능 ⑧ △ — 전성기의 강사와 지명도가 있는 강사들에게 수요가 몰리는 경향이 있음
B25: 종합 판정 | C25: 적합 | E25: 10조건 중 8개 통과, 2개 조건부
B26: ⑦ 실제 종사자 (1명)
B27: 이름 · 소속 · 경력 | C27: - 노희성 강사 / 프리랜서 / 전 은행 지역본부장 및 대학 교수 경력 40년, 현 기업 강사/컨설턴트 (세무회계법인 고문), 대학 평가교수, 작가, 숲해설가 3년 - 백영재 대표 / 딥스탠딩파트너스 / 맥킨지컨설팅, CJ그룹, 블리자드코리아, 구글, 필립모리스, 네플릭스 등 25년 경력. 현 기업교육 강사, 연세대 겸임교수, 한투증권 사외이사
B28: 확인 출처 (기사·인터뷰·블로그·유튜브·플랫폼 프로필 등) | C28: - 이력 소개(URL ①), 노희성 작가 저서 2권 소개(URL ②, URL ③), 백영재 작가 저서 2권 소개(URL ④)
B29: 컨택 포인트 (연락처·이메일·SNS·소속 기관) | C29: Email : e-banker@hanmail.net
B30: 인터뷰 가능성 | C30: 상 | E30: - 은행 지점장들 대상 재취업 교육(직업의식 등), 중,고등학생 진로 교육 등 10년 이상
B31: ⑧ 참고 URL (오른쪽 끝 칸 = 확인일)
B32: URL ① | C32: https://search.naver.com/search.naver?sm=tab_hty.top&where=nexearch&ssc=tab.nx.all&query=%EB%85%B8%ED%9D%AC%EC%84%B1&oquery=%EC%A0%95%EC%B2%A0%EC%83%81&tqi=jpQZTsqX5mhssBEO6po-342735&ackey=y6p57j74
B33: URL ② | C33: https://www.11st.co.kr/products/3640184984
B34: URL ③ | C34: https://search.shopping.naver.com/book/catalog/32504739764?cat_id=50005622&frm=PBOKPRO&query=%EA%B8%B0%EB%B3%B8%EA%B3%BC+%EC%9B%90%EC%B9%99%EC%9D%98+%ED%9E%98+%EA%B7%B8%EB%A6%AC%EA%B3%A0+C%EC%9D%98+%EB%B9%84%EB%B0%80&NaPm=ct%3Dmtjo3sl4%7Cci%3Dd5fa2d32189f0645c514d26fd91f9a4984a10492%7Ctr%3Dboknx%7Csn%3D95694%7Chk%3D3819128c3186e5ea6d37ff195c2ee803af30333f
B35: URL ④ | C35: https://www.aladin.co.kr/author/wauthor_overview.aspx?AuthorSearch=@9463593
B36: URL ⑤
B38: ※ 연노랑 칸에 입력합니다. L열은 확인일입니다.

Sheet 026_디지털·AI 활용 강사
B2: Job No. 026 디지털·AI 활용 강사
B3: 4. 교육·강의형 | 워크위즈 N잡스쿨 · 잡별 시장조사 시트
B5: ① 기본 정보
B6: 직업명 · 별칭 | C6: 디지털·AI 활용 강사
B7: 한 줄 소개 (30자 내외) | C7: 스마트폰·AI 도구 사용법을 실습 중심으로 가르치는 일
B8: 수집 상태 · 담당자 | C8: 완료 | E8: 담당 : 정재웅
B9: ② 핵심 지표 6종
B10: 지표 | C10: 초기비용 | D10: 월수익(만원) | E10: 성장성 | F10: 진입난이도 | G10: 주간 소요시간 | H10: 체력부담 | I10: 지표 근거 · 비고
B11: 값 | C11: ₩₩ 50~300만 | D11: 100 ~ 250 | E11: ↗↗ 높음 | F11: ★★★ | G11: 주 5~15시간 | H11: 중 | I11: - 초보 및 지자체 순회강사 : 월 100 ~ 250만원 - 기업 및 전문 기관 강사 : 월 300 ~ 700만원 이상
B12: ③ 하는 일
B13: 하는 일 (3줄 요약) | C13: - 생성형 AI 실무 활용 교육 : 프롬프트 엔지니어링, 텍스트·이미지·영상 생성 AI 툴(챗GPT 등)을 업무에 적용하는 법 강의 - 업무 자동화 및 생산성 향상 교육 : RPA, 노션(Notion), 엑셀 자동화, 챗봇 구축 등 반복 업무 줄이고 효율 높이는 디지털 툴 활용법 전수 - 디지털 리터러시 및 소외 계층 교육 : 시니어, 경력 단절자 등 대상으로 키오스크 사용, 스마트폰 금융·행정 서비스 활용 등 일상 디지털 역량 수업
B14: ④ 일자리 수요 근거
B15: 수요처 유형 · 규모 · 증감 추세 | C15: - 수요처: 지자체 평생학습관, 여성인력개발센터, 고용노동부 유관기관, 시니어 클럽, 대기업 및 중소기업 사내 연수원, 초·중·고 교원 연수원 - 시장 트렌드 : 1) 정부와 지자체에서 전 국민 디지털 역량 강화 및 AI 전환(AX) 예산을 대거 투입하고 있음. 2) 기업마다 'AI를 쓰지 못하면 뒤처진다'는 위기감이 커져 전 산업군에서 가장 수요가 폭발적으로 증가하는 교육 분야 중 하나.
B16: 뒷받침 근거 | C16: 복합 | E16: - AI의 급속한 확산 추세와 정부, 지자체의 전 국민 디지털 역량 강화 및 AI 전환 추세
B17: ⑤ 진입 방법
B18: 필요 자격 · 교육 | C18: - 민간 자격 및 수료증 : 생성형AI활용지도사, AI융합교육지도사, 빅데이터분석사, 디지털리터러시 등 민간 협회 및 교육기관에서 자격증 발급. - 전문 교육 과정 : 민간 에듀테크 기업이나 IT 교육 아카데미에서 운영하는 'AI 강사 양성 과정' 수료하여 최신 AI 툴 시연 및 교수법 습득.
B19: 초기 준비물 · 비용 | C19: - 전문과정 교육비 및 자격증 취득비, 노트북, 유로 AI툴비 등 150 ~ 300만원
B20: 일감 얻는 경로 (플랫폼·기관 실명) | C20: - 지자체 및 공공기관 : 나라장터 또는 각 지자체 평생교육 포털 통해 발주되는 '디지털역량 강화교육', '시니어 스마트 교육' 사업 소속 강사로 참여. - 기업교육 에이전시 및 B2B 플랫폼 : 기업 사내 연수(DX 교육)를 전담하는 에이전시에 전문 강사로 등록. - 온라인 클래스 및 커뮤니티 운영 : 클래스101, 인프런 등 온라인 플랫폼 진출 또는 유튜브·블로그 통한 개인 수강생 모집.
B21: ⑥ N잡 적합성 검증
B22: 10조건 | C22: ①시간 유연성 | D22: ②체력 감당 | E22: ③직업 이미지 | F22: ④재미 | G22: ⑤전문성 축적 | H22: ⑥일한 만큼 이상 수익 | I22: ⑦우상향 수익 | J22: ⑧충분한 수요 | K22: ⑨진입 가능성 | L22: ⑩직업적 자부심
B23: 판정 ○ △ ✕ | C23: ○ | D23: ○ | E23: ○ | F23: ○ | G23: ○ | H23: ○ | I23: ○ | J23: ○ | K23: ○ | L23: △
B24: 판정 근거 (△·✕ 위주로) | C24: ⑩ △ — 대기업에서 은퇴한 강사들은 보조 강사 시기를 힘들어하는 경향이 있음
B25: 종합 판정 | C25: 적합 | E25: 10조건 중 9개 통과, 1개 조건부
B26: ⑦ 실제 종사자 (1명)
B27: 이름 · 소속 · 경력 | C27: - 권신 강사 / 프리랜서 / 상상우리 파트너 강사, 서울시50+재단 강의 7년, 은평구 평생학습관 진로지도사 7년. "오늘도 괜찮아" 등 저서 8권(전자책 3권)
B28: 확인 출처 (기사·인터뷰·블로그·유튜브·플랫폼 프로필 등) | C28: - 권신 강사 프로필 및 주요 이력(URL ①), 첫 저서 "오늘도 괜찮아" 소개(URL ②), 상상우리 갓출학과 교수 권신(URL ③)
B29: 컨택 포인트 (연락처·이메일·SNS·소속 기관) | C29: - M : 010-4716-5234/ Email : ks47165234@daum.net, Blog : www.brunch.co.kr/
B30: 인터뷰 가능성 | C30: 상 | E30: - 상상우리, 서울시50플러스재단, 은평구 평생학습관 강사 7년 경력
B31: ⑧ 참고 URL (오른쪽 끝 칸 = 확인일)
B32: URL ① | C32: https://curious-500.com/v2/creator/6941?utm_source=naver&utm_medium=organic&utm_campaign=organic_search
B33: URL ② | C33: https://product.kyobobook.co.kr/detail/S000214848892
B34: URL ③ | C34: https://blog.naver.com/sangsangwoori/223950053294
B35: URL ④
B36: URL ⑤
B38: ※ 연노랑 칸에 입력합니다. L열은 확인일입니다.

Sheet 027_스마트경로당 강사
B2: Job No. 027 스마트경로당 강사
B3: 4. 교육·강의형 | 워크위즈 N잡스쿨 · 잡별 시장조사 시트
B5: ① 기본 정보
B6: 직업명 · 별칭 | C6: 스마트경로당 강사
B7: 한 줄 소개 (30자 내외) | C7: 경로당에서 어르신에게 스마트기기와 건강 프로그램을 지도하는 일
B8: 수집 상태 · 담당자 | C8: 완료 | E8: 담당 : 정재웅
B9: ② 핵심 지표 6종
B10: 지표 | C10: 초기비용 | D10: 월수익(만원) | E10: 성장성 | F10: 진입난이도 | G10: 주간 소요시간 | H10: 체력부담 | I10: 지표 근거 · 비고
B11: 값 | C11: ₩ 50만 미만 | D11: 60 ~ 180 | E11: ↗ 보통 | F11: ★★ | G11: 주 5~15시간 | H11: 하 | I11: - 프리랜서 강사 : 월 60~150만원(주3~5회, 1~2시간) (복지관, 평생학습관) - 디지털배움터 강사 ; 월 100 ~ 180만원 (주강사) (주 40시간) 월 60 ~ 100만원(보조강사)
B12: ③ 하는 일
B13: 하는 일 (3줄 요약) | C13: 1. 디지털 기기 및 정보화 교육 : 스마트폰 및 키오스크 활용법 지도. 보이스피싱, 스미싱 등 디지털 범죄 예방 2. 스마트경로당 장비 운영 및 특화 프로그램 진행 : 화상 회의/연결 프로그램 진행. VR 체험, 스마트 헬스케어 기기, 스마트 가든 등 스마트 체험 장비 활용 지원 3. 여가·건강 증진 스마트 콘텐츠 지도 : ICT 기반 운동·건강 관리. 인지선호/치매 예방 게임 등 콘테츠 지도.
B14: ④ 일자리 수요 근거
B15: 수요처 유형 · 규모 · 증감 추세 | C15: - 수요처 : 1) 공공·지자체 : 전국 구·군청 노인복지과, 기초자치단체 스마트도시/정보화 담당 부서. 2) 노인복지 시설 : 지역 경로당 및 대한노인회 지회, 노인종합복지관, 시니어클럽. 3) 위탁·운영 기관 : 지역 평생학습관, 여성인력개발센터, ICT/에듀테크 전문 교육 기업 및 사회적기업. 4) 확장 수요처 : 다함께돌봄센터, 스마트 아동센터, 주간보호센터, 시니어 데이케어센터 등. - 시장 규모 : 1) 스마트경로당 구축사업은 20억원 규모(2021년)에서 시작. 지자체 매칭예산을 포함해 매년 수백억원대 국비·지방비 통합 사업이 됨. 2) 전국 스마트경로당 수는 2023년까지 800여개소 수준. 지자체를 중심으로 전국 5,000개소 이상 규모로 크게 확산되고 있음. - 증감 추세 : 1) 초고령사회 진입에 따른 공공 수요 가속화 2) 교육 및 강사 수요 증가 3) AI 및 첨단 기술과의 결합 (단순 교육 → AI·디지털 케어)
B16: 뒷받침 근거 | C16: 복합 | E16: - 2024년말 초고령사회 진입과 같은 인구구조 변화 + 정부, 지자체의 정책 및 예산 투입 증가
B17: ⑤ 진입 방법
B18: 필요 자격 · 교육 | C18: - 필요 자격(민간 자격) : 스마트폰활용지도사 (1급/2급), 스마트기기활용지도사, 디지털리터러시전문가, 시니어 코칭 / 노인두뇌훈련지도사 - 교육 : 1) 지자체 50플러스센터/시니어클럽 : 중장년층 대상 스마트경로당 강사/서포터 양성과정 개설후 지역 경로당에 일자리 연결. 2) 지역 평생학습관 및 여성인력개발센터 : 디지털 튜터, 스마트폰 강사 양성과정을 통한 이론 및 현장 실습 교육. 3) 한국직업능력연구원 등록 평생교육원 : 온라인 강의(15~20차시) 및 평가시험을 통한 스마트폰활용 지도사 과정.
B19: 초기 준비물 · 비용 | C19: - 초기 준비물 : 최신 스마트폰 (Android/iOS), 노트북 또는 태블릿 PC, 무선 모바일 미러링 기기 / 변환 젠더, 터치펜(어르신 시연용) 등. - 초기 비용 : 자격증, 교육비 등 10 ~ 100만원 (스마트폰, 노트북 등 별도)
B20: 일감 얻는 경로 (플랫폼·기관 실명) | C20: - 공공 일자리·교육 플랫폼 : 디지털배움터 (www.디지털배움터.kr), 워크넷 (www.work.go.kr), 서울시 50플러스포털 (50plus.or.kr) 및 지역별 중장년지원센터 - 노인복지 전용 공고 게시판 : 한국노인종합복지관협회, 지역별 노인종합복지관, 대한노인회 각 지회 - 지자체·사회적기업 및 위탁 운영 기관 : 여성인력개발센터 & 평생학습관, 민간 에듀테크 / ICT 교육 전문 기업(캐리버스 / 에듀테크 관련 기업 등)
B21: ⑥ N잡 적합성 검증
B22: 10조건 | C22: ①시간 유연성 | D22: ②체력 감당 | E22: ③직업 이미지 | F22: ④재미 | G22: ⑤전문성 축적 | H22: ⑥일한 만큼 이상 수익 | I22: ⑦우상향 수익 | J22: ⑧충분한 수요 | K22: ⑨진입 가능성 | L22: ⑩직업적 자부심
B23: 판정 ○ △ ✕ | C23: ○ | D23: ○ | E23: ○ | F23: △ | G23: ○ | H23: ○ | I23: △ | J23: ○ | K23: ○ | L23: ○
B24: 판정 근거 (△·✕ 위주로) | C24: ④ △ — 시니어들과의 교류하는 것에 대해 적성이 맞아야 하고 친화력과 봉사 정신이 필요. ⑦ △ — 일정한 수준의 소득. 일부 주 5일이나 6일 오전/오후 일하는 경우는 월 300만원 이상의 소득.
B25: 종합 판정 | C25: 적합 | E25: 10조건 중 8개 통과, 2개 조건부
B26: ⑦ 실제 종사자 (1명)
B27: 이름 · 소속 · 경력 | C27: - 최윤리 강사 / 나누자연협회, 상상우리 / 교육회사(진로, 주도학습, 독서) 강사양성 20년, 시니어/중장년 디지털AI활용(상상우리,2회/4주) 강사 3년. 저서 출판("글쓰기로 오십을 바꾸다" 등 단독 2권, 공저 1권), 시니어디지털지도사 자격증 보유. | N27: 강의 분야 : 디지털/AI활용, 중장년생애설계, 문해력, 독서 등
B28: 확인 출처 (기사·인터뷰·블로그·유튜브·플랫폼 프로필 등) | C28: - 스마트결로당 강사란 (URL ①), 스마트경로당 강사 모집 광고 (URL ②), 최윤리 작가 책소개 및 블로그(URL ③, URL ④) | N28: 시간당 3 ~ 5만원(초기) 그 이후 시간당 5만원 이상
B29: 컨택 포인트 (연락처·이메일·SNS·소속 기관) | C29: - M : 010-9070-0811 / E : presentam@naver.com / blog.naver.com/presentam / brunch.co.kr/@presentam | N29: 책 출판 (공저1권, 단독1권 글씨기로 오십을 바꾸다, 전자책1권 나홀로 북클럽)
B30: 인터뷰 가능성 | C30: 상 | E30: - 현재 상상우리와 나누자연협회에서 파트너 강사로 활동중 | N30: 장점 : 시간 유연성, 계속 공부 및 성장, 사람들과 계속 교류 및 범위 확대
B31: ⑧ 참고 URL (오른쪽 끝 칸 = 확인일) | N31: 단점 : 정해진 내 자리가 없음. 이동/여행 많다. 체력 관리 필요.
B32: URL ① | C32: https://search.naver.com/search.naver?sm=tab_hty.top&where=nexearch&ssc=tab.nx.all&query=%EC%8A%A4%EB%A7%88%ED%8A%B8%EA%B2%BD%EB%A1%9C%EB%8B%B9+%EA%B0%95%EC%82%AC&oquery=%28%EC%A3%BC%29%EB%B0%94%EB%B0%94%EA%B7%B8%EB%9D%BC%EC%9A%B4%EB%93%9C+%EA%B8%B0%EB%B3%B8%EC%A0%95%EB%B3%B4&tqi=jWl1msqX5mhssl4mH0C-353232&ackey=engcfscd
B33: URL ② | C33: https://www.ddm.go.kr/www/selectBbsNttView.do?key=208&bbsNo=42&nttNo=189832
B34: URL ③ | C34: https://store.kyobobook.co.kr/person/detail/1117659602
B35: URL ④ | C35: https://blog.naver.com/presentam
B36: URL ⑤
B38: ※ 연노랑 칸에 입력합니다. L열은 확인일입니다.

Sheet 028_시니어 대상 강사
B2: Job No. 028 시니어 대상 강사
B3: 4. 교육·강의형 | 워크위즈 N잡스쿨 · 잡별 시장조사 시트
B5: ① 기본 정보
B6: 직업명 · 별칭 | C6: 시니어 대상 강사
B7: 한 줄 소개 (30자 내외) | C7: 중장년·노년층의 신체적, 정서적 안정을 위해 눈높이에 맞춰 생활·교양 과목을 강의하는 일
B8: 수집 상태 · 담당자 | C8: 완료 | E8: 담당 : 정재웅
B9: ② 핵심 지표 6종
B10: 지표 | C10: 초기비용 | D10: 월수익(만원) | E10: 성장성 | F10: 진입난이도 | G10: 주간 소요시간 | H10: 체력부담 | I10: 지표 근거 · 비고
B11: 값 | C11: ₩ 50만 미만 | D11: 30 ~ 250 | E11: ↗↗ 높음 | F11: ★★★ | G11: 주 5~15시간 | H11: 중 | I11: - 부업 및 파트타임형 (주 1~3회) : 월 30 ~ 80만원 - 일반 전업형 (주 5~10회 이상)수준: 월 150 ~ 250만원 - 전문·스마트경로당 연계형 : 월 250 ~ 350만원 이상
B12: ③ 하는 일
B13: 하는 일 (3줄 요약) | C13: 1) 건강 및 신체 활동 지도 : 실버 체조, 시니어 요가, 스트레칭, 라인댄스 등을 지도. 2) 여가 및 문화·예술 교육 : 노래교실, 미술, 공예, 악기 연주(하모니카, 우쿨렐레 등) 같은 취미·여가 프로그램을 진행. 3) 은퇴 설계 및 교양·인문학 강연 : 은퇴 이후의 자산 관리, 건강 관리, 대인관계 유지법, 은퇴후 삶의 의미 찾는 인문학 강의 진행. 4) 키오스크, 스마트폰 등 시니어들의 디지털 역량 강화 및 치매 예방 프로그램(보드게임, 미술 치료, 두뇌 체조 등) 인지기능 저하 방지를 지원.
B14: ④ 일자리 수요 근거
B15: 수요처 유형 · 규모 · 증감 추세 | C15: - 수요처 : 1) 공공 및 지역사회 복지 시설 : 노인복지관, 종합사회복지관, 지자체 평생학습관, 주민센터, 구청 산하 문화센터, 경로당, 스마트경로당 2) 민간 주거 및 케어 시설 : 시니어타운(실버타운), 주야간보호센터, 온라인 평생교육 플랫폼 및 에듀테크 기업 3) 시니어 전용 디지털 교육 콘텐츠를 제작하거나 비대면 라이브 강의를 송출하는 민간 기업 및 평생교육 시설 등 - 시장 규모 : 2024년말 국내 65세 이상 고령인구는 전체 인구의 20%(1,000만명)를 넘어 초고령사회로 진입. 지자체 예산 및 민간 사교육비를 포함한 시니어 에듀케이션·복지 서비스시장 규모는 수조 원대 이상. 전체 시니어산업은 향후 100조~200조원대 이상 시장으로 성장중. - 증감 추세 : 1) 배우고자 하는 의지를 가진 '액티브 시니어' 계층이 두터워지면서 관련 강좌 수와 강사 채용수요는 꾸준히 증가 추세. 2) 단순 취미, 여가 중심 교육에서 벗어나 스마트폰·키오스크 등 디지털 리터러시, AI 활용, 실버 전문 자격증 취득, 재취업 역량 강화 등 생산적이고 실용적인 교육 수요 폭발적으로 증가.
B16: 뒷받침 근거 | C16: 복합 | E16: - 시니어들이 전체 인구의 20% 이상인 초고령사회 진입 및 정부/지자체의 노인 복지 정책 및 교육 예산의 지속적 증가
B17: ⑤ 진입 방법
B18: 필요 자격 · 교육 | C18: - 자격 요건 : 만 16세 이상. 학력 무관. 사회복지사(2급) 및 관련 학위(보육교사, 평생교육사 등) 또는 실무 경력 보유시 우대. - 주요 민간 자격증 : (한국직업능력연구원 등록 기준) 시니어강사 1급 / 2급, 시니어인지놀이지도사, 시니어인지회상놀이지도사, 실버체조지도사/ 파크골프지도자/라인댄스 지도사, 디지털문해지도사/스마트폰활용지도사 - 교육 : 협회와 평생교육원에서 온라인 강의(약 20~30시간, 출석률 60% 이상)로 진행하고, 시험(온라인, 60점 이상 합격)을 거쳐 자격증을 발급. 노인복지관 실습도 연계함.
B19: 초기 준비물 · 비용 | C19: - 교육 및 자격증 취득비용 (8~15만원), PC 및 스마트폰 등은 별도.
B20: 일감 얻는 경로 (플랫폼·기관 실명) | C20: - 복지·사회복지 시설 채용 플랫폼 : 한국노인종합복지관협회 사이트, 서울시사회복지관협회 및 각 지역별 복지관 협회 사이트, 워크넷 (Worknet) (고용노동부가 운영) - 시니어 전문 교육·구인 플랫폼 : 실버에듀넷 (실버에듀넷), 시니어몬스터즈 / 백세노리 (실버창의융합협회 등)
B21: ⑥ N잡 적합성 검증
B22: 10조건 | C22: ①시간 유연성 | D22: ②체력 감당 | E22: ③직업 이미지 | F22: ④재미 | G22: ⑤전문성 축적 | H22: ⑥일한 만큼 이상 수익 | I22: ⑦우상향 수익 | J22: ⑧충분한 수요 | K22: ⑨진입 가능성 | L22: ⑩직업적 자부심
B23: 판정 ○ △ ✕ | C23: ○ | D23: ○ | E23: ○ | F23: △ | G23: ○ | H23: ○ | I23: ○ | J23: ○ | K23: △ | L23: ○
B24: 판정 근거 (△·✕ 위주로) | C24: ④ △ — 시니어들과의 교류하는 것에 대해 적성이 맞아야 하고 재미있어야 함. ⑨ △ — 시니어들과의 교류하는 적성이 맞아야 하고 다양한 영역을 계속적으로 공부하고 연구해야 함.
B25: 종합 판정 | C25: 적합 | E25: 10조건 중 8개 통과, 2개 조건부
B26: ⑦ 실제 종사자 (1명)
B27: 이름 · 소속 · 경력 | C27: - 이갑숙 교수/박사(노인복지학) / 총신대학교 평생교육원 / 시니어 인지캐어 교수 및 강사 20년 이상, "실버레(뇌)크리에이션"외 2권의 저서 저술.
B28: 확인 출처 (기사·인터뷰·블로그·유튜브·플랫폼 프로필 등) | C28: - 시니어 대상 강사(URL ①), 이갑숙 교수 Blog (URL ②), 총신대 실버레크리에이션 이갑숙 TV (URL ③), 시니어놀이터 이갑숙 교수 기사(URL ④)
B29: 컨택 포인트 (연락처·이메일·SNS·소속 기관) | C29: - M : 010-2321-3120, E : jinsil64@hanmail.net, Blog : https://cafe.daum.net/SREC
B30: 인터뷰 가능성 | C30: 상 | E30: - 시니어 인지캐어 분야에서 20년 이상의 교수 및 강사 경력 보유
B31: ⑧ 참고 URL (오른쪽 끝 칸 = 확인일)
B32: URL ① | C32: https://search.naver.com/search.naver?sm=tab_hty.top&where=nexearch&ssc=tab.nx.all&query=%EC%8B%9C%EB%8B%88%EC%96%B4+%EB%8C%80%EC%83%81+%EA%B0%95%EC%82%AC&oquery=%EC%8B%9C%EB%8B%88%EC%96%B4+%EB%8C%80%EC%83%81%EA%B0%95%EC%82%AC&tqi=jrvaWwqpsW4ssm%2BlNi8-421154&ackey=61o5tpx7
B33: URL ② | C33: https://cafe.daum.net/SREC
B34: URL ③ | C34: https://www.youtube.com/channel/UCos6zMUIPxBZx2tvkkqrowQ
B35: URL ④ | C35: https://m.cafe.daum.net/SREC/Qjio/1215
B36: URL ⑤
B38: ※ 연노랑 칸에 입력합니다. L열은 확인일입니다.

Sheet 029_아동 대상 강사
B2: Job No. 029 아동 대상 강사
B3: 4. 교육·강의형 | 워크위즈 N잡스쿨 · 잡별 시장조사 시트
B5: ① 기본 정보
B6: 직업명 · 별칭 | C6: 아동 대상 강사
B7: 한 줄 소개 (30자 내외) | C7: 방과후·돌봄교실에서 아이들에게 체험·학습 프로그램을 지도하는 일
B8: 수집 상태 · 담당자 | C8: 완료 | E8: 담당 : 정재웅
B9: ② 핵심 지표 6종
B10: 지표 | C10: 초기비용 | D10: 월수익(만원) | E10: 성장성 | F10: 진입난이도 | G10: 주간 소요시간 | H10: 체력부담 | I10: 지표 근거 · 비고
B11: 값 | C11: ₩ 50만 미만 | D11: 60 ~ 200 | E11: ↗ 보통 | F11: ★★ | G11: 주 5~15시간 | H11: 중 | I11: - 파트타입형 : 월 60 ~ 150만원 - 주 5일 전일제 : 월 200만원 이상
B12: ③ 하는 일
B13: 하는 일 (3줄 요약) | C13: - 학습 동기 부여 및 흥미 유발 : 교재, 교구 연구 및 학습계획안 준비. 놀이와 체험 중심의 교수법을 통해 아이들이 공부나 배움을 '즐거운 경험'으로 인식하도록 지도. - 사회성 및 협동심 배양 : 단체 활동과 모둠 수업을 통해 타인과 소통하고 배려하는 법을 가르침. - 안전과 생활 지도 : 수업 중 안전사고를 예방하고, 기본적인 예절과 바른 생활 습관을 자연스럽게 익히도록 지도.
B14: ④ 일자리 수요 근거
B15: 수요처 유형 · 규모 · 증감 추세 | C15: - 수요처 : 1) 공교육 및 정부 지원 기관 : 늘봄학교 및 방과후학교 (초등학교 중심의 공적 교육·돌봄 프로그램. 가장 큰 공공 수요처), 지역아동센터 및 돌봄센터(지자체나 공공기관에서 운영. 저소득 및 맞벌이 가정 아동 대상) 2) 민간 사교육 및 문화 시설 : 백화점·마트 문화센터, 사설 학원 및 교습소. - 시장 규모 : 학부모가 늘봄학교 및 방과후학교 등에 지출하는 총액 규모는 약 8,000억대. 초등학교 이용률은 50% 수준. - 증감 추세 : 정부와 각 시도교육청은 공적 돌봄과 에듀테크 교육 강화 예산을 연평균 8% 이상 꾸준히 확대하는 추세
B16: 뒷받침 근거 | C16: 법제도·정책 | E16: - 정부와 각 시도교육청에서 공적 돌봄 및 에듀테크 교육 예산을 꾸준히 확대중.
B17: ⑤ 진입 방법
B18: 필요 자격 · 교육 | C18: - 필요 자격 : 고교 졸업 이상 또는 전문대졸 이상의 학력 요구. 미술, 음악, 체육, 무용 등 분야는 관련 학과 전공자가 유리. 코딩·영어·독서논술 등 분야는 관련 자격증이나 실무 역량이 중요. - 교육 : 방과후지도사 / 방과후아동지도사 (민간자격증) 교육 필요. 분야별로 독서지도사, 자기주도학습지도사, 코딩지도사, 아동미술지도사, 유아체육지도자, 방과후돌봄교실지도사 등 교육이 필요.
B19: 초기 준비물 · 비용 | C19: - 수업 및 교구 준비물 비용 (약 5 ~ 15만원) : 이동용 가방/캐리어, 수업 보조 문구 및 소모품 - 행정 및 서류 발급 비용 (약 4 ~ 6만원) : 건강진단결과서 (구 보건증) 또는 채용신체검사서, 주민등본, 기본증명서 등 - 자격증 및 교육 이수 비용 (0 ~ 10만원 이상) : 방과후지도사, 아동심리 등 자격증, 대한적십자사 응급처치 강습 등 실습이 포함된 자격증은 별도.
B20: 일감 얻는 경로 (플랫폼·기관 실명) | C20: - 각 지역 교육지원청 및 초등학교 홈페이지 (가장 핵심), 백화점 및 대형마트 문화센터 강사 지원, 방과후·학원 전문 구인구직 플랫폼(레슨인포, 인디드, 사람인/잡코리아, 지역 맘카페, 네이버 카페, 위탁운영 업체(아웃소싱)에 등록.
B21: ⑥ N잡 적합성 검증
B22: 10조건 | C22: ①시간 유연성 | D22: ②체력 감당 | E22: ③직업 이미지 | F22: ④재미 | G22: ⑤전문성 축적 | H22: ⑥일한 만큼 이상 수익 | I22: ⑦우상향 수익 | J22: ⑧충분한 수요 | K22: ⑨진입 가능성 | L22: ⑩직업적 자부심
B23: 판정 ○ △ ✕ | C23: ○ | D23: ○ | E23: ○ | F23: ○ | G23: ○ | H23: △ | I23: △ | J23: ○ | K23: ○ | L23: ○
B24: 판정 근거 (△·✕ 위주로) | C24: ⑥ △ — 일하면서 아이들과 소통하고 노는 일이 재미있어야 함 ⑦ △ — 진행하는 강의 수량과 컨텐츠에 따라 다르지만 시간이 가면서도 일정한 수준의 수입.
B25: 종합 판정 | C25: 적합 | E25: 10조건 중 8개 통과, 2개 조건부
B26: ⑦ 실제 종사자 (1명)
B27: 이름 · 소속 · 경력 | C27: - 복혜정 강사 / 복드림코칭센터 대표/ 전 외국계 은행 임원 출신, 현 LCMC 부대표, 미국 Gallup 강점인증코치, 재무설계 코치 등
B28: 확인 출처 (기사·인터뷰·블로그·유튜브·플랫폼 프로필 등) | C28: - 아동대상강사란? (URL ①), 복혜정 대표 블로그(URL ②),
B29: 컨택 포인트 (연락처·이메일·SNS·소속 기관) | C29: - M : 010-5673-0541, E : hyejbok@naver.com, Blog : http://blog.naver.com/hyejbok
B30: 인터뷰 가능성 | C30: 상 | E30: - 5년 이상 강사 경력 보유 (아동 대상 금융 교육, LEGO 프로그램 강의, 자립 청년 대상 재무코칭)
B31: ⑧ 참고 URL (오른쪽 끝 칸 = 확인일)
B32: URL ① | C32: https://search.naver.com/search.naver?sm=tab_hty.top&where=nexearch&ssc=tab.nx.all&query=%EC%95%84%EB%8F%99%EB%8C%80%EC%83%81%EA%B0%95%EC%82%AC%EB%9E%80%3F&oquery=%ED%95%9C%EA%B5%AD%EC%96%B4+%EC%9D%B4%EC%9D%8C%EA%B5%90%EC%9C%A1.+%EC%95%88%EC%82%B0%EB%8F%99%EC%82%B0%EA%B5%90%ED%9A%8C&tqi=jrprElqosZossBlHSBV-024397&ackey=dbfgmrur
B33: URL ② | C33: https://blog.naver.com/hyejbok
B34: URL ③
B35: URL ④
B36: URL ⑤
B38: ※ 연노랑 칸에 입력합니다. L열은 확인일입니다.

Sheet 030_한국어 교원(외국인 대상)
B2: Job No. 030 한국어 교원(외국인 대상)
B3: 4. 교육·강의형 | 워크위즈 N잡스쿨 · 잡별 시장조사 시트
B5: ① 기본 정보
B6: 직업명 · 별칭 | C6: 한국어 교원(외국인 대상)
B7: 한 줄 소개 (30자 내외) | C7: 외국인·다문화가정에 한국어와 한국문화를 가르치는 일
B8: 수집 상태 · 담당자 | C8: 완료 | E8: 담당 : 정재웅
B9: ② 핵심 지표 6종
B10: 지표 | C10: 초기비용 | D10: 월수익(만원) | E10: 성장성 | F10: 진입난이도 | G10: 주간 소요시간 | H10: 체력부담 | I10: 지표 근거 · 비고
B11: 값 | C11: ₩₩ 50~300만 | D11: 100 ~ 200 | E11: ↗↗ 높음 | F11: ★★★★ | G11: 주 15~30시간 | H11: 하 | I11: - 대학 부설 어학당, 사회통합프로그램 : 100~200만원 - 해외 세종학당 파견 : 300~400만원 (체류비 포함) | N11: 교재 : 표준한국어 | P11: =33000*14.5*4 -> 1914000
B12: ③ 하는 일
B13: 하는 일 (3줄 요약) | C13: - 한국어 교육 및 강의 진행 : 초·중·고급 수준별 교육과정에 맞춰 외국인 학습자들에게 말하기, 듣기, 읽기, 쓰기, 문법, 발음 등 한국어를 가르침. - 교육 과정 및 교재 연구·개발 : 학습자의 연령, 국적, 목적에 맞는 맞춤형 수업 계획안을 작성하고 수업용 교재를 연구, 개발함. - 학습자 평가 및 상담 관리 : 시험, 과제, 퀴즈 등을 통해 학습자의 성취도를 측정하고 평가함. 한국 생활 적응을 돕는 멘토 역할도 수행.
B14: ④ 일자리 수요 근거
B15: 수요처 유형 · 규모 · 증감 추세 | C15: - 수요처 : 문화체육관광부 산하 전 세계 세종학당, 해외 현지 초·중·고교내 한국어반 및 정규 교육과정, 해외 대학 한국어 어학당, 다문화가족지원센터, 외국인근로자지원센터, 사회통합프로그램 운영기관, 기업체 임직원 대상 사내 어학원, 온라인 한국어 교육 플랫폼, - 시장 규모 : 전세계 한국어 학습시장은 9조원 규모. 글로벌 확산세 지속. 해외 초·중·고교에서 한국어반을 운영하는 곳은 47개국 2,777개교 수준. 전 세계 세종학당 역시 80개국이 넘는 국가에서 수만 명의 수강생을 대상으로 운영됨. - 증감 추세 : 해외 정규 학교의 한국어반 운영 개소수와 학습자 수는 연평균 6~10% 이상 꾸준히 증가하는 가파른 성장세.
B16: 뒷받침 근거 | C16: 복합 | E16: - K컬쳐의 확산 + 정부의 예산 및 해외 판견 교원의 인원 증가 추세
B17: ⑤ 진입 방법
B18: 필요 자격 · 교육 | C18: - 한국어교원 2급 취득 요건 : 학사학위(4년제 대학 졸업 동등 학력) + 국립국어원이 지정한 필수 과목 이수. 학점: 총 15과목(45학점 이상) - 한국어교원 3급 취득 요건 : 고등학교 졸업 이상 학력 + 양성과정(120시간) 이수 + 한국어교육능력검정시험 합격 필요.
B19: 초기 준비물 · 비용 | C19: - 준비물은 PC, 노트북, 테블릿 PC 등, 학습 교재 및 참고서 등. - 교육 비용 : 1) 한국어교원 2급 과정 (학점은행제 기준) : 원격평생교육원 할인 적용시 전체 약 30만 ~ 80만원선 2) 한국어교원 3급 과정 (양성과정 120시간 기준) : 사설 또는 대학 부설 양성과정 40만 ~ 120만원선 (국민내일배움카드 활용 가능)
B20: 일감 얻는 경로 (플랫폼·기관 실명) | C20: - 대학 부설 어학당, 다문화센터 및 사회통합프로그램(KIIP). 해외 세종학당 파견 교원(문화체육관광부 소속). 온라인 플랫폼(어메이징토커, 플랫틀리 등)
B21: ⑥ N잡 적합성 검증
B22: 10조건 | C22: ①시간 유연성 | D22: ②체력 감당 | E22: ③직업 이미지 | F22: ④재미 | G22: ⑤전문성 축적 | H22: ⑥일한 만큼 이상 수익 | I22: ⑦우상향 수익 | J22: ⑧충분한 수요 | K22: ⑨진입 가능성 | L22: ⑩직업적 자부심
B23: 판정 ○ △ ✕ | C23: ○ | D23: ○ | E23: ○ | F23: ○ | G23: ○ | H23: △ | I23: △ | J23: ○ | K23: ○ | L23: ○
B24: 판정 근거 (△·✕ 위주로) | C24: ⑥ △ — 일한 만큼 정도의 수익. 보람있는 시간 활용. ⑦ △ — 일정한 수준의 수익
B25: 종합 판정 | C25: 적합 | E25: 10조건 중 8개 통과, 2개 조건부
B26: ⑦ 실제 종사자 (1명)
B27: 이름 · 소속 · 경력 | C27: - 김선숙 선생 / 키움터(오후), 경기도이음학교(오전) / 사회복지사, 요양보호사 자격증 보유. 한국어교원 경력 4년 (한국어교원 2급 보유). 항공사 근무 20년.(50대 중반)
B28: 확인 출처 (기사·인터뷰·블로그·유튜브·플랫폼 프로필 등) | C28: - 한국어교원이란? (URL ①), 안산교육지원청 & 이음한국어학교 관련 (URL ②), 안산동산교회 한국어교사 모집 광고(URL ③)
B29: 컨택 포인트 (연락처·이메일·SNS·소속 기관) | C29: - M : 010-5515-7634, E : humble04@naver.com,
B30: 인터뷰 가능성 | C30: 중 | E30: - 초등학생(외국인) 대상 한국어 강의 중.
B31: ⑧ 참고 URL (오른쪽 끝 칸 = 확인일)
B32: URL ① | C32: https://search.naver.com/search.naver?where=nexearch&sm=top_hty&fbm=0&ie=utf8&query=%ED%95%9C%EA%B5%AD%EC%96%B4%EA%B5%90%EC%9B%90%EC%9D%B4%EB%9E%80%3F&ackey=ifl5lp4b
B33: URL ② | C33: https://blog.naver.com/cmcsong/224097067904
B34: URL ③ | C34: https://www.kmib.co.kr/article/view.asp?arcid=0924313960
B35: URL ④
B36: URL ⑤
B38: ※ 연노랑 칸에 입력합니다. L열은 확인일입니다.

Sheet 031_디지털 안내사
B2: Job No. 031 디지털 안내사
B3: 4. 교육·강의형 | 워크위즈 N잡스쿨 · 잡별 시장조사 시트
B5: ① 기본 정보
B6: 직업명 · 별칭 | C6: 디지털 안내사
B7: 한 줄 소개 (30자 내외) | C7: 키오스크·앱 사용이 어려운 시민을 현장에서 직접 도와주는 일
B8: 수집 상태 · 담당자 | C8: 완료 | E8: 담당 : 정재웅
B9: ② 핵심 지표 6종
B10: 지표 | C10: 초기비용 | D10: 월수익(만원) | E10: 성장성 | F10: 진입난이도 | G10: 주간 소요시간 | H10: 체력부담 | I10: 지표 근거 · 비고
B11: 값 | C11: ₩ 50만 미만 | D11: 50 ~ 250 | E11: ↗ 보통 | F11: ★★ | G11: 주 15~30시간 | H11: 중 | I11: - 정부나 지자체 공공일자리 사업 : 월 180만원(주 30시간) - 프리랜서 : 시간당 3 ~ 4만원 (노인종합복지관, 구립 복지관)
B12: ③ 하는 일
B13: 하는 일 (3줄 요약) | C13: - 무인 정보단말기(키오스크 주문 및 발권 방법 등) 및 스마트폰 활용법(길찾기 앱, 모바일 교통카드, 병원 예약 앱, 정부24 등) 안내 - 최신 인공지능(AI) 서비스 및 기술 체험 지원 : AI 기반의 이미지 편집, 문서 작성, 음성 인식 비서, 간단한 외국어 번역 기능 등 - 현장 순회( 복지관, 공원, 지하철역 주변 등을 주황색 조끼 등의 복장 착용) 및 맞춤형 디지털 상담 제공 ('디지털 응급실' 역할)
B14: ④ 일자리 수요 근거
B15: 수요처 유형 · 규모 · 증감 추세 | C15: - 수요처 : 지하철역 및 대중교통(버스 터미널 등) 거점, 주민센터 및 구청 등 공공기관 민원실, 노인복지관 및 경로당, 대형 유통시설(대형마트, 백화점, 전통시장) 및 공원 - 시장 규모 : 수백억 원에서 수천억 원 규모의 공공·민간 협력 생태계를 형성 - 증감 추세 : 무인화·디지털화 속도가 가속화되면서 디지털 소외계층의 불편을 해소하고자 지자체/공공기관의 안내사 파견 수요는 꾸준히 증가 추세
B16: 뒷받침 근거 | C16: 복합 | E16: - 초고령 사회의 진입에 따른 수요 증가와 정부/지자체의 시니어들에 대한 디지털 불편 해소 정책 확대
B17: ⑤ 진입 방법
B18: 필요 자격 · 교육 | C18: - 기본 자격 : 고졸 이상 학력. 어르신들과 원활히 소통할 수 있는 친화력과 봉사 정신이 가장 중요. - 자격증 : 디지털튜터 1급, 디지털안내사1급, 컴퓨터활용능력, IT 관련 민간·국가 자격증 유리. 정부·지자체의 디지털 역량교육 과정 수료시 우대. - 사전 직무 교육 (약 40시간 내외): 지자체나 수행기관 주관으로 현장 배치 전 집합 또는 온라인 교육 진행.
B19: 초기 준비물 · 비용 | C19: - 초기 준비물 : 스마트폰 (최신 기능 숙지용), 필기구 및 소형 수첩, 단정한 복장 - 자격증 비용 : 7~9만원. 무료 교육이 많음.
B20: 일감 얻는 경로 (플랫폼·기관 실명) | C20: 1. 공공 일자리 및 종합 포털 : 서울일자리포털 (디지털안내사(디지털 보조원 등) 모집 공고, 서울시 워크넷 (Work24), 지자체 및 구청 홈페이지 2. 정부 주관 디지털 역량 강화 사업 플랫폼 (강사 및 가이드) : AI디지털배움터 공식 홈페이지 (디지털배움터.kr), 각 시·도별 디지털배움터 사업 수주한 대학(예: 산학협력단)이나 IT 전문 기업들의 개별 채용 페이지 3. 민간 및 노인복지 관련 채용 채널 (복지관 강사) : 노인복지관, 시니어클럽 등에서 상시 진행하는 스마트폰 교실의 강사로 지원. 복지넷(중앙노인 보호전문기관)
B21: ⑥ N잡 적합성 검증
B22: 10조건 | C22: ①시간 유연성 | D22: ②체력 감당 | E22: ③직업 이미지 | F22: ④재미 | G22: ⑤전문성 축적 | H22: ⑥일한 만큼 이상 수익 | I22: ⑦우상향 수익 | J22: ⑧충분한 수요 | K22: ⑨진입 가능성 | L22: ⑩직업적 자부심
B23: 판정 ○ △ ✕ | C23: ○ | D23: ○ | E23: ○ | F23: △ | G23: ○ | H23: ○ | I23: △ | J23: ○ | K23: ○ | L23: ○
B24: 판정 근거 (△·✕ 위주로) | C24: ④ △ — 시니어들과의 교류하는 것에 대해 적성이 맞아야 하고 친화력과 봉사 정신이 필요. ⑦ △ — 일정한 수준의 소득. 일부 주 5일이나 6일 오전/오후 일하는 경우는 월 300만원 이상의 소득.
B25: 종합 판정 | C25: 적합 | E25: 10조건 중 8개 통과, 2개 조건부
B26: ⑦ 실제 종사자 (1명)
B27: 이름 · 소속 · 경력 | C27: - 신민화 강사 / 프리랜서 / 영양사로 근무하다가 컴퓨터 강사로 전환. 컴퓨터 강사 10년, 디지털안내사 10년. 현재 50대.
B28: 확인 출처 (기사·인터뷰·블로그·유튜브·플랫폼 프로필 등) | C28: - 디지털안내사 (URL ①), 디지털안내사1급 자격증 취득 방법 (URL ②)
B29: 컨택 포인트 (연락처·이메일·SNS·소속 기관) | C29: - E : shin9001@naver.com /
B30: 인터뷰 가능성 | C30: 중 | E30: - 고양시 노인종합복지관(2곳)에서 주 5일(월/수/금, 화/목) 오전 및 오후 3시간씩 강의중.
B31: ⑧ 참고 URL (오른쪽 끝 칸 = 확인일)
B32: URL ① | C32: https://search.naver.com/search.naver?where=nexearch&sm=top_sug.pre&fbm=0&acr=1&acq=%EB%94%94%EC%A7%80%ED%84%B8%EC%95%88%EB%82%B4%EC%82%AC&qdt=0&ie=utf8&query=%EB%94%94%EC%A7%80%ED%84%B8%EC%95%88%EB%82%B4%EC%82%AC&ackey=kqbm38ee
B33: URL ② | C33: https://blog.naver.com/i_m_jacob/224337850897
B34: URL ③
B35: URL ④
B36: URL ⑤
B38: ※ 연노랑 칸에 입력합니다. L열은 확인일입니다.

Sheet 032_진로체험 강사
B2: Job No. 032 진로체험 강사
B3: 4. 교육·강의형 | 워크위즈 N잡스쿨 · 잡별 시장조사 시트
B5: ① 기본 정보
B6: 직업명 · 별칭 | C6: 진로코칭 지도사 (진로지도사)
B7: 한 줄 소개 (30자 내외) | C7: 중·고등학교, 대학교에 나가 자신의 직업 경험을 토대로 진로 수업을 진행하는 일
B8: 수집 상태 · 담당자 | C8: 완료 | E8: 담당 : 정재웅
B9: ② 핵심 지표 6종
B10: 지표 | C10: 초기비용 | D10: 월수익(만원) | E10: 성장성 | F10: 진입난이도 | G10: 주간 소요시간 | H10: 체력부담 | I10: 지표 근거 · 비고
B11: 값 | C11: ₩ 50만 미만 | D11: 80 ~ 350 | E11: ↗↗ 높음 | F11: ★★ | G11: 주 5~15시간 | H11: 중 | I11: - 학교 및 공공기관 소속 파트타임 : 월 80~150만원 - 공공기관 위탁사업 및 전문 강사 : 월 200 ~ 350만원 - 민간센터 상담사 및 독립 컨설턴트 : 월 150 ~ 400만원
B12: ③ 하는 일
B13: 하는 일 (3줄 요약) | C13: - 맞춤형 진로·진학 로드맵 설계 : 심리 및 적성검사를 통해 개인 성향 진단하고, 변화하는 입시 제도나 채용 시장 트렌드에 발맞추어 구체적인 학업 및 커리어 목표 수립 지원. - 진로 상담 및 코칭 : 진로 결정에 어려움 겪는 청소년, 대학생, 구직자 또는 이직을 고민하는 성인을 대상으로 정서적 지지와 피드백 제공. - 진로 교육 프로그램 운영: 학교, 지자체 센터, 청소년 수련관 등에서 주관하는 진로 캠프, 특강, 워크숍 기획 및 진행.
B14: ④ 일자리 수요 근거
B15: 수요처 유형 · 규모 · 증감 추세 | C15: - 수요처 : 1) 중·고등학교 : 고교학점제 전면 도입 및 진로·진학 상담 수요 급증에 따라 학교의 진로진학상담실, 자유학기제 체험 프로그램 현장 2) 청소년 및 공공 기관: 전국 지자체 산하 청소년수련관, 진로직업체험지원센터, 여성인력개발센터, 고용노동부 고용센터 등 3) 대학 및 청년 지원 센터: 대학일자리플러스센터, 대학 진로취업지원과, 청년 창업·취업 지원 공간 4) 민간 에듀테크 및 상담 센터: 진로·진학 컨설팅 전문 기업, 학습 코칭 아카데미, 온라인 커리어 상담 플랫폼 - 규모 및 증감추세 : 1) 평생 교육 및 커리어 전환 수요 확대로 인해 매년 7~8%대의 성장률(CAGR)을 보이며 꾸준히 우상향. 2) 과거에는 중·고등학생의 입시 위주 진로 상담에 국한되었으나, 최근에는 대학생 및 청년층의 취업난, 중장년층의 은퇴 전후 재취업·이직(커리어 피벗) 요구가 커지면서 상담 연령층이 전 생애 주기로 확장되는 추세.
B16: 뒷받침 근거 | C16: 복합 | E16: - 정부의 청소년, 청년 및 중장년 일자리 지원 정책 및 평생교육 추세와 연계
B17: ⑤ 진입 방법
B18: 필요 자격 · 교육 | C18: - 진로진학상담사 / 진로지도사 1·2급: 한국직업능력연구원에 정식으로 등록된 민간 자격증 - 민간 협회나 평생교육원에서 주관하는 과정을 수료하고 자격 검정을 통과해서 취득 가능 - 국가공인 자격 연계 : 청소년상담사(3급 이상), 직업상담사(2급 국가기술자격) 등 국가 자격 함께 보유시 공공기관 및 학교 현장 채용에 우대 혜택
B19: 초기 준비물 · 비용 | C19: - 민간 자격 과정(진로지도사/진로진학상담사) 수강비 및 진로,적성검사 지침서, 트랜드 서적 등 50만원 내외 (노트북은 별도)
B20: 일감 얻는 경로 (플랫폼·기관 실명) | C20: - 공공 진로체험 및 교육 플랫폼 : 꿈길 (ggoomgil.go.kr), 커리어넷 (career.go.kr) - 정부 및 지자체 산하 일자리 채널 : 나라일터 (gojobs.go.kr), 워크넷 (work.go.kr) - 청년 및 대학 전담 지원 기관 : 대학일자리플러스센터 (고용노동부 주관 전국 주요 대학), 온통청년 (youthcenter.go.kr) - 민간 상담 플랫폼 및 에듀테크 : 마음그루, 아로하 등 진로·심리상담 전문 플랫폼 및 에듀테크 기업
B21: ⑥ N잡 적합성 검증
B22: 10조건 | C22: ①시간 유연성 | D22: ②체력 감당 | E22: ③직업 이미지 | F22: ④재미 | G22: ⑤전문성 축적 | H22: ⑥일한 만큼 이상 수익 | I22: ⑦우상향 수익 | J22: ⑧충분한 수요 | K22: ⑨진입 가능성 | L22: ⑩직업적 자부심
B23: 판정 ○ △ ✕ | C23: ○ | D23: ○ | E23: ○ | F23: ○ | G23: ○ | H23: ○ | I23: ○ | J23: ○ | K23: ○ | L23: ○
B24: 판정 근거 (△·✕ 위주로)
B25: 종합 판정 | C25: 적합 | E25: 10개 영역 합격
B26: ⑦ 실제 종사자 (1명)
B27: 이름 · 소속 · 경력 | C27: - 유재천 대표 / 의미공학연구소 / 포스코 연구원 6년, MBA후 진로지도사 13년 경력, 연세대 미래갬퍼스 겸임교수
B28: 확인 출처 (기사·인터뷰·블로그·유튜브·플랫폼 프로필 등) | C28: - 저서 "성장, 의미로 실현하라"의 저자 소개 (URL①), 개인 Blog (URL②), 강사 소개 Blog (URL③), 저서 "여행이 끝나도 삶은 계속된다" 소개 (URL ④)
B29: 컨택 포인트 (연락처·이메일·SNS·소속 기관) | C29: TEL : 02-433-8131, Email : yujaechun@gmail.com, Blog : www.brunch.co.kr/@yujaechun
B30: 인터뷰 가능성 | C30: 상 | E30: - 진로지도사 및 강사로서 10년 이상의 강의/세미나 경력 보유
B31: ⑧ 참고 URL (오른쪽 끝 칸 = 확인일)
B32: URL ① | C32: http://www.happybook.or.kr/sub044/sub01_3.php?idx=394
B33: URL ② | C33: https://brunch.co.kr/@yujaechun
B34: URL ③ | C34: https://blog.naver.com/gangsainfor/221608529983
B35: URL ④ | C35: https://www.cconma.com/product/PKKOR9791156025764
B36: URL ⑤
B38: ※ 연노랑 칸에 입력합니다. L열은 확인일입니다.

Sheet 033_시니어 방문학습 지도사
B2: Job No. 033 시니어 방문학습 지도사
B3: 4. 교육·강의형 | 워크위즈 N잡스쿨 · 잡별 시장조사 시트
B5: ① 기본 정보
B6: 직업명 · 별칭 | C6: 시니어 방문학습 지도사
B7: 한 줄 소개 (30자 내외) | C7: 가정을 방문해 학습지·교재로 1:1 지도를 하는 일
B8: 수집 상태 · 담당자 | C8: 완료 | E8: 담당 : 정재웅
B9: ② 핵심 지표 6종
B10: 지표 | C10: 초기비용 | D10: 월수익(만원) | E10: 성장성 | F10: 진입난이도 | G10: 주간 소요시간 | H10: 체력부담 | I10: 지표 근거 · 비고
B11: 값 | C11: ₩ 50만 미만 | D11: 50 ~ 200 | E11: ↗↗ 높음 | F11: ★★ | G11: 주 15~30시간 | H11: 중 | I11: - 민간 방문 학습지 교사 : 월 50~100만원 (파트타임) - 지자체·보건소 방문사업 : 월 60~120만원(치매안심센터) - 프리랜서/재가센터 연계 : 월 120~200만원
B12: ③ 하는 일
B13: 하는 일 (3줄 요약) | C13: 1. 1:1 맞춤형 인지재활 및 치매 예방 교육 : 인지 자극 학습지 지도. 두뇌 활성화 교구·교재 활용. 2. 1:1 맞춤형 디지털·스마트 기기 교육 : 스마트폰 및 생활 앱 지도. 키오스크 연습, 태블릿 PC 기반 인지재활 게임 등 디지털 기기 실습. 3. 정서적 교감 및 케어 (말벗·상태 모니터링)
B14: ④ 일자리 수요 근거
B15: 수요처 유형 · 규모 · 증감 추세 | C15: - 수요처 : 1) 민간 교육기업 (시니어 학습지) : 대교 (대교 뉴이프, 브레인 트레이닝), 교원 구몬 (구몬 액티브라이프), 웅진씽크빅 등 주요 학습지사 2) 공공·지자체 돌봄 사업 : 전국 보건소 치매안심센터, 지자체 고독사 예방·노인 맞춤 돌봄 전담 기관. 시니어클럽 및 종합사회복지관. 3) 장기요양·재가복지 센터 : 방문요양센터, 재가노인복지센터, 주간보호센터 (방문 연계형), 등급 판정자/비등급자 대상 맞춤 - 시장 규모 : 대교, 구몬 등 기존 학령기 중심의 학습지 대기업들이 시니어 캐어시장에 본격 진입하면서, 시니어 학습시장은 매년 수백억원 이상의 신규 시장으로 빠르게 형성되고 있음. - 증감 추세 : 폭발적인 성장세 (새로운 블루오션 영역) 1) 학습지 대기업의 '시니어 전향' 가속화 2) 단순 간병·돌봄에서 '자기계발 & 치매예방'으로 패러다임 전환 3) 단체 교육 환경에 적응하기 어렵거나 이동이 불편한 어르신을 위한 1:1 가정 방문 지도사 채용이 정기적으로 확대
B16: 뒷받침 근거 | C16: 복합 | E16: - 2024년말 초고령화 사회 진입 + 정부, 지자체의 정책 및 예산 투입 증대
B17: ⑤ 진입 방법
B18: 필요 자격 · 교육 | C18: - 필요 자격(민간자격) : 시니어 브레인 트레이닝 지도사, 노인인지활동지도사, 스마트폰활용지도사/시니어교육 지도사, 노인심리상담사, 사회복지사/요양보호사 또는 전직 교사 및 학습지 교사 경력 우대. - 교육 : 1) 민간 학습지 기업(대교 뉴이프, 구몬 등) 위촉/OJT 교육 2) 지자체 50플러스센터/여성인력개발센터의 ‘시니어 인지/방문학습 지도사 과정 3) 온라인 평생교육원 자격 과정: 한국직업능력연구원에 정식 등록된 노인인지활동지도사 1급 과정
B19: 초기 준비물 · 비용 | C19: - 태블릿 PC 또는 최신 스마트폰, 시니어 전용 교구 및 보조 도구 필요. 자격증, 교구/도구 비용으로 30~ 50만원 수준. | N19: 장점 | O19: 높은 보람과 정서적 만족감 | T19: 단점 | U19: 초기 수입의 불확실성
B20: 일감 얻는 경로 (플랫폼·기관 실명) | C20: - 대표 민간 교육기업 (B2C 방문 학습지 브랜드) : 대교 뉴이프, 구몬학습 (구몬 액티브라이프), 웅진씽크빅, 케어링 등 실버 에듀테크 브랜드 - 공공 및 지자체 돌봄·방문 사업 : 치매안심센터 (전국 시·군·구 보건소 산하), 노인맞춤돌봄서비스 수행기관 (전국 종합사회복지관·시니어클럽) - 구직 포털 및 지역 중장년 일자리 매칭 플랫폼 : 워크넷 (www.work.go.kr), 서울시 50플러스포털 (50plus.or.kr) 및 지역별 중장년지원센터 | O20: 중장년·시니어 경력 이점에 최적화 | U20: 계절적/사업 주기별 공공 공백기 (연초 1~2월)
B21: ⑥ N잡 적합성 검증 | O21: 유연한 시간 활용. 은퇴 후 재취업이나 N잡에 적합. | U21: 높은 감정 노동 및 높은 공감 능력 요구
B22: 10조건 | C22: ①시간 유연성 | D22: ②체력 감당 | E22: ③직업 이미지 | F22: ④재미 | G22: ⑤전문성 축적 | H22: ⑥일한 만큼 이상 수익 | I22: ⑦우상향 수익 | J22: ⑧충분한 수요 | K22: ⑨진입 가능성 | L22: ⑩직업적 자부심 | O22: 초고령사회 속 지속 성장하는 시장
B23: 판정 ○ △ ✕ | C23: ○ | D23: ○ | E23: ○ | F23: △ | G23: ○ | H23: ○ | I23: ○ | J23: ○ | K23: △ | L23: ○
B24: 판정 근거 (△·✕ 위주로) | C24: ④ △ — 시니어들과의 교류하는 것에 대해 적성이 맞아야 하고 재미있어야 함. ⑨ △ — 시니어들과의 교류하는 적성이 맞아야 하고 다양한 영역을 계속적으로 공부하고 연구해야 함.
B25: 종합 판정 | C25: 적합 | E25: 10조건 중 8개 통과, 2개 조건부
B26: ⑦ 실제 종사자 (1명) | N26: 추가 통화 요
B27: 이름 · 소속 · 경력 | C27: - 유회란 대표 / 나누자연협회 / 은행원, 무역회사, 유치원교사, 직업상담사/취업지원관 등 경력 20년. 사회복지사, 청년지도사, 노인스포츠지도사, 시니어레크리에이션 강사 자격증 보유. 외향형들의 사회생활(전자책) 출판 (작가) | N27: 유회란 대표 | P27: 나누자연협회 설립 3년차, 협회원 40명/파견 100명(수수료 15%), 성동여실 졸업. 은행원3년/무역회사 3년, 유치원 선생 10년, 직업상담사/취업지원관 3년, 청년지도사. 강사 양성하는 강사. 시니어방문합습지도사 1년. 사회복지사,노인스포츠지도사 자격증, 시니어레크리에이션강사 보유.
B28: 확인 출처 (기사·인터뷰·블로그·유튜브·플랫폼 프로필 등) | C28: - 시니어 방문학습 지도사란 (URL ①), 대교 뉴이프 웹사이트 (URL ②), [대교+서울시50플러스] 시니어 브레인 트레이닝 지도사 양성과정 (URL ③), 나누자연교육협회 블로그(URL ④), 나누자연교육협회 소개(강서50플러스, URL ⑤) | N28: 50대 중반 | P28: 통합돌봄과 연계. 1회 1시간/주. 3~4만원/시간. 인지놀이, 그림놀이
B29: 컨택 포인트 (연락처·이메일·SNS·소속 기관) | C29: - M : 010-3482- 3484 / E : career-hoeran@naver.com / | P29: 유트버 X , 전자책(1권) 외향형들의 사회생활 저세술 출판,
B30: 인터뷰 가능성 | C30: 상 | E30: - 시니어방문학습를 하면서 강사를 양성하는 강사를 겸하고 있음.
B31: ⑧ 참고 URL (오른쪽 끝 칸 = 확인일)
B32: URL ① | C32: https://search.naver.com/search.naver?where=nexearch&sm=top_hty&fbm=0&ie=utf8&query=%EC%8B%9C%EB%8B%88%EC%96%B4+%EB%B0%A9%EB%AC%B8%ED%95%99%EC%8A%B5+%EC%A7%80%EB%8F%84%EC%82%AC&ackey=tc55dy05
B33: URL ② | C33: https://senior.daekyo.com/#:~:text=%EC%8B%9C%EB%8B%88%EC%96%B4%EC%9D%98%20%EB%82%B4%EC%9D%BC%EC%9D%84%20%EB%B0%94%EA%BE%B8%EB%8A%94%20%EB%B0%B0%EC%9B%80%2C%20%EA%B8%B0%EA%B4%80%EA%B3%BC%20%ED%95%A8%EA%BB%98%20%ED%95%A9%EB%8B%88%EB%8B%A4.,%ED%99%9C%EC%9A%A9%20%EA%B0%80%EB%8A%A5%ED%95%9C%20%EC%8B%9C%EB%8B%88%EC%96%B4%20%EB%A7%9E%EC%B6%A4%20%ED%95%99%EC%8A%B5%20%ED%94%84%EB%A1%9C%EA%B7%B8%EB%9E%A8%EC%9D%84%20%EC%A0%9C%EA%B3%B5%ED%95%A9%EB%8B%88%EB%8B%A4.
B34: URL ③ | C34: https://blog.naver.com/daekyo_newif/223514827843
B35: URL ④ | C35: https://blog.naver.com/nanujayeon/224355861958
B36: URL ⑤ | C36: https://www.50plus.or.kr/gsc/incubating-detail.do?id=47005633
B38: ※ 연노랑 칸에 입력합니다. L열은 확인일입니다.

Sheet 034_원예 체험강사
B2: Job No. 034 원예 체험강사
B3: 5. 취미·문화·건강 지도형 | 워크위즈 N잡스쿨 · 잡별 시장조사 시트
B5: ① 기본 정보
B6: 직업명 · 별칭 | C6: 원예 체험강사
B7: 한 줄 소개 (30자 내외) | C7: 식물 심기·정원 가꾸기 등 원예 활동 프로그램을 진행하는 일
B8: 수집 상태 · 담당자 | C8: 수집중 | E8: 담당 : 정재웅
B9: ② 핵심 지표 6종
B10: 지표 | C10: 초기비용 | D10: 월수익(만원) | E10: 성장성 | F10: 진입난이도 | G10: 주간 소요시간 | H10: 체력부담 | I10: 지표 근거 · 비고
B11: 값 | C11: ₩₩ 50~300만 | F11: ★★ | G11: 주 5~15시간 | H11: 중
B12: ③ 하는 일
B13: 하는 일 (3줄 요약)
B14: ④ 일자리 수요 근거
B15: 수요처 유형 · 규모 · 증감 추세
B16: 뒷받침 근거
B17: ⑤ 진입 방법
B18: 필요 자격 · 교육
B19: 초기 준비물 · 비용
B20: 일감 얻는 경로 (플랫폼·기관 실명)
B21: ⑥ N잡 적합성 검증
B22: 10조건 | C22: ①시간 유연성 | D22: ②체력 감당 | E22: ③직업 이미지 | F22: ④재미 | G22: ⑤전문성 축적 | H22: ⑥일한 만큼 이상 수익 | I22: ⑦우상향 수익 | J22: ⑧충분한 수요 | K22: ⑨진입 가능성 | L22: ⑩직업적 자부심
B23: 판정 ○ △ ✕
B24: 판정 근거 (△·✕ 위주로)
B25: 종합 판정
B26: ⑦ 실제 종사자 (1명)
B27: 이름 · 소속 · 경력
B28: 확인 출처 (기사·인터뷰·블로그·유튜브·플랫폼 프로필 등)
B29: 컨택 포인트 (연락처·이메일·SNS·소속 기관)
B30: 인터뷰 가능성
B31: ⑧ 참고 URL (오른쪽 끝 칸 = 확인일)
B32: URL ①
B33: URL ②
B34: URL ③
... B38: ※ 연노랑 칸에 입력합니다. L열은 확인일입니다.

Sheet 035_캘리그래피 강사
B2: Job No. 035 캘리그래피 강사
B3: 5. 취미·문화·건강 지도형 | 워크위즈 N잡스쿨 · 잡별 시장조사 시트
B5: ① 기본 정보
B6: 직업명 · 별칭 | C6: 캘리그래피 강사 (손글씨 전문 예술가)
B7: 한 줄 소개 (30자 내외) | C7: 손글씨 예술을 가르치고 작품·소품 제작으로 연결하는 일
B8: 수집 상태 · 담당자 | C8: 완료 | E8: 담당 : 정재웅
B9: ② 핵심 지표 6종
B10: 지표 | C10: 초기비용 | D10: 월수익(만원) | E10: 성장성 | F10: 진입난이도 | G10: 주간 소요시간 | H10: 체력부담 | I10: 지표 근거 · 비고
B11: 값 | C11: ₩ 50만 미만 | D11: 50 ~ 200 | E11: ↗ 보통 | F11: ★★ | G11: 주 5~15시간 | H11: 하 | I11: - 초보 및 파트타임 프리랜서 : 월 50만 ~ 150만원 - 전업 프리랜서 및 작가 : 월 200만 ~ 400만원 이상 - 공방 운영 및 교육 겸업형 : 월 150만 ~ 350만원)
B12: ③ 하는 일
B13: 하는 일 (3줄 요약) | C13: - 상업 디자인 및 타이틀 글씨 제작 (영화 포스터, 드라마 타이틀, 책 표지, 음반 자켓 등), 제품 패키지 및 광고 협업 - 예술 작품 활동 및 상품화 : 캘리그라피 작품을 창작하거나 캘리그라피를 접목한 엽서, 캘린더, 인테리어 소품, 굿즈 등 제작·판매 - 강의 및 교육 : 문화센터, 평생교육원, 전문 아카데미 등에서 일반인이나 수강생들 대상으로 캘리그라피 기법과 표현법 지도
B14: ④ 일자리 수요 근거
B15: 수요처 유형 · 규모 · 증감 추세 | C15: - 수요처 : 1) 엔터테인먼트 및 미디어 (영화사, 드라마 제작사, 방송국/음반 기획사 등) 2) 출판 및 광고 업계 : 출판사(도서 표지 및 본문 타이틀), 광고 에이전시 및 디자인 스튜디오(브랜드 BI/CI 및 마케팅 카피 디자인) 3) 유통 및 소비재 브랜드 : 화장품, 주류, 식품, 패션 브랜드(제품 패키지 디자인, 선물세트 각인, 팝업스토어 콜라보) 4) 오프라인 공방 및 교육 시장: 개인 캘리그라피 공방, 백화점 문화센터, 지자체 평생학습관, 온라인 클래스 플랫폼(클래스101 등) - 시장 규모 : 직업이나 취미로 수만 명 수준. 전업으로 안정적인 고수익을 올리는 전문 프리랜서나 소속 작가의 풀은 소수. - 증감 추세 : AI 추세와 더불어 인간의 손길이 닿은 아날로그 감성과 독창적인 타이틀 디자인의 희소성 높이 평가되고 확장세
B16: 뒷받침 근거 | C16: 인구구조 변화 | E16: - AI와 결합해서 오프라인 손글씨를 넘어 모션 그래픽과 결합된 동적 타이포그래피 영역으로 시장 확장되는 추세
B17: ⑤ 진입 방법
B18: 필요 자격 · 교육 | C18: - 국가공인 자격증 없음. 민간협회, 교육원, 전문 아카데미, 오프라인 공방에서 3 ~ 6개월 교육 수료. 최근에는 디지털 캘리그래피 교육도 활발.
B19: 초기 준비물 · 비용 | C19: - 붓, 먹, 화선지, 펜류 및 소품류, 수강료(3개월) 등 50만원 미만
B20: 일감 얻는 경로 (플랫폼·기관 실명) | C20: - 프리랜서 외주 플랫폼 (크몽, 라우드소싱 등): 개인 및 기업 클라이언트의 건별 의뢰 수주하는 가장 대중적인 경로 - SNS 및 개인 채널 (인스타그램, 블로그): 작업물과 창작 과정을 시각적으로 노출. 브랜드 협업, 북 디자인, 굿즈 제작 제안을 유도하는 마케팅. - 디자인 스튜디오 및 광고 에이전시 파트너십: 전속 계약이나 파트너 작가 풀에 등록하여 대형 프로젝트 일감 확보. - 오프라인 공방 및 강의 연계: 문화센터, 평생교육원, 온라인 클래스(클래스 101) 출강
B21: ⑥ N잡 적합성 검증
B22: 10조건 | C22: ①시간 유연성 | D22: ②체력 감당 | E22: ③직업 이미지 | F22: ④재미 | G22: ⑤전문성 축적 | H22: ⑥일한 만큼 이상 수익 | I22: ⑦우상향 수익 | J22: ⑧충분한 수요 | K22: ⑨진입 가능성 | L22: ⑩직업적 자부심
B23: 판정 ○ △ ✕ | C23: ○ | D23: ○ | E23: ○ | F23: ○ | G23: ○ | H23: ○ | I23: △ | J23: ○ | K23: ○ | L23: ○
B24: 판정 근거 (△·✕ 위주로) | C24: ⑥ △ — 대부분 일한 만큼 수준이거나 이하의 수익. 일부의 인기 전문가는 많은 수입 확보 가능.
B25: 종합 판정 | C25: 적합 | E25: 10조건 중 9개 통과, 1개 조건부
B26: ⑦ 실제 종사자 (1명)
B27: 이름 · 소속 · 경력 | C27: - 송시형 캘리그래퍼 / 한국캘리그라피협회 소속 / 현 캘리그래퍼 경력 10년
B28: 확인 출처 (기사·인터뷰·블로그·유튜브·플랫폼 프로필 등) | C28: - 전시회 출품 작품 및 기록 (URL ①, URL ②)
B29: 컨택 포인트 (연락처·이메일·SNS·소속 기관) | C29: - Email : siso365@hanmail.net, 인스타ID : siso1473
B30: 인터뷰 가능성 | C30: 중 | E30: - 전시회 인쇄광고물 제작 및 설치를 본업으로 하면서 캘리그래퍼로 활동
B31: ⑧ 참고 URL (오른쪽 끝 칸 = 확인일)
B32: URL ① | C32: https://www.sac.or.kr/site/main/show/show_view?SN=38092
B33: URL ② | C33: https://www.msnews.co.kr/news/articleView.html?idxno=794168
B34: URL ③
B35: URL ④
B36: URL ⑤
B38: ※ 연노랑 칸에 입력합니다. L열은 확인일입니다.

Sheet 036_셔플댄스 강사
B2: Job No. 036 셔플댄스 강사
B3: 5. 취미·문화·건강 지도형 | 워크위즈 N잡스쿨 · 잡별 시장조사 시트
B5: ① 기본 정보
B6: 직업명 · 별칭 | C6: 셔플댄스 강사
B7: 한 줄 소개 (30자 내외)
B8: 수집 상태 · 담당자 | C8: 미착수
B9: ② 핵심 지표 6종
B10: 지표 | C10: 초기비용 | D10: 월수익(만원) | E10: 성장성 | F10: 진입난이도 | G10: 주간 소요시간 | H10: 체력부담 | I10: 지표 근거 · 비고
B11: 값
B12: ③ 하는 일
B13: 하는 일 (3줄 요약)
B14: ④ 일자리 수요 근거
B15: 수요처 유형 · 규모 · 증감 추세
B16: 뒷받침 근거
B17: ⑤ 진입 방법
B18: 필요 자격 · 교육
B19: 초기 준비물 · 비용
B20: 일감 얻는 경로 (플랫폼·기관 실명)
B21: ⑥ N잡 적합성 검증
B22: 10조건 | C22: ①시간 유연성 | D22: ②체력 감당 | E22: ③직업 이미지 | F22: ④재미 | G22: ⑤전문성 축적 | H22: ⑥일한 만큼 이상 수익 | I22: ⑦우상향 수익 | J22: ⑧충분한 수요 | K22: ⑨진입 가능성 | L22: ⑩직업적 자부심
B23: 판정 ○ △ ✕
B24: 판정 근거 (△·✕ 위주로)
B25: 종합 판정
B26: ⑦ 실제 종사자 (1명)
B27: 이름 · 소속 · 경력
B28: 확인 출처 (기사·인터뷰·블로그·유튜브·플랫폼 프로필 등)
B29: 컨택 포인트 (연락처·이메일·SNS·소속 기관)
B30: 인터뷰 가능성
B31: ⑧ 참고 URL (오른쪽 끝 칸 = 확인일)
B32: URL ①
B33: URL ②
B34: URL ③
... B38: ※ 연노랑 칸에 입력합니다. L열은 확인일입니다.

Sheet 037_바리스타 자격 강사
B2: Job No. 037 바리스타 자격 강사
B3: 5. 취미·문화·건강 지도형 | 워크위즈 N잡스쿨 · 잡별 시장조사 시트
B5: ① 기본 정보
B6: 직업명 · 별칭 | C6: 바리스타 자격 강사
B7: 한 줄 소개 (30자 내외)
B8: 수집 상태 · 담당자 | C8: 미착수
B9: ② 핵심 지표 6종
B10: 지표 | C10: 초기비용 | D10: 월수익(만원) | E10: 성장성 | F10: 진입난이도 | G10: 주간 소요시간 | H10: 체력부담 | I10: 지표 근거 · 비고
B11: 값
B12: ③ 하는 일
B13: 하는 일 (3줄 요약)
B14: ④ 일자리 수요 근거
B15: 수요처 유형 · 규모 · 증감 추세
B16: 뒷받침 근거
B17: ⑤ 진입 방법
B18: 필요 자격 · 교육
B19: 초기 준비물 · 비용
B20: 일감 얻는 경로 (플랫폼·기관 실명)
B21: ⑥ N잡 적합성 검증
B22: 10조건 | C22: ①시간 유연성 | D22: ②체력 감당 | E22: ③직업 이미지 | F22: ④재미 | G22: ⑤전문성 축적 | H22: ⑥일한 만큼 이상 수익 | I22: ⑦우상향 수익 | J22: ⑧충분한 수요 | K22: ⑨진입 가능성 | L22: ⑩직업적 자부심
B23: 판정 ○ △ ✕
B24: 판정 근거 (△·✕ 위주로)
B25: 종합 판정
B26: ⑦ 실제 종사자 (1명)
B27: 이름 · 소속 · 경력
B28: 확인 출처 (기사·인터뷰·블로그·유튜브·플랫폼 프로필 등)
B29: 컨택 포인트 (연락처·이메일·SNS·소속 기관)
B30: 인터뷰 가능성
B31: ⑧ 참고 URL (오른쪽 끝 칸 = 확인일)
B32: URL ①
B33: URL ②
B34: URL ③
... B38: ※ 연노랑 칸에 입력합니다. L열은 확인일입니다.

Sheet 038_파크골프·생활체육 지도자
B2: Job No. 038 파크골프·생활체육 지도자
B3: 5. 취미·문화·건강 지도형 | 워크위즈 N잡스쿨 · 잡별 시장조사 시트
B5: ① 기본 정보
B6: 직업명 · 별칭 | C6: 파크골프·생활체육 지도자
B7: 한 줄 소개 (30자 내외) | C7: 파크골프 등 생활체육 종목을 현장에서 지도하는 일
B8: 수집 상태 · 담당자 | C8: 완료 | E8: 담당 : 정재웅
B9: ② 핵심 지표 6종
B10: 지표 | C10: 초기비용 | D10: 월수익(만원) | E10: 성장성 | F10: 진입난이도 | G10: 주간 소요시간 | H10: 체력부담 | I10: 지표 근거 · 비고
B11: 값 | C11: ₩₩ 50~300만 | D11: 50 ~ 150 | E11: ↗↗ 높음 | F11: ★★★ | G11: 주 15~30시간 | H11: 상 | I11: - 부업 및 파트타임(주 2~3회 출강) : 월 50 ~ 150만원 - 전업 프리랜서 / 전문 강사 : 월 200 ~ 350만원 이상 (주 5일 이상 활동할 경우)
B12: ③ 하는 일
B13: 하는 일 (3줄 요약) | C13: - 기술 지도: 티샷, 어프로치 샷, 벙커샷, 퍼팅 등 상황별 스윙 기법과 노하우를 코칭. - 규칙 및 매너 교육 : 올바른 파크골프 경기 규정, 용어, 그리고 필드에서 지켜야 할 에티켓 전달. - 생활체육 활성화 : 지자체 체육시설, 노인복지관, 문화센터, 평생교육원 및 각급 클럽 등에서 시니어 및 일반인 대상으로 건강·여가 프로그램 운영.
B14: ④ 일자리 수요 근거
B15: 수요처 유형 · 규모 · 증감 추세 | C15: - 수요처 : 1) 시니어 및 은퇴 세대 (핵심 수요층): 50대부터 80대에 이르는 장노년층 2) 가족 및 신규 동호인 계층: 최근에는 3세대 가족 단위 및 중장년층 이하로 저변이 확대되고 있음 3) 지자체 및 공공 기관 등 : 지역 주민 복지 향상, 관광객 유치, 생활체육 인프라 확충을 위해 지자체에서 파크골프장을 조성하고 있음 - 시장 규모 : 1) 대한파크골프협회 회원수 2019~2020년 약 4.5만명 수준. 최근에는 22만~25만명. 비공식 동호인까지 포함시 60만~70만명. 2) 전국 파크골프장 수 500여개소.(9 ~ 18홀 중심이었으나 근래는 36홀, 81홀, 90홀 중심, 100홀 이상도 등장) - 증감 추세 : 국내 생활체육 분야중에서 가장 가파른 우상향 곡선을 보이고 있음.
B16: 뒷받침 근거 | C16: 복합 | E16: - 초고령 사회 진입과 맞물려, 지역 복지와 관광객 유치를 위해 지자체가 파크골프장 조성에 적극적임.
B17: ⑤ 진입 방법
B18: 필요 자격 · 교육 | C18: - 필요 자격 (민간자격, 2급 기준) : 대한파크골프협회 회원 가입자 또는 일정 연령 이상(보통 성인 대상)으로, 누구나 도전 가능. (1급의 경우 2급 자격 취득 후 1년 이상 경과자, 체육계열 졸업자, 또는 국가공인 생활스포츠 지도사 자격 보유자 등 별도의 요건 필요) - 교육 : 시·도 파크골프협회나 지정된 전문 교육기관, 평생교육원 등에서 주관하는 이론 및 실기 교육(통상 수십 시간) 이수 필요.
B19: 초기 준비물 · 비용 | C19: - 파크골프채, 전용 공, 볼 파우치, 골프화, 골프의류 등 필요. 교육비 및 수강료, 자격증 비용 등 30~60만원 비용 필요.
B20: 일감 얻는 경로 (플랫폼·기관 실명) | C20: 1. 공공 및 지자체 : 기관 자체 체육회 및 주민자치센터, 각 지자체 체육회 홈페이지나 나라일터, 워크넷 등. 노인복지관 및 평생교육원, 문화센터, 대학 부설 평생교육원 등 2. 협회 및 공식 대회 연계 대한파크골프협회 및 시·도/시·군·구 지부 활동 : 경기 진행요원, 심판, 보조 강사 등 우선 활동. 지도자 양성 교육기관에서 보조 강사(조교)로 참여하면서 실무 경력을 쌓고 추천을 통해 일감을 받는 경로도 많음. 3. 민간 시설, 사설 파크골프장 및 스크린 파크골프 : 실내 스크린 파크골프장이나 민간 체육 시설에서 상주 프로 강사나 개인·그룹 레슨 코치로 활동.
B21: ⑥ N잡 적합성 검증
B22: 10조건 | C22: ①시간 유연성 | D22: ②체력 감당 | E22: ③직업 이미지 | F22: ④재미 | G22: ⑤전문성 축적 | H22: ⑥일한 만큼 이상 수익 | I22: ⑦우상향 수익 | J22: ⑧충분한 수요 | K22: ⑨진입 가능성 | L22: ⑩직업적 자부심
B23: 판정 ○ △ ✕ | C23: ○ | D23: △ | E23: ○ | F23: ○ | G23: ○ | H23: ○ | I23: △ | J23: ○ | K23: ○ | L23: ○
B24: 판정 근거 (△·✕ 위주로) | C24: ② △ — 강의 및 개인 P/T 등 많은 활동을 하는 경우 고강도의 노동으로 체력이 필요. ⑦ △ — 대부분 일한 만큼 수준의 수입이나 재미 있어하고 즐거워 함.
B25: 종합 판정 | C25: 적합 | E25: 10조건 중 8개 통과, 2개 조건부
B26: ⑦ 실제 종사자 (1명)
B27: 이름 · 소속 · 경력 | C27: - 김은희 교수 / KBS 스포츠종합예술부 주임교수 및 호서전문학교 강사 / 골프 경력 10년 이상, 파크골프 투데이 취재 기사
B28: 확인 출처 (기사·인터뷰·블로그·유튜브·플랫폼 프로필 등) | C28: - 파크골프 지도자 (URL ①), 파크골프 지도자 체험하는 시니어들 (URL ②), 김은희 기자 기사들 (URL ③)
B29: 컨택 포인트 (연락처·이메일·SNS·소속 기관) | C29: - T : 010-7666-9438 / E : dainkim2000@naver.com
B30: 인터뷰 가능성 | C30: 상 | E30: - KBS 및 호서전문대학에서 주임교수 및 강사로 활동중
B31: ⑧ 참고 URL (오른쪽 끝 칸 = 확인일)
B32: URL ① | C32: https://search.naver.com/search.naver?sm=tab_hty.top&where=nexearch&ssc=tab.nx.all&query=%ED%8C%8C%ED%81%AC%EA%B3%A8%ED%94%84+%EC%A7%80%EB%8F%84%EC%9E%90&oquery=%EC%86%8C%ED%98%95+%EC%A7%91%EC%88%98%EB%A6%AC+%EC%A0%84%EB%AC%B8%EA%B0%80&tqi=jqo04dqX5mhssAv1QMh-266588&ackey=apgcc5q7
B33: URL ② | C33: https://www.asiatoday.co.kr/kn/view.php?key=20260917010006698
B34: URL ③ | C34: https://www.parkgolftoday.kr/news/articleList.html?sc_area=A&view_type=sm&sc_word=%EA%B9%80%EC%9D%80%ED%9D%AC+%EA%B8%B0%EC%9E%90
B35: URL ④
B36: URL ⑤
B38: ※ 연노랑 칸에 입력합니다. L열은 확인일입니다.

Sheet 039_명상·요가 지도자
B2: Job No. 039 명상·요가 지도자
B3: 5. 취미·문화·건강 지도형 | 워크위즈 N잡스쿨 · 잡별 시장조사 시트
B5: ① 기본 정보
B6: 직업명 · 별칭 | C6: 명상·요가 지도자
B7: 한 줄 소개 (30자 내외) | C7: 호흡·명상·요가 수업을 통해 몸과 마음의 이완을 지도하는 일
B8: 수집 상태 · 담당자 | C8: 수집중 | E8: 담당 : 정재웅
B9: ② 핵심 지표 6종
B10: 지표 | C10: 초기비용 | D10: 월수익(만원) | E10: 성장성 | F10: 진입난이도 | G10: 주간 소요시간 | H10: 체력부담 | I10: 지표 근거 · 비고
B11: 값 | C11: ₩₩ 50~300만 | F11: ★★★ | G11: 주 5~15시간 | H11: 중
B12: ③ 하는 일
B13: 하는 일 (3줄 요약)
B14: ④ 일자리 수요 근거
B15: 수요처 유형 · 규모 · 증감 추세
B16: 뒷받침 근거
B17: ⑤ 진입 방법
B18: 필요 자격 · 교육
B19: 초기 준비물 · 비용
B20: 일감 얻는 경로 (플랫폼·기관 실명)
B21: ⑥ N잡 적합성 검증
B22: 10조건 | C22: ①시간 유연성 | D22: ②체력 감당 | E22: ③직업 이미지 | F22: ④재미 | G22: ⑤전문성 축적 | H22: ⑥일한 만큼 이상 수익 | I22: ⑦우상향 수익 | J22: ⑧충분한 수요 | K22: ⑨진입 가능성 | L22: ⑩직업적 자부심
B23: 판정 ○ △ ✕
B24: 판정 근거 (△·✕ 위주로)
B25: 종합 판정
B26: ⑦ 실제 종사자 (1명)
B27: 이름 · 소속 · 경력
B28: 확인 출처 (기사·인터뷰·블로그·유튜브·플랫폼 프로필 등)
B29: 컨택 포인트 (연락처·이메일·SNS·소속 기관)
B30: 인터뷰 가능성
B31: ⑧ 참고 URL (오른쪽 끝 칸 = 확인일)
B32: URL ①
B33: URL ②
B34: URL ③
... B38: ※ 연노랑 칸에 입력합니다. L열은 확인일입니다.

Sheet 040_노인 운동 강사
B2: Job No. 040 노인 운동 강사
B3: 5. 취미·문화·건강 지도형 | 워크위즈 N잡스쿨 · 잡별 시장조사 시트
B5: ① 기본 정보
B6: 직업명 · 별칭 | C6: 노인 운동 강사
B7: 한 줄 소개 (30자 내외) | C7: 어르신 대상 근력 강화와 낙상 예방 운동을 지도하는 일
B8: 수집 상태 · 담당자 | C8: 완료 | E8: 담당 : 정재웅
B9: ② 핵심 지표 6종
B10: 지표 | C10: 초기비용 | D10: 월수익(만원) | E10: 성장성 | F10: 진입난이도 | G10: 주간 소요시간 | H10: 체력부담 | I10: 지표 근거 · 비고
B11: 값 | C11: ₩ 50만 미만 | D11: 150 ~ 250 | E11: ↗↗ 높음 | F11: ★★★ | G11: 주 5~15시간 | H11: 중 | I11: - 프리랜서 및 파트타임 강사 : 월 150만 ~ 250만원 (시간당 3~6만원) - 공공, 복지시설 고정 계약직 : 월 200 ~ 260만원 - 다중 출강 및 인기 강사 : 월 300 ~ 450만원 이상
B12: ③ 하는 일
B13: 하는 일 (3줄 요약) | C13: - 맞춤형 운동 프로그램 기획 및 지도 : 노인들의 신체적 특성, 연령, 건강, 체력에 맞는 유산소 운동, 스트레칭, 소도구(세라밴드, 짐볼 등) 활용 운동 - 신체 기능 유지 및 만성질환 예방 관리 : 신체 활동 통해 낙상사고를 예방하고, 고혈압·당뇨·관절염 등 노인성 만성질환을 예방하거나 증상 완화 - 건강 상담 및 정서적 지지 제공 : 어르신들의 건강 상태나 통증 여부를 모니터링하고, 그들과 소통하고, 활기찬 분위기 조성. 고립감 해소 및 우울증 예방 등 정서적 안정
B14: ④ 일자리 수요 근거
B15: 수요처 유형 · 규모 · 증감 추세 | C15: - 수요처 : 1) 복지 및 요양 시설 : 노인복지관, 경로당, 시니어 클럽, 주·야간 보호센터, 요양원 및 양로원 2) 공공 체육 및 보건 기관 : 지자체 운영 국민체육센터, 주민센터 문화강좌, 보건소 및 지역별 건강증진센터 3) 민간 시니어 산업 시설 : 실버타운, 은퇴자 주거 시설, 시니어 특화 피트니스 센터 등 - 시장 규모 : 전체 시니어 케어 및 실버 스포츠 관련 시장 규모는 수십조 원대 이상으로 지속 확대중. - 증감 추세 : 초고령화 사회로 접어들면서 신체 기능 유지와 질병 예방을 위한 전문운동 지도 수요는 매년 우상향 곡선. 일정의 안정성(반복성) 대두. 노인 생리학, 만성질환 이해도, 낙상 방지 프로그램 등 전문 지식을 갖춘 공인자격 소지자(노인스포츠지도사 등)에 대한 선호도가 뚜렷.
B16: 뒷받침 근거 | C16: 인구구조 변화 | E16: - 2024년말 초고령화 사회로 접어들면서 시니어들을 위한 전문 운동 지도 수요는 가파르게 우상향하는 추세.
B17: ⑤ 진입 방법
B18: 필요 자격 · 교육 | C18: - 대표적인 국가공인 자격증 : 노인스포츠지도사 (이론 수업, 필기 및 실기 시험, 40~90시간의 연수기간 필요) - 민간 자격증 및 전문 교육 과정 : 시니어운동전문강사, 노인건강운동지도사, 실버체육지도사 등 (한국직업능력연구원 정식 등록 민간 자격) 대학 부설 평생교육원, 민간 협회 등을 통해 온·오프라인으로 진행. 비교적 진입 장벽이 낮고 단기간에 수료할 수 있고, 경로당·주야간보호센터 등 민간·복지 시설 프리랜서 강사로 곧바로 현장감 익히기 좋음.
B19: 초기 준비물 · 비용 | C19: - 자격증 비용 : 1) 국가공인 자격증 (노인스포츠지도사) 기준 30~50만원(교육, 필기/실기시험, 연수비용 등) 2)민간 자격증 (단기 취득 과정) : 협회나 평생교육원 프로그램에 따라 상이하며, 통상적으로 10 ~ 30만원선(교육비 및 자격증) - 초기 준비물 : 수업용 소도구 및 운동용 복장 필요
B20: 일감 얻는 경로 (플랫폼·기관 실명) | C20: - 민간 영역 : 1) 복지·의료 및 일반 구직 플랫폼 : 복지넷 및 1365 자원봉사포털. 2) 시니어 관련 구직 사이트 : 전국 노인복지관, 주·야간 보호센터, 요양원 등 3) 메디잡 / 워크넷 / 일반 사람인·잡코리아 : '노인 운동', '실버 강사', '시니어 체육' 등의 키워드로 검색하면 모집 공고 다수 - 공공 및 지자체 단위 사업 공고 (시·군·구 체육회) : 각 지자체 및 시·군·구 체육회 홈페이지, 주민센터 및 보건소. - 스포츠·체육 분야 전문 플랫폼 : 대한체육회 체육인재라운지 / 스포츠잡알리오, 국민체육진흥공단 스포츠산업 일자리 사이트 (SPOBIZ) 등 | N20: 중장년 시작 : 노르딕워킹협회, 워킹협회, 실버체조협회
B21: ⑥ N잡 적합성 검증
B22: 10조건 | C22: ①시간 유연성 | D22: ②체력 감당 | E22: ③직업 이미지 | F22: ④재미 | G22: ⑤전문성 축적 | H22: ⑥일한 만큼 이상 수익 | I22: ⑦우상향 수익 | J22: ⑧충분한 수요 | K22: ⑨진입 가능성 | L22: ⑩직업적 자부심
B23: 판정 ○ △ ✕ | C23: ○ | D23: ○ | E23: ○ | F23: △ | G23: ○ | H23: ○ | I23: ○ | J23: ○ | K23: △ | L23: ○
B24: 판정 근거 (△·✕ 위주로) | C24: ④ △ — 시니어 대상 운동 강의 및 의사 소통에 대해 적성이 맞아야 함. ⑨ △ — 강의 및 개인 P/T 등 많은 활동을 하는 경우 중강도의 노동으로 체력이 필요.
B25: 종합 판정 | C25: 적합 | E25: 10조건 중 8개 통과, 2개 조건부
B26: ⑦ 실제 종사자 (1명)
B27: 이름 · 소속 · 경력 | C27: - 최수경 강사 / 저동중학교 육상코치(2012년~) / 고양시 덕양구 노인운동강사(수/금 오전), 고양시 체육회 런닝 강사(화/목 저녁) / 전문스포츠지도사(2급, 2008~),유소년스포츠지도사(22~), 장애인스포츠지도사(2급, 24~) 자격증 보유
B28: 확인 출처 (기사·인터뷰·블로그·유튜브·플랫폼 프로필 등) | C28: - 노인운동강사란 (URL ①), 홍정기TV 생존근육운동 (URL ②), 노인운동지도사 자격증 취득과정 및 취업후 실제 활동 (URL ③)
B29: 컨택 포인트 (연락처·이메일·SNS·소속 기관) | C29: - M : 010-4953-0579 / E : lmsandcsk@naver.com
B30: 인터뷰 가능성 | C30: 상 | E30: - 체육관이나 야외에서 신체를 활용한 강의에는 익숙한데 강의실 강의는 다소 어색해함.
B31: ⑧ 참고 URL (오른쪽 끝 칸 = 확인일)
B32: URL ① | C32: https://search.naver.com/search.naver?where=nexearch&sm=top_hty&fbm=0&ie=utf8&query=%EB%85%B8%EC%9D%B8%EC%9A%B4%EB%8F%99%EA%B0%95%EC%82%AC%EB%9E%80&ackey=e5gryuvd
B33: URL ② | C33: https://www.youtube.com/@TV-np9yq | N33: 유튜버: 홍정기 의과대학박사.스포츠의학대학원
B34: URL ③ | C34: https://cafe.naver.com/rksghwhantk?iframe_url_utf8=%2Fca-fe%2Fcafes%2F10208198%2Farticles%2F1369866%253Fart%3DZXh0ZXJuYWwtc2VydmljZS1uYXZlci1zZWFyY2gtY2FmZS1wcg.eyJhbGciOiJIUzI1NiIsInR5cCI6IkpXVCJ9.eyJjYWZlVHlwZSI6IkNBRkVfVVJMIiwiY2FmZVVybCI6InJrc2dod2hhbnRrIiwiYXJ0aWNsZUlkIjoxMzY5ODY2LCJpc3N1ZWRBdCI6MTc5MDc0MjQ4NTEzMX0.cY_5gOss-dVNRyXqnSyltk1rqe3dtVOmIgLqNn_nRiY%2526query%3D%25EB%2585%25B8%25EC%259D%25B8%25EC%259A%25B4%25EB%258F%2599%25EA%25B0%2595%25EC%2582%25AC%25EB%259E%2580%2526where%3Dsearch%2526tc%3Dnaver_search%2526oldPath%3D%252FArticleRead.nhn%253Farticleid%253D1369866%2526art%253DZXh0ZXJuYWwtc2VydmljZS1uYXZlci1zZWFyY2gtY2FmZS1wcg.eyJhbGciOiJIUzI1NiIsInR5cCI6IkpXVCJ9.eyJjYWZlVHlwZSI6IkNBRkVfVVJMIiwiY2FmZVVybCI6InJrc2dod2hhbnRrIiwiYXJ0aWNsZUlkIjoxMzY5ODY2LCJpc3N1ZWRBdCI6MTc5MDc0MjQ4NTEzMX0.cY_5gOss-dVNRyXqnSyltk1rqe3dtVOmIgLqNn_nRiY%2526query%253D%2525EB%252585%2525B8%2525EC%25259D%2525B8%2525EC%25259A%2525B4%2525EB%25258F%252599%2525EA%2525B0%252595%2525EC%252582%2525AC%2525EB%25259E%252580%2526where%253Dsearch%2526clubid%253D10208198%2526tc%253Dnaver_search
B35: URL ④
B36: URL ⑤
B38: ※ 연노랑 칸에 입력합니다. L열은 확인일입니다.

Sheet 041_동화구연가
B2: Job No. 041 동화구연가
B3: 5. 취미·문화·건강 지도형 | 워크위즈 N잡스쿨 · 잡별 시장조사 시트
B5: ① 기본 정보
B6: 직업명 · 별칭 | C6: 동화구연가
B7: 한 줄 소개 (30자 내외) | C7: 도서관·유치원에서 목소리와 표현으로 이야기를 들려주는 일
B8: 수집 상태 · 담당자 | C8: 완료 | E8: 담당 : 정재웅
B9: ② 핵심 지표 6종
B10: 지표 | C10: 초기비용 | D10: 월수익(만원) | E10: 성장성 | F10: 진입난이도 | G10: 주간 소요시간 | H10: 체력부담 | I10: 지표 근거 · 비고
B11: 값 | C11: ₩ 50만 미만 | D11: 35 ~ 250 | E11: ↗ 보통 | F11: ★★ | G11: 주 5시간 미만 | H11: 중 | I11: - 공공 파견 사업(아름다운 이야기할머니) : 35 ~ 55만원 - 초등 방과후 / 돌봄교실 : 60 ~ 120만원 - 도서관 / 문화센터 / 복지관 : 40 ~ 100만원 - 전업 프리랜서 : 150 ~ 250만원+ (다수 기관 연계 및 인형극 병행)
B12: ③ 하는 일
B13: 하는 일 (3줄 요약) | C13: 1. 실감 나는 목소리 및 퍼포먼스 연출 : 등장인물 성격 구현, 효과음과 비언어적 표현 사용 2. 아동 발달 및 연령별 맞춤 스토리텔링 : 연령별 도서 선정, 교육적 메시지 전달 3. 독후 활동 기획 및 소통 : 상호작용 촉진, 확장 활동 연계
B14: ④ 일자리 수요 근거
B15: 수요처 유형 · 규모 · 증감 추세 | C15: - 수요처 : 영유아·아동 교육기관(어린이집, 유치원, 초등학교 방과후교실, 돌봄교실), 공공 문화·복지시설(국공립 도서관, 지자체 육아종합지원센터, 복지관), 상업·민간 문화공간(백화점·마트 문화센터, 어린이 전용 서점, 키즈카페), 노인·시니어 복지시설(요양원, 주간보호센터, 치매안심센터) - 시장 규모 : 시장 규모 산출에는 한계 있음. 프리랜서 중심 구조. 주부 재취업 및 중장년 사회참여형 일자리(지자체 이야기 할머니/할아버지 사업 등) 와 연계되면서 공공 재정이 투입 - 증감 추세 : 1) 감소 요인 : 저출생 여파로 전통적인 오프라인 수요는 감소 2) 증가 요인 : - 대상층의 확장 (시니어 케어): 초고령화사회 진입에 따라 노인 복지관 등 ‘실버 동화구연’의 신규 수요가 급증 - 돌봄 정책 확대 : 초등 돌봄 및 늘봄학교 정책 확대로 초등학교 방과후 프로그램에서의 독서·스토리텔링 수요는 확대 - 디지털·융합 콘텐츠 전환 : 오디오북, 어린이 팟캐스트, VR/AR 연계 동화구연 등 디지털 매체를 활용한 크리에이터 영역으로 활동 영역이 확장
B16: 뒷받침 근거 | C16: 복합 | E16: - 출산율 저하에 따른 전통적인 수요 감소, 노인 치매예방 프로그램 확대 + 정부의 중장년 일자리 창출에 의한 예산 확대
B17: ⑤ 진입 방법
B18: 필요 자격 · 교육 | C18: - 필요 자격 : 1) 동화구연지도사 (민간 자격증 1급·2급) : 자격 제한 없음 (연령, 학력, 전공 무관). 한국직업능력연구원, 한국언어능력평가원 등 주관 2) 정부·지자체 공공 파견 프로그램 (예: 아름다운 이야기할머니), 자격: 만 56세~74세 여성 대상 - 교육 : 1) 온라인 평생교육원 단기 과정 (민간 자격증) : 4주 ~ 5주 내외 (100% 온라인 수강) 2) 공공 지원 사업 양성 교육교육 기간: 약 60시간 내외 (신규교육 + 권역별 월례교육), 문화체육관광부 및 지자체가 교육비 지원되며, 교육 수료 후 즉시 유아교육기관 파견 기회가 제공
B19: 초기 준비물 · 비용 | C19: - 초기 준비물 : 1) 자격증 : 수강료는 무료 지원되는 경우가 많으며, 자격증 발급비(약 8 ~ 9만원), 공공 양성 사업 (예: 아름다운 이야기 할머니 등)은 국비/지자체 지원으로 교육비 부담 거의 없거나 교육 수당 지급 2) 교구/소품 필요 : - 직접 제작 (DIY) : 재료비 약 3 ~ 5만원. - 교구 구입 : 완성형 손인형, 앞치마 동화판, 음향 악기 등 세트 구비시 약 10 ~ 20만원.
B20: 일감 얻는 경로 (플랫폼·기관 실명) | C20: 1. 정부·공공 지원사업 (가장 안정적인 진입 경로) : - 아름다운 이야기할머니(문화체육관광부와 한국국학진흥원), 스토리텔러, 동화구연 전문강사단 (서울시50플러스포털), '찾아가는 동화구연' 전담 강사(지자체 육아종합지원센터) 2. 아동·보육 및 학교 전용 구인구직 플랫폼 : 키즈커넥트, 보육잡, 꼬망세/키드키즈, 늘봄학교 지원센터 및 지역별 교육청 [방과후학교 지원센터] 3. 공공 도서관 및 문화·복지시설 : 공공도서관 포털 및 각 시·군·구 도서관 홈페이지, 복지로 / 지역 종합사회복지관, 지자체 평생학습관 등
B21: ⑥ N잡 적합성 검증
B22: 10조건 | C22: ①시간 유연성 | D22: ②체력 감당 | E22: ③직업 이미지 | F22: ④재미 | G22: ⑤전문성 축적 | H22: ⑥일한 만큼 이상 수익 | I22: ⑦우상향 수익 | J22: ⑧충분한 수요 | K22: ⑨진입 가능성 | L22: ⑩직업적 자부심
B23: 판정 ○ △ ✕ | C23: ○ | D23: ○ | E23: ○ | F23: ○ | G23: ○ | H23: △ | I23: △ | J23: ○ | K23: ○ | L23: ○
B24: 판정 근거 (△·✕ 위주로) | C24: ⑥ △ — 마케팅 및 포지셔닝이 매우 중요. ⑦ △ — 보통 일정 수준의 수익 확보. 소수의 프리랜서는 고수익 확보 가능.
B25: 종합 판정 | C25: 적합 | E25: - 10조건 중 8개 통과, 2개 조건부
B26: ⑦ 실제 종사자 (1명)
B27: 이름 · 소속 · 경력 | C27: - 안성순 강사 / 우리이야기연구소 소장 / 삼성화재 교육팀 10년. 유치원 운영. 동화구연가 경력 15년. 강사 양성 (동화구연가 자격증반/ 오감 책놀이 지도사 자격증반/손유희 지도사 자격증반). 전국 500명 강사 파견 및 협력. 그림책 1권 출판. 그림책 4권 준비중. | N27: 유아교육 전공. 삼성화재 CS교육팀 10년. 유치원 운영 경력. 동화구연가 경력 15년.(대상: 아이들, 학부모, 시니어들까지)
B28: 확인 출처 (기사·인터뷰·블로그·유튜브·플랫폼 프로필 등) | C28: - 동화구연가란(URL ①), 동화구연 강사 자격 준비부터 교육 현장 활용까지(URL ②), 할머니·할아버지가 들려주는 제주어 이야기(URL ③), 동화쌤TV(URL ④), 동화쌤은 어떤 분인가요? (URL ⑤) | N28: 우리이야기연구소(2021~ ) 설립/운영. 길위의 인문학 강사. 문해력 강사. 근래 황혼육아 강좌가 인기. 도서 그림책 1권 출판. 4권 준비중.
B29: 컨택 포인트 (연락처·이메일·SNS·소속 기관) | C29: - E : rrabue2@naver.com / Instagram ID : donghwassaem / | N29: 작가 강연 100만원. 강사료(50만원/HR) | T29: [한국국학진흥원] 아름다운 이야기 할머니 1회/년 선정시 지원이 Best.
B30: 인터뷰 가능성 | C30: 상 | E30: - 우리이야기연구소에서 강사를 양성하고 있음.(2021년 이후 6년) | N30: 그림책 "책벌레의 비밀 응급실"
B31: ⑧ 참고 URL (오른쪽 끝 칸 = 확인일)
B32: URL ① | C32: https://search.naver.com/search.naver?where=nexearch&sm=top_hty&fbm=0&ie=utf8&query=%EB%8F%99%ED%99%94%EA%B5%AC%EC%97%B0%EA%B0%80&ackey=8u1yhod1
B33: URL ② | C33: https://blog.naver.com/kied1924/224393378794
B34: URL ③ | C34: https://www.gaok.or.kr/front/viewAritcle.do?bbsId=BBS_0130&nttId=30611
B35: URL ④ | C35: https://www.youtube.com/channel/UCdWLQxVXQ-gh2ta_vtXY7Ng
B36: URL ⑤ | C36: https://tubemon.io/channel/UCdWLQxVXQ-gh2ta_vtXY7Ng
B38: ※ 연노랑 칸에 입력합니다. L열은 확인일입니다.

Sheet 042_지역문화 해설사
B2: Job No. 042 지역문화 해설사
B3: 5. 취미·문화·건강 지도형 | 워크위즈 N잡스쿨 · 잡별 시장조사 시트
B5: ① 기본 정보
B6: 직업명 · 별칭 | C6: 지역문화 해설사
B7: 한 줄 소개 (30자 내외) | C7: 지역의 역사와 명소를 방문객에게 설명하고 안내하는 일
B8: 수집 상태 · 담당자 | C8: 완료 | E8: 담당 : 정재웅
B9: ② 핵심 지표 6종
B10: 지표 | C10: 초기비용 | D10: 월수익(만원) | E10: 성장성 | F10: 진입난이도 | G10: 주간 소요시간 | H10: 체력부담 | I10: 지표 근거 · 비고
B11: 값 | C11: ₩ 50만 미만 | D11: 30 ~ 300 | E11: → 정체 | F11: ★★★ | G11: 주 5~15시간 | H11: 하 | I11: - 자원봉사 : 지자체 관광지 월 5회 활동. 월 30만 ~ 50만원 - 파트타임/계약직형: 주요 관광지나 국공립 박물관 등 지자체/기관의 계약직(주 5일) 근무시 월 180만 ~ 230만원. - 프리랜서 및 확장형: 지자체 공식 해설 활동 외에 여행사 연계 투어 가이드, 문화재 탐방 프로그램 기획, 지자체 문화 강연 등 병행시 월 250만 ~ 300만원 이상.
B12: ③ 하는 일
B13: 하는 일 (3줄 요약) | C13: - 지역 문화유적, 관공지와 역사에 대해 관객의 연령과 방문 목적, 관심사에 맞게 알기 쉽게 설명. - 지역 문화 홍보대사: 해당 지역의 숨겨진 매력을 알리고 올바른 관람 예절 및 건전한 관광 문화 유도. 문화재 훼손 방지 및 환경 보호에도 동참. - 외국어 안내: 외국인 관광객을 대상으로 우리 문화를 정확하게 소개. (외국어 능통자 배치)
B14: ④ 일자리 수요 근거
B15: 수요처 유형 · 규모 · 증감 추세 | C15: - 수요처 : 1) 역사·문화 유적지: 고궁, 능원, 향교, 전통 사찰, 지역 향토 유적 및 선사 유적지 2) 공공 박물관 및 미술관: 국·공립 박물관, 지방 자치단체 운영 역사관 및 기념관 3) 지자체 공식 시티투어 및 축제 현장: 지자체가 주관하는 테마형 시티투어버스 탑승 동행 및 지역 대표 문화 관광 축제장 - 시장 규모 : 전국적으로 3,000~4,000명 규모. 지방 자치단계 예산에 의한 공공 일자리 - 증감 추세 : 국내 및 해외 관광객의 증가로 수요 증가세도 있고 지방 자치단체 예산의 정체에 의한 양성 지연으로 정체세가 병존
B16: 뒷받침 근거 | C16: 복합 | E16: - 해외 및 국내 관광객의 증가와 실습 및 체험형 여행 수요의 증가 - 지방 자치단체 예산 규모 정체 및 해설사 양성 지연, 해설사의 고령화 추세로 젊은 인력 수급 필요
B17: ⑤ 진입 방법
B18: 필요 자격 · 교육 | C18: - 신규 양성 교육 (100시간): 기본 소양, 전문 지식, 해설 시나리오 작성 및 응급처치 등 이론. 필기·실기 시험 평점 70점 이상. - 실습 수료 (100시간): 현장 수습 교육 (약 3개월 / 100시간) 최종 수료시 해당 지자체나 기관/단체 소속의 정식 문화관광해설사 위촉됨
B19: 초기 준비물 · 비용 | C19: - 교육비, 의류 및 복장, 답사 및 교통비, 참고 도서비 등 50만원 미만
B20: 일감 얻는 경로 (플랫폼·기관 실명) | C20: - 지자체 공식 모집 공고 : 각 시·군·구청 및 관광재단 홈페이지의 '고시/공고' 또는 '채용'란에 연 1~2회 문화관광해설사 신규 양성 교육생 모집 공고 - 관광지 배치 및 로테이션 순번: 교육 수료 후 지자체 소속으로 관할 구역내 주요 박물관, 유적지, 생태탐방로 등에 고정 또는 순환 근무 - 지자체 주관 축제 및 행사업무: 지역 문화 축제, 시티투어버스 운행, 역사 문화 탐방 프로그램 등에 파견되거나 특별 해설 일감 수령 - 민간 여행사 소속이나 인바운드 관광앱을 통해서도 문화재 해설 의뢰를 접수
B21: ⑥ N잡 적합성 검증
B22: 10조건 | C22: ①시간 유연성 | D22: ②체력 감당 | E22: ③직업 이미지 | F22: ④재미 | G22: ⑤전문성 축적 | H22: ⑥일한 만큼 이상 수익 | I22: ⑦우상향 수익 | J22: ⑧충분한 수요 | K22: ⑨진입 가능성 | L22: ⑩직업적 자부심
B23: 판정 ○ △ ✕ | C23: ○ | D23: ○ | E23: ○ | F23: ○ | G23: ○ | H23: △ | I23: △ | J23: ○ | K23: ○ | L23: ○
B24: 판정 근거 (△·✕ 위주로) | C24: ⑥ △ — 자원봉사 수준으로 일하시는 분들이 많음. 마케팅 및 포지셔닝이 매우 중요. ⑦ △ — 취미와 자부심를 충족시키는 수준으로 일정 수준의 수익
B25: 종합 판정 | C25: 적합 | E25: - 10조건 중 8개 통과, 2개 조건부 - 전직 교사 및 공무원 출신들이 많이 하고 있음.
B26: ⑦ 실제 종사자 (1명)
B27: 이름 · 소속 · 경력 | C27: - 송용진 문화해설사(쏭내관) / 쏭내관 역사연구소 / 궁궐해설사 경력 26년 / 작가(쏭내관의 재미있는 궁궐기행1,2 등 10권) , 인기 강사
B28: 확인 출처 (기사·인터뷰·블로그·유튜브·플랫폼 프로필 등) | C28: - 지역문화 해설사란?(URL ①), 지역문화해설사 취득 방법 (URL ②), 경복궁 정규해설 안내(URL ③), 서울시문화관광해설사(URL ④), 쏭내관 프로필(URL ⑤)
B29: 컨택 포인트 (연락처·이메일·SNS·소속 기관) | C29: - T : 010-8708-2693 / 인스타ID : ssong500
B30: 인터뷰 가능성 | C30: 상 | E30: - 학교, 기업, 지자체, 방송국 등 다양한 강의에 초청되고 있는 인기 강사. (세바시 646회에도 출연)
B31: ⑧ 참고 URL (오른쪽 끝 칸 = 확인일)
B32: URL ① | C32: https://search.naver.com/search.naver?where=nexearch&sm=top_hty&fbm=0&ie=utf8&query=%EC%A7%80%EC%97%AD%EB%AC%B8%ED%99%94%ED%95%B4%EC%84%A4%EC%82%AC&ackey=58wxs2zl
B33: URL ② | C33: https://blog.naver.com/naeda28/224313641397
B34: URL ③ | C34: https://royal.khs.go.kr/ROYAL/contents/R706010000.do
B35: URL ④ | C35: https://blog.naver.com/siderunner/224410034146
B36: URL ⑤ | C36: http://www.xn--zb0b63e1zw.com/profile.php
B38: ※ 연노랑 칸에 입력합니다. L열은 확인일입니다.

Sheet 043_숲해설가
B2: Job No. 043 숲해설가
B3: 5. 취미·문화·건강 지도형 | 워크위즈 N잡스쿨 · 잡별 시장조사 시트
B5: ① 기본 정보
B6: 직업명 · 별칭 | C6: 숲해설가
B7: 한 줄 소개 (30자 내외) | C7: 숲을 찾은 사람들에게 생태와 자연을 안내하고 체험을 이끄는 일
B8: 수집 상태 · 담당자 | C8: 완료 | E8: 담당 : 정재웅
B9: ② 핵심 지표 6종
B10: 지표 | C10: 초기비용 | D10: 월수익(만원) | E10: 성장성 | F10: 진입난이도 | G10: 주간 소요시간 | H10: 체력부담 | I10: 지표 근거 · 비고
B11: 값 | C11: ₩ 50만 미만 | D11: 50 ~ 250 | E11: ↗ 보통 | F11: ★★★ | G11: 주 5~15시간 | H11: 하 | I11: - 파트타임 및 강사형 : 월 50만 ~ 150만원 (산림복지업체 및 프리랜서 병행시 월 200~250만원) - 공공 기간제 : 월 200만 ~ 230만원 수준(주 5일 전일제)
B12: ③ 하는 일
B13: 하는 일 (3줄 요약) | C13: - 맞춤형 숲 해설 프로그램 운영: 유아, 청소년, 성인 등 대상별 눈높이에 맞춰 식물의 생태, 곤충의 생애, 숲의 치유 기능 등 설명 - 오감 체험 프로그램 기획 및 진행: 숲길 걷기, 나뭇잎·꽃 관찰, 자연물을 이용한 공예, 명상 및 산림욕 등 체험형 활동 지도 - 자연환경 보전 및 교육: 숲 방문객들에게 생태계 보호의 중요성, 산불 예방 및 숲길 이용 에티켓 안내. 교육용 콘테츠나 안내판 구성 자문
B14: ④ 일자리 수요 근거
B15: 수요처 유형 · 규모 · 증감 추세 | C15: - 수요처 : 1) 국·공립 산림휴양시설 및 수목원, 도시림 및 생활권 공원 : 자연휴양림, 수목원, 도시숲, 국립세움원, 치유원, 생태공원 등 2) 산림복지전문업체 (민간 위탁): 민간 산림복지전문업체가 지자체나 공공기관(산림청, 환경부)으로부터 사업을 위탁받아 운영하는 현장 3) 교육기관 및 청소년 시설: 유치원, 어린이집(유아숲 교육 연계), 초·중·고등학교 방과 후 돌봄 교실 및 환경·생태 체험학습 현장 - 시장 규모 : 자격 취득자는 1만 7,000여명 수준. 매년 수백 명의 신규 인력 배출. 한국산림복지진흥원, 지자체 재정 일자리사업 등 - 증감 추세 : 산림복지 수요의 지속적 우상향 (산림휴양·복지 서비스 이용 수요는 2040년까지 증가 예상)
B16: 뒷받침 근거 | C16: 복합 | E16: - 산림청 등 공공기관 위탁 복지 사업의 증가 및 생활권 중심으로 유아 대상 에듀테크 결합 교육, 반려동물 동반 휴양 등 맞춤형 숲 해설 요구 증가
B17: ⑤ 진입 방법
B18: 필요 자격 · 교육 | C18: - 이론 및 소양 교육 (140시간 이상): 공통 과정, 분야별 과정, 안전 및 응급처치 등 (한국숲해설가협회) - 현장 실습 (40시간 이상): 자연휴양림, 수목원, 공원 등에서 선배 해설사의 활동 참관 및 보조교사 실습. (한국숲해설가협회)
B19: 초기 준비물 · 비용 | C19: - 교육 수강료, 야외 활동 복장, 학습 및 실습 장비, 이동 및 답사 비용 등 50~100만원 (국민내일배움카드 활용한 무료/저비용 교육 수강시)
B20: 일감 얻는 경로 (플랫폼·기관 실명) | C20: - 산림청 및 지자체 일자리 공고 (가장 핵심), 각 지방자치단체, 국립자연휴양림관리소, 국립공원공단 등의 숲해설가, 유아숲지도사 및 강사 채용 공고 - 워크넷(WorkNet), 산림청 홈페이지, 또는 각 지자체 고시/공고 - 산림복지전문업체를 통한 민간 위탁 및 용역, 유치원, 어린이집, 초/중/고교 등 교육기관 및 민간 시설 연계된 강사, - 자립형 독립 활동 (숲해설가 협회 및 동호회 네트워크): 양성기관 동문회, 숲해설가협회(한국숲해설가협회 등)의 인적 네트워크와 선배들의 추천
B21: ⑥ N잡 적합성 검증
B22: 10조건 | C22: ①시간 유연성 | D22: ②체력 감당 | E22: ③직업 이미지 | F22: ④재미 | G22: ⑤전문성 축적 | H22: ⑥일한 만큼 이상 수익 | I22: ⑦우상향 수익 | J22: ⑧충분한 수요 | K22: ⑨진입 가능성 | L22: ⑩직업적 자부심
B23: 판정 ○ △ ✕ | C23: ○ | D23: ○ | E23: ○ | F23: ○ | G23: ○ | H23: △ | I23: △ | J23: ○ | K23: ○ | L23: ○
B24: 판정 근거 (△·✕ 위주로) | C24: ⑥ △ — 일한 만큼 수준이거나 이하의 수익 ⑦ △ — 보람있는 시간 활용과 자부심를 충족시키는 수준의 수익
B25: 종합 판정 | C25: 적합 | E25: 10조건 중 8개 통과, 2개 조건부
B26: ⑦ 실제 종사자 (1명)
B27: 이름 · 소속 · 경력 | C27: - 김장식 숲해설가 / 프리랜서 / 전 경영컨설턴트 경력 30년, 현 숲해설가 (단기 경영컨설트 겸직)
B28: 확인 출처 (기사·인터뷰·블로그·유튜브·플랫폼 프로필 등) | C28: - 숲 해설가 역할 및 자격증 소개(URL ①), 숲 해설가와 함께하는 여행 (URL ②)
B29: 컨택 포인트 (연락처·이메일·SNS·소속 기관) | C29: Email : kcii01@naver.com
B30: 인터뷰 가능성 | C30: 상 | E30: - 기업 컨설팅 및 교육 경력 등 30년 이상 보유
B31: ⑧ 참고 URL (오른쪽 끝 칸 = 확인일)
B32: URL ① | C32: https://search.naver.com/search.naver?sm=tab_sug.top&where=nexearch&ssc=tab.nx.all&query=%EC%88%B2%ED%95%B4%EC%84%A4%EA%B0%80&oquery=%EA%B6%8C%EC%8B%A0+%EB%8D%94%EB%B8%94%EB%A6%B0&tqi=jpHcPwqpsW4ssCc3xGw-236103&acq=%EC%88%B2+%ED%95%B4%EC%84%A4%EA%B0%80&acr=4&qdt=0&ackey=7zs2v6zv
B33: URL ② | C33: https://blog.naver.com/sk57533/224034212453?isInf=true&infParams=eyJzY2lkIjoxMTExNjEyNjgyMzY0MTYsInNraWQiOjMwMzQyNzc2ODQ0NzE2OCwiY2lkIjo4NzQ2MTU4MjU4NzczNDQsInF1ZXJ5IjoiJUVDJTg4JUIyJUVEJTk1JUI0JUVDJTg0JUE0JUVBJUIwJTgwIn0=&trackingCode=nx
B34: URL ③
B35: URL ④
B36: URL ⑤
B38: ※ 연노랑 칸에 입력합니다. L열은 확인일입니다.

Sheet 044_도슨트
B2: Job No. 044 도슨트
B3: 5. 취미·문화·건강 지도형 | 워크위즈 N잡스쿨 · 잡별 시장조사 시트
B5: ① 기본 정보
B6: 직업명 · 별칭 | C6: 도슨트
B7: 한 줄 소개 (30자 내외)
B8: 수집 상태 · 담당자 | C8: 미착수
B9: ② 핵심 지표 6종
B10: 지표 | C10: 초기비용 | D10: 월수익(만원) | E10: 성장성 | F10: 진입난이도 | G10: 주간 소요시간 | H10: 체력부담 | I10: 지표 근거 · 비고
B11: 값
B12: ③ 하는 일
B13: 하는 일 (3줄 요약)
B14: ④ 일자리 수요 근거
B15: 수요처 유형 · 규모 · 증감 추세
B16: 뒷받침 근거
B17: ⑤ 진입 방법
B18: 필요 자격 · 교육
B19: 초기 준비물 · 비용
B20: 일감 얻는 경로 (플랫폼·기관 실명)
B21: ⑥ N잡 적합성 검증
B22: 10조건 | C22: ①시간 유연성 | D22: ②체력 감당 | E22: ③직업 이미지 | F22: ④재미 | G22: ⑤전문성 축적 | H22: ⑥일한 만큼 이상 수익 | I22: ⑦우상향 수익 | J22: ⑧충분한 수요 | K22: ⑨진입 가능성 | L22: ⑩직업적 자부심
B23: 판정 ○ △ ✕
B24: 판정 근거 (△·✕ 위주로)
B25: 종합 판정
B26: ⑦ 실제 종사자 (1명)
B27: 이름 · 소속 · 경력
B28: 확인 출처 (기사·인터뷰·블로그·유튜브·플랫폼 프로필 등)
B29: 컨택 포인트 (연락처·이메일·SNS·소속 기관)
B30: 인터뷰 가능성
B31: ⑧ 참고 URL (오른쪽 끝 칸 = 확인일)
B32: URL ①
B33: URL ②
B34: URL ③
... B38: ※ 연노랑 칸에 입력합니다. L열은 확인일입니다.

Sheet 045_시니어 여행 기획·인솔자
C1: 담당 : 정재웅
B2: Job No. 045 시니어 여행 기획·인솔자
B3: 5. 취미·문화·건강 지도형 | 워크위즈 N잡스쿨 · 잡별 시장조사 시트
B5: ① 기본 정보
B6: 직업명 · 별칭 | C6: 시니어 여행 기획·인솔자
B7: 한 줄 소개 (30자 내외) | C7: 중장년·노년층 맞춤 여행을 기획하고 현장에서 동행 인솔하는 일
B8: 수집 상태 · 담당자 | C8: 완료 | E8: 담당 : 정재웅
B9: ② 핵심 지표 6종
B10: 지표 | C10: 초기비용 | D10: 월수익(만원) | E10: 성장성 | F10: 진입난이도 | G10: 주간 소요시간 | H10: 체력부담 | I10: 지표 근거 · 비고
B11: 값 | C11: ₩₩ 50~300만 | D11: 150~300 | E11: ↗↗ 높음 | F11: ★★★ | G11: 주 15~30시간 | H11: 상 | I11: - 프리랜서 가이드 (초기·중급) : 월 150 ~ 300만원 - 시니어 전문 여행사 상근/계획직 : 월 260 ~ 370만원
B12: ③ 하는 일
B13: 하는 일 (3줄 요약) | C13: 1. 배리어프리(Barrier-Free) 맞춤형 여행 코스 기획 : 체력 및 동선 최적화, 시니어 친화적 수용태세 점검 2. 현장 맞춤 케어 및 안전/건강 관리 (Safety & Care) : 응급 상황 및 복약 관리, 돌발 상황 대응 3. 공감형 인문학 해설 및 추억 기록 (Communication) : 맞춤형 눈높이 가이딩, 디지털 케어 및 보고 서비스
B14: ④ 일자리 수요 근거
B15: 수요처 유형 · 규모 · 증감 추세 | C15: - 수요처 : 1) 액티브 시니어 B2C 개인 및 동호회/모임 (최대 수요처) 2) 자녀 세대 (부모님 효도 여행/가족 여행 전담 기획) 3) 지자체, 공공기관 및 복지관/노인복지시설 (B2G) : '시니어 바우처 관광', '무장애 관광 활성화 사업', '노인 복지 문화기행' 등 4) 기업 및 공제회/연금공단 (B2B) : 퇴직 기념 여행, 은퇴자 아카데미 연계 현장 탐방 등 고품격 시니어 맞춤 케어 프로그램 등 - 시장 규모 : 2024년말 한국이 초고령화사회에 진입함에 따라 고령친화산업 시장 규모는 약 160조~170조 원대로 성장 - 증감 추세 : 1) '경험 및 케어 중심'의 시니어 전문 여행 수요가 지속적이고 폭발적으로 증가 (고성장 추세) 2) '배리어프리' 및 '헬스케어 동행' 결합 3) 체류형 커뮤니티 여행(한 달 살기 등)으로의 다변화 4) 자녀 세대의 구매력 결합을 통한 고단가 시장 형성
B16: 뒷받침 근거 | C16: 복합 | E16: - 초고령사회 진입 + 정부,지자체의 지원사업과 연계
B17: ⑤ 진입 방법
B18: 필요 자격 · 교육 | C18: - 필요 자격 : 국내여행안내사 / 관광통역안내사 (문화체육관광부), 응급처치원 / 심폐소생술(CPR) 인증 (대한적십자사, 소방서 등), 문화관광해설사/ 인문학 관련 자격 우대 - 교육 : 무장애 관광 & 트래블 헬퍼(Travel Helper) 양성 교육, 시니어 맞춤형 여행 코스 기획 및 세일즈 교육, 안전 및 응급 상황 대처 교육 등
B19: 초기 준비물 · 비용 | C19: - 교육, 자격증, 안전/캐어장비 등 비용 50~100만원
B20: 일감 얻는 경로 (플랫폼·기관 실명) | C20: - 시니어 & 배리어프리(Barrier-Free) 전문 여행사 : 신시니어여행, 어반플레이 / 공감만덕, 모아스토리, 에이블트레블 (장애인 대상) - 프리미엄 테마/인문학 여행사 : 테마세이투어(고품격 시니어), 명승여행사 / 링켄리브 (LinkandLeave) - 공공기관 및 지자체 관광재단 : 서울관광재단 (서울다누림관광센터), 경기경쟁력강화원/경기관광공사, 한국관광공사, 지역 시니어클럽 및 종합사회복지관 - 여행·체험 매칭 플랫폼 & 1인 마켓 : 마이리얼트립 (MyRealTrip), 트립비토즈 (Tripbtoz), 가이드라이브 (GuideLive), 크몽, 숨고 등
B21: ⑥ N잡 적합성 검증
B22: 10조건 | C22: ①시간 유연성 | D22: ②체력 감당 | E22: ③직업 이미지 | F22: ④재미 | G22: ⑤전문성 축적 | H22: ⑥일한 만큼 이상 수익 | I22: ⑦우상향 수익 | J22: ⑧충분한 수요 | K22: ⑨진입 가능성 | L22: ⑩직업적 자부심
B23: 판정 ○ △ ✕ | C23: ○ | D23: ○ | E23: ○ | F23: ○ | G23: ○ | H23: ○ | I23: △ | J23: ○ | K23: △ | L23: ○
B24: 판정 근거 (△·✕ 위주로) | C24: ⑦ △ — 자격 보유 및 영업력 필요 ⑨ △ — 국내여행안내사, 안전/캐어 등 자격증 필요.
B25: 종합 판정 | C25: 적합 | E25: 10조건 중 8개 통과, 2개 조건부
B26: ⑦ 실제 종사자 (1명)
B27: 이름 · 소속 · 경력 | C27: - 김정남 가이드 / (주)노는법&바바그라운드 / 은행원 10년, 학원 강사 13년, 상상우리 교육후 (주)노는법과 연결돼 시니어여행가이드 활동.(3년) 비수기 및 가이드 업무 없을 때 판촉물, 인쇄, 판매 등 사업 수행 (10년 이상), 진로지도사, 청년지도사 자격증 보유.
B28: 확인 출처 (기사·인터뷰·블로그·유튜브·플랫폼 프로필 등) | C28: - 시니어여행기획,가이드 (URL ①), 노는법 홈페이지 (URL ②), 바바그라운드 (URL ③)
B29: 컨택 포인트 (연락처·이메일·SNS·소속 기관) | C29: - M : 010-5638-5056 / E : kjn7160@naver.com /
B30: 인터뷰 가능성 | C30: 상 | E30: - 학원 강사 13년, 여행 가이드 3년 + 외향적/적극적인 성향
B31: ⑧ 참고 URL (오른쪽 끝 칸 = 확인일)
B32: URL ① | C32: https://search.naver.com/search.naver?sm=tab_hty.top&where=nexearch&ssc=tab.nx.all&query=%EC%8B%9C%EB%8B%88%EC%96%B4%EC%97%AC%ED%96%89%EA%B8%B0%ED%9A%8D%EA%B0%80%EC%9D%B4%EB%93%9C&oquery=%EC%8B%9C%EB%8B%88%EC%96%B4%EC%97%AC%ED%96%89%EA%B0%80%EC%9D%B4%EB%93%9C&tqi=jWT9hlqosZqpIi7P%2BBN-111394&ackey=0qh1kqh7
B33: URL ② | C33: https://nonunbub.com/home
B34: URL ③ | C34: https://www.nextunicorn.kr/company/658e6c974d5448ca
B35: URL ④
B36: URL ⑤
B38: ※ 연노랑 칸에 입력합니다. L열은 확인일입니다.

Sheet 046_웃음치료·레크리에이션 강사
B2: Job No. 046 웃음치료·레크리에이션 강사
B3: 5. 취미·문화·건강 지도형 | 워크위즈 N잡스쿨 · 잡별 시장조사 시트
B5: ① 기본 정보
B6: 직업명 · 별칭 | C6: 웃음치료·레크리에이션 강사
B7: 한 줄 소개 (30자 내외)
B8: 수집 상태 · 담당자 | C8: 미착수
B9: ② 핵심 지표 6종
B10: 지표 | C10: 초기비용 | D10: 월수익(만원) | E10: 성장성 | F10: 진입난이도 | G10: 주간 소요시간 | H10: 체력부담 | I10: 지표 근거 · 비고
B11: 값
B12: ③ 하는 일
B13: 하는 일 (3줄 요약)
B14: ④ 일자리 수요 근거
B15: 수요처 유형 · 규모 · 증감 추세
B16: 뒷받침 근거
B17: ⑤ 진입 방법
B18: 필요 자격 · 교육
B19: 초기 준비물 · 비용
B20: 일감 얻는 경로 (플랫폼·기관 실명)
B21: ⑥ N잡 적합성 검증
B22: 10조건 | C22: ①시간 유연성 | D22: ②체력 감당 | E22: ③직업 이미지 | F22: ④재미 | G22: ⑤전문성 축적 | H22: ⑥일한 만큼 이상 수익 | I22: ⑦우상향 수익 | J22: ⑧충분한 수요 | K22: ⑨진입 가능성 | L22: ⑩직업적 자부심
B23: 판정 ○ △ ✕
B24: 판정 근거 (△·✕ 위주로)
B25: 종합 판정
B26: ⑦ 실제 종사자 (1명)
B27: 이름 · 소속 · 경력
B28: 확인 출처 (기사·인터뷰·블로그·유튜브·플랫폼 프로필 등)
B29: 컨택 포인트 (연락처·이메일·SNS·소속 기관)
B30: 인터뷰 가능성
B31: ⑧ 참고 URL (오른쪽 끝 칸 = 확인일)
B32: URL ①
B33: URL ②
B34: URL ③
... B38: ※ 연노랑 칸에 입력합니다. L열은 확인일입니다.

Sheet 047_온라인 건물주
B2: Job No. 047 온라인 건물주
B3: 6. 콘텐츠·창작형 | 워크위즈 N잡스쿨 · 잡별 시장조사 시트
B5: ① 기본 정보
B6: 직업명 · 별칭 | C6: 온라인 건물주
B7: 한 줄 소개 (30자 내외) | C7: 웹사이트, 콘텐츠, 쇼핑몰 등 인터넷에 수익을 만들어 내는 자산을 구축하고 운영하는 일
B8: 수집 상태 · 담당자 | C8: 완료 | E8: 박나경
B9: ② 핵심 지표 6종
B10: 지표 | C10: 초기비용 | D10: 월수익(만원) | E10: 성장성 | F10: 진입난이도 | G10: 주간 소요시간 | H10: 체력부담 | I10: 지표 근거 · 비고
B11: 값 | C11: ₩ 50만 미만 | D11: 50만원~200만원 | E11: ↗↗ 높음 | F11: ★ | G11: 주 15~30시간 | H11: 하 | I11: 제휴마케팅 월 방문자수 1만명 *구매전환율 1%* 건당 제휴수익 5000원 = 월수익 50만원 블로그 광고 월방문자 1만명*1000회 방문당 광고수익 가정 2000원 = 월수익 20000원
B12: ③ 하는 일
B13: 하는 일 (3줄 요약) | C13: 블로그, 정보사이트 운영 : 특정 주제의 정보글을 꾸준히 쓰면서 방문자가 늘면 제휴링크, 협찬, 광고 등으로 수익 유튜브, 숏폼 콘텐츠 채널 : 사람들이 반복해서 찾는 콘텐츠를 제작하면서 공동구매, 멤버십 운영 등으로 수익 디지털 상품 판매 : 전자책, 노션 템플릿, 디자인 템플릿, 인강 등을 만들어 업로드하여 수익 온라인 쇼핑몰 운영 : 스마트스토어 등에서 상품을 판매. 직접 재고를 보유하거나 주문에 맞춰 공급하는 방식 등 제휴마케팅 사이트 운영 : 상품 비교, 리뷰 콘텐츠에 제휴 링크를 연결해 두고 방문자가 링크를 통해 구매하면 약정된 수수료를 받음
B14: ④ 일자리 수요 근거
B15: 수요처 유형 · 규모 · 증감 추세 | C15: 2025년 국내 온라인쇼핑 거래액은 약 272조원으로 전년대비 4.9% 증가. 역직구 거래액도 약 3조원으로 16.4% 증가.
B16: 뒷받침 근거 | C16: 플랫폼 거래량 | E16: https://www.imaeil.com/page/view/2026020213474624764
B17: ⑤ 진입 방법
B18: 필요 자격 · 교육 | C18: 별다른 자격증은 없으나 구글 애드센스 가입 요건과 콘텐츠 정책 안내자료 / 유튜브 채널 수익 창출과 파트너 프로그램 요건 / 쿠팡 파트너스 제휴 링크 생성 및 실적확인 방법 등 수익 모델의 작동원리 공부 필요
B19: 초기 준비물 · 비용 | C19: 온라인 건물주되기 관련 안내 블로그나 유튜브가 많고, 온라인 유료강의(알파남의 챌린지클래스 하루에 9287원 등) 수강 가능
B20: 일감 얻는 경로 (플랫폼·기관 실명) | C20: 일감을 외부에서 찾는게 아니라 내가 운영하는 블로그, 유튜브, 인스타 채널의 방문자수를 늘리고, 방문자를 구매자로 전환시키는 것이 목표. 따라서 특정분야의 콘텐츠를 꾸준히 업로드하여 관련 광고나 제휴판매를 하거나, 사람들이 반복적으로 검색하는 문제를 찾고 그 문제 해결에 도움되는 광고나 제휴 링크를 연결
B21: ⑥ N잡 적합성 검증
B22: 10조건 | C22: ①시간 유연성 | D22: ②체력 감당 | E22: ③직업 이미지 | F22: ④재미 | G22: ⑤전문성 축적 | H22: ⑥일한 만큼 이상 수익 | I22: ⑦우상향 수익 | J22: ⑧충분한 수요 | K22: ⑨진입 가능성 | L22: ⑩직업적 자부심
B23: 판정 ○ △ ✕ | C23: ○ | D23: ○ | E23: △ | F23: ○ | G23: △ | H23: ○ | I23: ○ | J23: ○ | K23: ○ | L23: △
B24: 판정 근거 (△·✕ 위주로) | C24: 집에서 혼자 하는 일이기 때문에 대외적인 직업 이미지랄게 없으며, 블로그 글쓰기, SNS 관리하기 등 부지런함을 바탕으로 한 수익 기다리기 형태로 전문성이 축적된다거나 직업적 자부심을 주는 일이라 보기 어려움
B25: 종합 판정 | C25: 적합 | E25: x가 없어 적합 판정
B26: ⑦ 실제 종사자 (1명)
B27: 이름 · 소속 · 경력 | C27: 장재영 강사
B28: 확인 출처 (기사·인터뷰·블로그·유튜브·플랫폼 프로필 등)
B29: 컨택 포인트 (연락처·이메일·SNS·소속 기관) | C29: 010-9024-4679
B30: 인터뷰 가능성
B31: ⑧ 참고 URL (오른쪽 끝 칸 = 확인일)
B32: URL ① | C32: http://www.dailypop.kr/news/articleView.html?idxno=69235
B33: URL ② | C33: https://www.ddaily.co.kr/page/view/2026061014424728184
B34: URL ③ | C34: https://blog.naver.com/sara_jjjjj/224443622891
B35: URL ④ | C35: https://afterwork30.com/jobs/coupang-partners
B36: URL ⑤
B38: ※ 연노랑 칸에 입력합니다. L열은 확인일입니다.

Sheet 048_도서 작가
B2: Job No. 048 도서 작가
B3: 6. 콘텐츠·창작형 | 워크위즈 N잡스쿨 · 잡별 시장조사 시트
B5: ① 기본 정보
B6: 직업명 · 별칭 | C6: 도서 작가
B7: 한 줄 소개 (30자 내외) | C7: 문학, 에세이, 실용서, 학술 등 다양한 분야에서 텍스트를 창작해 책으로 펴내는 사람
B8: 수집 상태 · 담당자 | C8: 완료 | E8: 박나경
B9: ② 핵심 지표 6종
B10: 지표 | C10: 초기비용 | D10: 월수익(만원) | E10: 성장성 | F10: 진입난이도 | G10: 주간 소요시간 | H10: 체력부담 | I10: 지표 근거 · 비고
B11: 값 | C11: ₩ 50만 미만 | D11: 인세는 도서정가의 10% | E11: ↗↗ 높음 | F11: ★★★ | G11: 주 15~30시간 | H11: 중 | I11: 전업 대필 작가의 경우 연봉 4천~1억 가능
B12: ③ 하는 일
B13: 하는 일 (3줄 요약) | C13: 기획과 취재 : 책의 주제를 정하고 독자를 분석, 글감의 배경이나 관련분야를 철저히 조사 집필 : 원고를 작성. 출판사의 편집자와 소통하며 원고를 수정, 보완 출판 및 홍보 : 책 출간 이후 강연, 북토크, 매체 인터뷰 등을 통해 독자를 직접 만나 메시지를 전하는 홍보 활동이 점차 중요해지는 추세
B14: ④ 일자리 수요 근거
B15: 수요처 유형 · 규모 · 증감 추세 | C15: 단순히 글을 쓰는 사람의 수요는 줄어들 수 있으나 책 한권이 드라마, 영화 등으로 파생되는 경우가 있어 이야기를 잘 만드는 작가의 수요는 견고. AI가 간단한 정보성 글을 작성하는 시대가 도래했지만, 오히려 인간적인 통찰이나 독특한 철학, 나만의 노하우, 복합적인 감정선을 다루는 대체 불가능한 문체와 인사이트를 가진 작가에 대한 수요는 더욱 차별화 되고 있는 실정
B16: 뒷받침 근거 | C16: 복합 | E16: https://www.sentv.co.kr/article/view/sentv202607090110 출판시장 규모 2018년 2000억원대 최근 2500억원대
B17: ⑤ 진입 방법
B18: 필요 자격 · 교육 | C18: 특별한 자격은 필요 없으나 자신의 글을 유통할 수 있는 다양한 채널(블로그, 커뮤니티, 출판 플랫폼)을 다루는 능력은 필요. 글을 원고화하는 과정에서 디지털 툴(노션, 글쓰기 프로그램 등)을 능숙하게 활용하면 작업 효율이 크게 향상
B19: 초기 준비물 · 비용 | C19: 지자체 문화센터에서 운영하는 작가 양성과정(3개월 21만원 등)이나 출판사 글쓰기 학교, 민간시설의 취미 글쓰기 교실 등이 있음.
B20: 일감 얻는 경로 (플랫폼·기관 실명) | C20: 브런치스토리처럼 작가 데뷔를 목적으로 하는 플랫폼 연재, 원고를 다 쓰고 출판사에 보내는 방법 등이 있음
B21: ⑥ N잡 적합성 검증
B22: 10조건 | C22: ①시간 유연성 | D22: ②체력 감당 | E22: ③직업 이미지 | F22: ④재미 | G22: ⑤전문성 축적 | H22: ⑥일한 만큼 이상 수익 | I22: ⑦우상향 수익 | J22: ⑧충분한 수요 | K22: ⑨진입 가능성 | L22: ⑩직업적 자부심
B23: 판정 ○ △ ✕ | C23: ○ | D23: ○ | E23: ○ | F23: ○ | G23: ○ | H23: ○ | I23: ○ | J23: ○ | K23: ○ | L23: ○
B24: 판정 근거 (△·✕ 위주로) | C24: 한번 출간하면 신경쓰지 않아도 인세가 알아서 들어오는 구조라 다른 일에 물리적인 시간을 쓸수 있어 N잡에 매우 적합
B25: 종합 판정 | C25: 적합 | E25: 전체 o로 적합
B26: ⑦ 실제 종사자 (1명)
B27: 이름 · 소속 · 경력 | C27: 서아람 변호사 /검사생활 10년, 현재 법률사무소SC 대표변호사/ 이상한 아이스크림 가게 시리즈 7권 저자
B28: 확인 출처 (기사·인터뷰·블로그·유튜브·플랫폼 프로필 등) | C28: https://blog.naver.com/lawfirmsc_suh https://blog.naver.com/augustmindu/224236706886
B29: 컨택 포인트 (연락처·이메일·SNS·소속 기관) | C29: 070-4581-8134 / 수원시 영통구 이의동 1336-1 엘포트 B동 413호 lawyer_ahram@kakao.com
B30: 인터뷰 가능성 | C30: 상 | E30: 질문지 보내면 성실히 답변하겠다고 흔쾌히 동의
B31: ⑧ 참고 URL (오른쪽 끝 칸 = 확인일)
B32: URL ① | C32: https://ch.yes24.com/article/details/55364
B33: URL ② | C33: https://www.sisain.co.kr/news/articleView.html?idxno=49192
B34: URL ③ | C34: 코미디언부터 CEO·작가까지…'성공한 N잡러' 고명환이 알려주는 성공 습관 [프레스룸 오늘뭐사니] | L34: 26.7
B35: URL ④ | C35: https://www.hankyung.com/article/2026052232337
B36: URL ⑤ | C36: https://www.incheonilbo.com/news/articleView.html?idxno=1316205
B38: ※ 연노랑 칸에 입력합니다. L열은 확인일입니다.

Sheet 049_전자책 작가
B2: Job No. 049 전자책 작가
B3: 6. 콘텐츠·창작형 | 워크위즈 N잡스쿨 · 잡별 시장조사 시트
B5: ① 기본 정보
B6: 직업명 · 별칭 | C6: 전자책 작가
B7: 한 줄 소개 (30자 내외) | C7: 디지털 형태로 제작되어 전자기기로 읽거나 들을 수 있는 콘텐츠를 만들어 수익을 창출하는 사람
B8: 수집 상태 · 담당자 | C8: 완료 | E8: 박나경
B9: ② 핵심 지표 6종
B10: 지표 | C10: 초기비용 | D10: 월수익(만원) | E10: 성장성 | F10: 진입난이도 | G10: 주간 소요시간 | H10: 체력부담 | I10: 지표 근거 · 비고
B11: 값 | C11: ₩ 50만 미만 | D11: 판매가의 50~70% 사이의 수익 | E11: ↗ 보통 | F11: ★ | G11: 주 5시간 미만 | H11: 하 | I11: https://blog.naver.com/deskdiary14/224395383153
B12: ③ 하는 일
B13: 하는 일 (3줄 요약) | C13: 콘텐츠 제작 : 독자들이 읽을 가치를 느낄 수 있는 양질의 원고 작성, 주로 자기계발, 경제경영, 취미 등. 전자책 파일 변환 : 전문적인 편집툴을 이용하거나 전자책 출판 플랫폼의 도움을 받아 표지디자인 등 편집 진행 플랫폼 등록 및 유통 : 로열티 지급 방식, 정산주기, 마케팅 지원 프로그램 등을 고려해여 유통 플랫폼에 등록
B14: ④ 일자리 수요 근거
B15: 수요처 유형 · 규모 · 증감 추세 | C15: 전국의 도서관, 밀리의 서재, 리드 셀렉트, 크레마 클럽 등 전자책 구독 플랫폼에서 전자책 대여 수요가 지속 발생. 판매는 물론 대여 클릭으로도 정산받음. 대기업도 직원들 복지로 이런 책 구독 사이트를 무료로 제공. 전세계 전자책 시장은 스마트폰과 태블릿PC등 모바일 기기 보급 확대로 인해 연평균 성장률 3.52%로 성장하여 2029년까지 242.5억불에 이를 전망
B16: 뒷받침 근거 | C16: 플랫폼 거래량 | E16: https://tilnote.io/pages/69d0661d123a3c36b27092d3
B17: ⑤ 진입 방법
B18: 필요 자격 · 교육 | C18: 별다른 자격은 필요 없고, 평생교육원 등에 전자책 출간 실전과정(서울시립대 15주과정 24만원) 등을 수강하면 도움이 됨
B19: 초기 준비물 · 비용 | C19: 콘텐츠를 직접 상품으로 만들어 플랫폼에 등록하고 판매하려면 사업자 등록이 필요. 플랫폼 수수료와 원고교정, 표지 디자인, 마케팅 비용 등이 발생.
B20: 일감 얻는 경로 (플랫폼·기관 실명) | C20: 교보문고의 퍼블리싱 허브(Publishing Hub), 리디북스의 리디셀렉트(Ridi Select), 예스24의 셀프출판 등에서 직접 전자책을 출판하고 유통할 수 있음. 유페이퍼, 작가와, 탈잉, 크몽, 부크크 등에서도 등록, 유통 가능. 외국어가 가능하다면 아마존 킨들 다이렉트 퍼블리싱(Kindle Direct Publishing), 구글 플레이북스(Google Play Books), 애플 북스(Apple Books)에서도 출판가능.
B21: ⑥ N잡 적합성 검증
B22: 10조건 | C22: ①시간 유연성 | D22: ②체력 감당 | E22: ③직업 이미지 | F22: ④재미 | G22: ⑤전문성 축적 | H22: ⑥일한 만큼 이상 수익 | I22: ⑦우상향 수익 | J22: ⑧충분한 수요 | K22: ⑨진입 가능성 | L22: ⑩직업적 자부심
B23: 판정 ○ △ ✕ | C23: ○ | D23: ○ | E23: ○ | F23: ○ | G23: ○ | H23: ○ | I23: ○ | J23: ○ | K23: ○ | L23: ○
B24: 판정 근거 (△·✕ 위주로) | C24: 한번의 노력으로 제작된 콘텐츠는 지속적으로 온라인에서 알아서 판매되어 시간이 지남에 따라 별다른 시간투자 없이 누적 수익을 창출할 수 있음
B25: 종합 판정 | C25: 적합 | E25: 모두 0로 적합 판정
B26: ⑦ 실제 종사자 (1명)
B27: 이름 · 소속 · 경력 | C27: 이선희 / 지극히 주관적인 뉴질랜드 엄마골프 전자책 저자 / 영어강사 / 강연자
B28: 확인 출처 (기사·인터뷰·블로그·유튜브·플랫폼 프로필 등) | C28: https://ebook-product.kyobobook.co.kr/dig/epd/ebook/E000011631718 https://youtube.com/@lulu2sunny?si=4sPZWLph3xBgB5DJ
B29: 컨택 포인트 (연락처·이메일·SNS·소속 기관) | C29: https://www.instagram.com/lulu2sunny https://blog.naver.com/sunhee0907
B30: 인터뷰 가능성 | C30: 상 | E30: 뉴질랜드 카페에서 연락드려 집필 취지를 설명드렸고, 10월 서면 인터뷰 진행할 때 연락 다시 달라고 하심. 기획 취지에 공감했고 재밌을 거 같아고 답변.
B31: ⑧ 참고 URL (오른쪽 끝 칸 = 확인일)
B32: URL ① | C32: http://www.dailypop.kr/news/articleView.html?idxno=69144
B33: URL ② | C33: https://www.news1.kr/entertain/celebrity-topic/6292128 나상천 작가, 전직 KPOP 아이돌기획자
B34: URL ③ | C34: https://tilnote.io/pages/69d0661d123a3c36b27092d3
B35: URL ④ | C35: https://blog.naver.com/bunaj/224326062784 | L35: 강의가능
B36: URL ⑤ | C36: https://cafe.naver.com/dlxogns01/356713 https://blog.naver.com/inalove/224414853677
B38: ※ 연노랑 칸에 입력합니다. L열은 확인일입니다.

Sheet 050_사진사
B2: Job No. 050 사진사
B3: 6. 콘텐츠·창작형 | 워크위즈 N잡스쿨 · 잡별 시장조사 시트
B5: ① 기본 정보
B6: 직업명 · 별칭 | C6: 사진사
B7: 한 줄 소개 (30자 내외)
B8: 수집 상태 · 담당자 | C8: 미착수
B9: ② 핵심 지표 6종
B10: 지표 | C10: 초기비용 | D10: 월수익(만원) | E10: 성장성 | F10: 진입난이도 | G10: 주간 소요시간 | H10: 체력부담 | I10: 지표 근거 · 비고
B11: 값
B12: ③ 하는 일
B13: 하는 일 (3줄 요약)
B14: ④ 일자리 수요 근거
B15: 수요처 유형 · 규모 · 증감 추세
B16: 뒷받침 근거
B17: ⑤ 진입 방법
B18: 필요 자격 · 교육
B19: 초기 준비물 · 비용
B20: 일감 얻는 경로 (플랫폼·기관 실명)
B21: ⑥ N잡 적합성 검증
B22: 10조건 | C22: ①시간 유연성 | D22: ②체력 감당 | E22: ③직업 이미지 | F22: ④재미 | G22: ⑤전문성 축적 | H22: ⑥일한 만큼 이상 수익 | I22: ⑦우상향 수익 | J22: ⑧충분한 수요 | K22: ⑨진입 가능성 | L22: ⑩직업적 자부심
B23: 판정 ○ △ ✕
B24: 판정 근거 (△·✕ 위주로)
B25: 종합 판정
B26: ⑦ 실제 종사자 (1명)
B27: 이름 · 소속 · 경력
B28: 확인 출처 (기사·인터뷰·블로그·유튜브·플랫폼 프로필 등)
B29: 컨택 포인트 (연락처·이메일·SNS·소속 기관)
B30: 인터뷰 가능성
B31: ⑧ 참고 URL (오른쪽 끝 칸 = 확인일)
B32: URL ①
B33: URL ②
B34: URL ③
... B38: ※ 연노랑 칸에 입력합니다. L열은 확인일입니다.

Sheet 051_아이패드 드로잉 작가
B2: Job No. 051 아이패드 드로잉 작가
B3: 6. 콘텐츠·창작형 | 워크위즈 N잡스쿨 · 잡별 시장조사 시트
B5: ① 기본 정보
B6: 직업명 · 별칭 | C6: 아이패드 드로잉 작가
B7: 한 줄 소개 (30자 내외) | C7: 디지털 일러스트를 만들어 의뢰, 콘텐츠, 상품, 교육으로 수익화 하는 프리랜서
B8: 수집 상태 · 담당자 | C8: 완료 | E8: 박나경
B9: ② 핵심 지표 6종
B10: 지표 | C10: 초기비용 | D10: 월수익(만원) | E10: 성장성 | F10: 진입난이도 | G10: 주간 소요시간 | H10: 체력부담 | I10: 지표 근거 · 비고
B11: 값 | C11: ₩₩ 50~300만 | D11: 100만원 이하 | E11: → 정체 | F11: ★ | G11: 주 5~15시간 | H11: 중 | I11: 일러스트 건당 15만원, 드로잉 클래스 3달에 15~25만원,
B12: ③ 하는 일
B13: 하는 일 (3줄 요약) | C13: 상업 일러스트 : 기업 광고나 포스터, 카페나 식당 메뉴 일러스트, 화장품 패키지 등 디자인 출판 : 에세이나 잡지 일러스트, 또는 책 표지나 중간 삽화 제작 굿즈 제작 : 스티커나 엽서, 폰케이스, 문구, 의류, 천가방 등에 일러스트 작품을 프린팅 강의 진행 : 아이패드 드로잉 강의를 온오프라인에서 진행하거나 전자책 발간
B14: ④ 일자리 수요 근거
B15: 수요처 유형 · 규모 · 증감 추세 | C15: 초기 작가에게 중요한 시장은 소상공인의 메뉴판 음식 일러스트 의뢰, 가게 캐릭터 제각 의뢰 등이나 이를 AI툴들이 빠르게 대체하고 있음. 미술전공자 이외의 강의수강자들의 활동으로 진입장벽은 계속 낮아지는데 공급이 수요보다 더 많은 실정
B16: 뒷받침 근거
B17: ⑤ 진입 방법
B18: 필요 자격 · 교육 | C18: 특별한 자격은 필요치 않고 아이패드 드로잉 교육이 크몽이나 패스트캠퍼스, 지역 문화센터 등에 많이 있어 손쉽게 수강 가능.
B19: 초기 준비물 · 비용 | C19: 아이패드(90~150만원), 아이패드 드로잉 교육(20~50만원)
B20: 일감 얻는 경로 (플랫폼·기관 실명) | C20: 크몽, 숨고, 프립 등에서 드로잉 교육상품 판매, 꾸준한 인스타 활동으로 기업과 협업 가능성 높이기, 동네 카페 방문 ㅗㅇ해 메뉴 일러스트 이렇게 제작해 드립니다 포트폴리오 보여주기, 출판사, 디자인 스튜디오, 굿즈 업체, 식품 브랜드 등에 포트폴리오 보내기
B21: ⑥ N잡 적합성 검증
B22: 10조건 | C22: ①시간 유연성 | D22: ②체력 감당 | E22: ③직업 이미지 | F22: ④재미 | G22: ⑤전문성 축적 | H22: ⑥일한 만큼 이상 수익 | I22: ⑦우상향 수익 | J22: ⑧충분한 수요 | K22: ⑨진입 가능성 | L22: ⑩직업적 자부심
B23: 판정 ○ △ ✕ | C23: ○ | D23: ○ | E23: ○ | F23: ○ | G23: ○ | H23: ✕ | I23: ✕ | J23: ✕ | K23: ○ | L23: ○
B24: 판정 근거 (△·✕ 위주로) | C24: 대부분 그림을 그리기 좋아했던 분들이 취미로 시작했다가 시간 투자를 늘리면서 N잡 중 하나로 가져가는 경우가 많아 수요가 많다고 보긴 어렵고 따라서 수익 가능성은 높지 않음. 민소애 대표는 본인 수강생중 수익활동을 하는 사람이 1%도 되지 않는다며 오프라인 강의도 올해까지만 한다고 함. 인터뷰 거절 또한 ai 출현으로 이 직업이 설자리가 없다며 희망고문 하고 싶지 않다고 직언
B25: 종합 판정 | C25: 부적합 | E25: 수익을 내기 어려워 직업으로 삼기 부적합
B26: ⑦ 실제 종사자 (1명)
B27: 이름 · 소속 · 경력 | C27: 민소애 듀박스 대표 / 서울예술대 시각디자인과 졸업/ 디자이너로 근무하다가 그림을 배워 일러스트레이터 경력 11년 | M27: 인스타 다만사, 디자인바이써니, 달콩1984
B28: 확인 출처 (기사·인터뷰·블로그·유튜브·플랫폼 프로필 등) | C28: https://blog.naver.com/dooduzi0927 유튜브 @dewbox 구독자수 1.34만명, 인스타 @dewbox 6.3천명 네이버 스마트스토어 운영중이며 에이블리, 쿠팡 등에서 작품 판매중. 페스트캠퍼스, class101 등에서 아이패드 드로잉 강사로 활동
B29: 컨택 포인트 (연락처·이메일·SNS·소속 기관) | C29: 010 9280 3290 / 카톡 dewbox09 / 수원 장안구 덕영대로 381번길 73-57(율전동) 1층
B30: 인터뷰 가능성 | C30: 하
B31: ⑧ 참고 URL (오른쪽 끝 칸 = 확인일)
B32: URL ① | C32: https://www.work24.go.kr/hr/a/a/3100/selectTracseDetl.do?tracseId=AIG20240000463034&tracseTme=10&crseTracseSe=C0061#none
B33: URL ② | C33: https://kiaf.org/en/insights/30295 한운성 서울대 미대 서양화과 교수 아이패드 드로잉으로 영역 확장
B34: URL ③ | C34: https://kmong.com/gig/612876 크몽 아이패드 드로잉 클레스
B35: URL ④ | C35: https://fastcampus.co.kr/dgn_online_ipad 9명의 현역활동 작가들과 수익활동 소개
B36: URL ⑤ | C36: https://kmong.com/gig/517220 맞춤형 수업 한달에 23만원
B38: ※ 연노랑 칸에 입력합니다. L열은 확인일입니다.

Sheet 052_이모티콘 작가
B2: Job No. 052 이모티콘 작가
B3: 6. 콘텐츠·창작형 | 워크위즈 N잡스쿨 · 잡별 시장조사 시트
B5: ① 기본 정보
B6: 직업명 · 별칭 | C6: 이모티콘 작가
B7: 한 줄 소개 (30자 내외)
B8: 수집 상태 · 담당자 | C8: 미착수
B9: ② 핵심 지표 6종
B10: 지표 | C10: 초기비용 | D10: 월수익(만원) | E10: 성장성 | F10: 진입난이도 | G10: 주간 소요시간 | H10: 체력부담 | I10: 지표 근거 · 비고
B11: 값
B12: ③ 하는 일
B13: 하는 일 (3줄 요약)
B14: ④ 일자리 수요 근거
B15: 수요처 유형 · 규모 · 증감 추세
B16: 뒷받침 근거
B17: ⑤ 진입 방법
B18: 필요 자격 · 교육
B19: 초기 준비물 · 비용
B20: 일감 얻는 경로 (플랫폼·기관 실명)
B21: ⑥ N잡 적합성 검증
B22: 10조건 | C22: ①시간 유연성 | D22: ②체력 감당 | E22: ③직업 이미지 | F22: ④재미 | G22: ⑤전문성 축적 | H22: ⑥일한 만큼 이상 수익 | I22: ⑦우상향 수익 | J22: ⑧충분한 수요 | K22: ⑨진입 가능성 | L22: ⑩직업적 자부심
B23: 판정 ○ △ ✕
B24: 판정 근거 (△·✕ 위주로)
B25: 종합 판정
B26: ⑦ 실제 종사자 (1명)
B27: 이름 · 소속 · 경력
B28: 확인 출처 (기사·인터뷰·블로그·유튜브·플랫폼 프로필 등)
B29: 컨택 포인트 (연락처·이메일·SNS·소속 기관)
B30: 인터뷰 가능성
B31: ⑧ 참고 URL (오른쪽 끝 칸 = 확인일)
B32: URL ① | C32: http://www.dailypop.kr/news/articleView.html?idxno=66787
B33: URL ②
B34: URL ③
B35: URL ④
B36: URL ⑤
B38: ※ 연노랑 칸에 입력합니다. L열은 확인일입니다.

Sheet 053_유튜버
B2: Job No. 053 유튜버
B3: 6. 콘텐츠·창작형 | 워크위즈 N잡스쿨 · 잡별 시장조사 시트
B5: ① 기본 정보
B6: 직업명 · 별칭 | C6: 유튜버
B7: 한 줄 소개 (30자 내외) | C7: 유튜브에 창작 컨텐츠를 업로드하며 자신의 채널을 운영해 수익을 창출하는 사람
B8: 수집 상태 · 담당자 | C8: 완료 | E8: 박나경
B9: ② 핵심 지표 6종
B10: 지표 | C10: 초기비용 | D10: 월수익(만원) | E10: 성장성 | F10: 진입난이도 | G10: 주간 소요시간 | H10: 체력부담 | I10: 지표 근거 · 비고
B11: 값 | C11: ₩₩ 50~300만 | D11: 천차만별 | E11: ↗↗ 높음 | F11: ★ | G11: 주 15~30시간 | H11: 하 | I11: 쵤영보다 편집에 시간이 더 걸릴 수 있음
B12: ③ 하는 일
B13: 하는 일 (3줄 요약) | C13: 기획 : 타겟 시청자가 누구인지 무엇을 궁금해 하는지 ,트렌드는 무엇인지를 파악하여 주제와 컨셉을 정함 제작 : 기획된 내용을 바탕으로 영상을 촬영. 조명, 음향, 카메라 장비에 대한 기술적 이해가 수반됨 편집 : 영상 컨 편집, 자막 삽입, 효과음 넣기 등으로 시청자 유지시간을 극대화 하는 작업 진행 운영 및 관리 : 조회수와 클릭률, 시청 지속 시간을 데이터로 분석하여 다음 콘텐츠 기획에 반영. 댓글 소통을 통한 팬덤 관리도 필수
B14: ④ 일자리 수요 근거
B15: 수요처 유형 · 규모 · 증감 추세 | C15: 정보통신정책연구원(KISDI) 통계에 따르면 50대 이상의 월간 유튜브 총 사용시간이 100억분을 초과, 10대(89억분), 20대(약 81억분)을 추월. 교육, 요리, 대인관계 기술, 여행, 게임, 건강 등의 분야 컨텐츠 수요가 꾸준함. 또한 중장년층은 경제적 여유와 시간 확보로 기업들이 가장 주목하는 소비 타겟임. 따라서 여행, 재테크, 취미 등 많은 분야에서 광고주의 러브콜을 받음.
B16: 뒷받침 근거 | C16: 인구구조 변화 | E16: https://www.asiae.co.kr/article/2026091115434381816?utm_source=copy&utm_medium=copy&utm_campaign=share_btn&utm_content=20260912
B17: ⑤ 진입 방법
B18: 필요 자격 · 교육 | C18: 누구나 접근 가능하며, 자격이 필요치 않으나 지자체에서 제공하는 콘텐츠 크리에이터 과정, 영상편집 과정 등을 수강하면 좋음. 영상 편집 툴인 파이널 컷, 캡컷 등을 가르쳐주는 수업도 유용
B19: 초기 준비물 · 비용 | C19: 핀 마이크, 보급형 촬영 조명, 영상편집이 가능한 PC, 추가 카메라 등이 필요(200만원 이하)
B20: 일감 얻는 경로 (플랫폼·기관 실명) | C20: 본인의 노력에 따라 구독자수 500명 이상 확보, 지난 1년간 공개 시청시간 3,000시간 이상 : 멤버십 운영, 채널의 쇼핑 탭 등을 통해 수익창출 신청 가능 / 구독자수 1000명 이상, 지난 1년간 공개 시청시간 4,000시간 이상 : 광고 수익 가능
B21: ⑥ N잡 적합성 검증
B22: 10조건 | C22: ①시간 유연성 | D22: ②체력 감당 | E22: ③직업 이미지 | F22: ④재미 | G22: ⑤전문성 축적 | H22: ⑥일한 만큼 이상 수익 | I22: ⑦우상향 수익 | J22: ⑧충분한 수요 | K22: ⑨진입 가능성 | L22: ⑩직업적 자부심
B23: 판정 ○ △ ✕ | C23: ○ | D23: ○ | E23: ○ | F23: ○ | G23: ○ | H23: ○ | I23: ○ | J23: ○ | K23: ○ | L23: ○
B24: 판정 근거 (△·✕ 위주로) | C24: 중장년 유튜버라고 하면 컴퓨터 사용능력이나 SNS 이해도가 높다는 뜻도 되고 채널을 운영할만큼 특정분야 지식이나 노하우가 있다는 인상도 주고, 자식에게 기대지 않고 스스로 수익을 만들기 위해 노력한다는 긍정적인 이미지가 존재.
B25: 종합 판정 | C25: 적합 | E25: 모두 0으로 적합 판정
B26: ⑦ 실제 종사자 (1명)
B27: 이름 · 소속 · 경력 | C27: 한덕환 / N잡러 / 길해설사, 브런치작가, 상상우리 AI 컨설턴트, 유튜버(2025 서울 인플루언서 100인 선정)
B28: 확인 출처 (기사·인터뷰·블로그·유튜브·플랫폼 프로필 등) | C28: https://youtube.com/channel/UCkkaKQFbrCbE_sSmnmr-QCg?si=wMDrfNcGb-oM_1Sl https://brunch.co.kr/@2beendaddy
B29: 컨택 포인트 (연락처·이메일·SNS·소속 기관) | C29: 상상우리 AI 컨설턴트이니 관련부서 컨택
B30: 인터뷰 가능성 | C30: 상 | E30: 상상우리 AI 컨설턴트
B31: ⑧ 참고 URL (오른쪽 끝 칸 = 확인일)
B32: URL ① | C32: https://blog.naver.com/xxxing1/224396082173
B33: URL ② | C33: https://bravo.etoday.co.kr/view/atc_view/18286
B34: URL ③ | C34: https://www.mk.co.kr/news/culture/11354124
B35: URL ④ | C35: https://bravo.etoday.co.kr/view/atc_view/18253
B36: URL ⑤ | C36: https://www.hankyung.com/article/202304032764i
B38: ※ 연노랑 칸에 입력합니다. L열은 확인일입니다.

Sheet 054_시니어 모델
B2: Job No. 054 시니어 모델
B3: 6. 콘텐츠·창작형 | 워크위즈 N잡스쿨 · 잡별 시장조사 시트
B5: ① 기본 정보
B6: 직업명 · 별칭 | C6: 시니어 모델
B7: 한 줄 소개 (30자 내외)
B8: 수집 상태 · 담당자 | C8: 미착수
B9: ② 핵심 지표 6종
B10: 지표 | C10: 초기비용 | D10: 월수익(만원) | E10: 성장성 | F10: 진입난이도 | G10: 주간 소요시간 | H10: 체력부담 | I10: 지표 근거 · 비고
B11: 값
B12: ③ 하는 일
B13: 하는 일 (3줄 요약)
B14: ④ 일자리 수요 근거
B15: 수요처 유형 · 규모 · 증감 추세
B16: 뒷받침 근거
B17: ⑤ 진입 방법
B18: 필요 자격 · 교육
B19: 초기 준비물 · 비용
B20: 일감 얻는 경로 (플랫폼·기관 실명)
B21: ⑥ N잡 적합성 검증
B22: 10조건 | C22: ①시간 유연성 | D22: ②체력 감당 | E22: ③직업 이미지 | F22: ④재미 | G22: ⑤전문성 축적 | H22: ⑥일한 만큼 이상 수익 | I22: ⑦우상향 수익 | J22: ⑧충분한 수요 | K22: ⑨진입 가능성 | L22: ⑩직업적 자부심
B23: 판정 ○ △ ✕
B24: 판정 근거 (△·✕ 위주로)
B25: 종합 판정
B26: ⑦ 실제 종사자 (1명)
B27: 이름 · 소속 · 경력 | C27: 최경옥 / 프리랜서
B28: 확인 출처 (기사·인터뷰·블로그·유튜브·플랫폼 프로필 등) | C28: www.youtube.com/@walkingwithumma
B29: 컨택 포인트 (연락처·이메일·SNS·소속 기관) | C29: 010-2792-6025 / 인스타 eva_k_choe /
B30: 인터뷰 가능성 | C30: 상 | E30: 따님에게 소개받음
B31: ⑧ 참고 URL (오른쪽 끝 칸 = 확인일)
B32: URL ①
B33: URL ② | C33: https://coupon-link.co.kr/senior-model-guide/ | L33: 26.7
B34: URL ③ | C34: https://www.kdpress.co.kr/news/articleView.html?idxno=207914 | L34: 26.8
B35: URL ④ | C35: https://www.wowtv.co.kr/NewsCenter/News/Read?articleId=A202608100428&t=NN | L35: 26.8
B36: URL ⑤
B38: ※ 연노랑 칸에 입력합니다. L열은 확인일입니다.

Sheet 055_시니어 배우·보조출연자
B2: Job No. 055 시니어 배우·보조출연자
B3: 6. 콘텐츠·창작형 | 워크위즈 N잡스쿨 · 잡별 시장조사 시트
B5: ① 기본 정보
B6: 직업명 · 별칭 | C6: 시니어 배우·보조출연자
B7: 한 줄 소개 (30자 내외) | C7: 50대 이상 중장년층이 영화, 드라마, 광고, 연극 등에 출연하는 것
B8: 수집 상태 · 담당자 | C8: 완료 | E8: 박나경
B9: ② 핵심 지표 6종
B10: 지표 | C10: 초기비용 | D10: 월수익(만원) | E10: 성장성 | F10: 진입난이도 | G10: 주간 소요시간 | H10: 체력부담 | I10: 지표 근거 · 비고
B11: 값 | C11: ₩₩ 50~300만 | E11: ↗ 보통 | F11: ★★ | G11: 주 5시간 미만 | H11: 하
B12: ③ 하는 일
B13: 하는 일 (3줄 요약) | C13: 드라마나 영화 출연시 나이든 분이 필요한 장면에 출연하여 대사가 있는 연기를 하거나, 주인공 뒤에 대사없는 배경을 구성하는 역할을 담당. 홈쇼핑이나 패션, 생활용품 등의 광고 모델이 되어 시니어층 대상 상품 촬영 지원. 공익목적 학교, 도서관 등으로 찾아가는 공연 프로그램에 연극배우 등으로 활약.
B14: ④ 일자리 수요 근거
B15: 수요처 유형 · 규모 · 증감 추세 | C15: 뉴페이스가 필요한 방송 재연프로그램이나 단편영화 / 보험, 건강식품, 요양 관련 서비스, 지방자치단체 홍보, 공공기관 캠페인 등의 광고 분야 / 지역축제, 마당극 등 공연분야에서 두루 필요. 현재 우리나라도 65세 인구가 20%를 넘는 등 초고령 사회 진입에 따라 이들의 취향과 관심사, 소비력을 타깃 한 실버 산업 마케팅, 엔터테인먼트 시장이 커지고 있는 실정.
B16: 뒷받침 근거 | C16: 인구구조 변화 | E16: https://www.chosun.com/economy/economy_general/2026/07/28/YQM6GBBEBZDXXNTITBBXAVEPWQ/?utm_source=naver&utm_medium=referral&utm_campaign=naver-news
B17: ⑤ 진입 방법
B18: 필요 자격 · 교육 | C18: 국가공인 자격증이 없어 배우 자격증은 없는 상태. 그러나 대사가 있는 비중있는 배우 자리까지 생각한다면 사설 연기학원이나 지역 문화센터에서 3~6개월 시니어 연기반 기초 수업을 들으면 도움이 됨
B19: 초기 준비물 · 비용 | C19: 기본 프로필 사진 쵤영(20~100만원), 자기소개 프로필 영상 준비, 연기 기초 수업 비용(30~100만원)
B20: 일감 얻는 경로 (플랫폼·기관 실명) | C20: 보조출연 인력업체나 에이전시 등록을 통해 일자리가 연결되고, 연기학원에 다닐 경우 연기학원에서 각종 제작사 캐스팅 디렉터를 주기적으로 모셔와 오디션을 연결해 줌. castlink.co.kr 이나 filmmakers.co.kr 본인 프로필을 인터넷 검색 가능하도록 올리는 것도 방법.
B21: ⑥ N잡 적합성 검증
B22: 10조건 | C22: ①시간 유연성 | D22: ②체력 감당 | E22: ③직업 이미지 | F22: ④재미 | G22: ⑤전문성 축적 | H22: ⑥일한 만큼 이상 수익 | I22: ⑦우상향 수익 | J22: ⑧충분한 수요 | K22: ⑨진입 가능성 | L22: ⑩직업적 자부심
B23: 판정 ○ △ ✕ | C23: ○ | D23: ○ | E23: ○ | F23: ○ | G23: ○ | H23: △ | I23: △ | J23: △ | K23: ○ | L23: ○
B24: 판정 근거 (△·✕ 위주로) | C24: 쵤영현장 특성상 오랜 대기시간 등 투입 시간 대비 수익이 크기 않을 수 있는 점, 내 의지로 개척하는 시장이 아니라 내 이미지로 캐스팅되는 수동적 시장이라 우상향 수익을 장담하기 어려움. 진입장벽이 높지 않아 지속되는 공급에 비해 한번 이 일을 해본 사람만이 지속 캐스팅되는 선택 편향 관성 등으로 일자리 수요는 크지 않을 수 있음.
B25: 종합 판정 | C25: 적합 | E25: 전체적으로 N잡 기준에 부합하며 x가 하나도 없다는 점에서 적합 판정
B26: ⑦ 실제 종사자 (1명)
B27: 이름 · 소속 · 경력 | C27: 김종화 배우 / 프리랜서 / 경력 6년차 / 단편 28편 CF 21편 드라마 4편 출연
B28: 확인 출처 (기사·인터뷰·블로그·유튜브·플랫폼 프로필 등) | C28: https://castlink.co.kr/ko/service/profile/artists/04c2e286-1555-4182-84a9-359848b3381e https://www.filmmakers.co.kr/@kjhwa59
B29: 컨택 포인트 (연락처·이메일·SNS·소속 기관) | C29: 010-3227-0185 / 인스타 kjhwa5959
B30: 인터뷰 가능성 | C30: 상 | E30: 매우 적극적인 성격으로 본인 인터뷰가 책에 실리는 것을 홍보효과로 인식할 가능성 다대
B31: ⑧ 참고 URL (오른쪽 끝 칸 = 확인일)
B32: URL ① | C32: https://shindonga.donga.com/society/article/all/13/5424730/1 | L32: 25.2
B33: URL ② | C33: https://otr.co.kr/audition/?vid=20368 | L33: 26.3
B34: URL ③ | C34: https://www.mbn.co.kr/news/culture/5172374 | L34: 26.1
B35: URL ④ | C35: https://www.hani.co.kr/arti/culture/culture_general/947307.html
B36: URL ⑤ | C36: http://www.xn--mbc-dp7l56p.com/?contentId=f7177163c833dff4b38fc8d2872f1ec6&command=view&wr_id=444&cate=
B38: ※ 연노랑 칸에 입력합니다. L열은 확인일입니다.

Sheet 056_생활목공 전문가
B2: Job No. 056 생활목공 전문가
B3: 7. 생활기술·시공·점검형 | 워크위즈 N잡스쿨 · 잡별 시장조사 시트
B5: ① 기본 정보
B6: 직업명 · 별칭 | C6: 생활목공 전문가
B7: 한 줄 소개 (30자 내외) | C7: 가구와 생활소품을 직접 제작하고 수업·주문제작으로 연결하는 일
B8: 수집 상태 · 담당자 | C8: 수집중 | E8: 담당 : 정재웅
B9: ② 핵심 지표 6종
B10: 지표 | C10: 초기비용 | D10: 월수익(만원) | E10: 성장성 | F10: 진입난이도 | G10: 주간 소요시간 | H10: 체력부담 | I10: 지표 근거 · 비고
B11: 값 | C11: ₩₩₩ 300~1000만 | F11: ★★★ | G11: 주 5~15시간 | H11: 상
B12: ③ 하는 일
B13: 하는 일 (3줄 요약)
B14: ④ 일자리 수요 근거
B15: 수요처 유형 · 규모 · 증감 추세
B16: 뒷받침 근거
B17: ⑤ 진입 방법
B18: 필요 자격 · 교육
B19: 초기 준비물 · 비용
B20: 일감 얻는 경로 (플랫폼·기관 실명)
B21: ⑥ N잡 적합성 검증
B22: 10조건 | C22: ①시간 유연성 | D22: ②체력 감당 | E22: ③직업 이미지 | F22: ④재미 | G22: ⑤전문성 축적 | H22: ⑥일한 만큼 이상 수익 | I22: ⑦우상향 수익 | J22: ⑧충분한 수요 | K22: ⑨진입 가능성 | L22: ⑩직업적 자부심
B23: 판정 ○ △ ✕
B24: 판정 근거 (△·✕ 위주로)
B25: 종합 판정
B26: ⑦ 실제 종사자 (1명)
B27: 이름 · 소속 · 경력
B28: 확인 출처 (기사·인터뷰·블로그·유튜브·플랫폼 프로필 등)
B29: 컨택 포인트 (연락처·이메일·SNS·소속 기관)
B30: 인터뷰 가능성
B31: ⑧ 참고 URL (오른쪽 끝 칸 = 확인일)
B32: URL ①
B33: URL ②
B34: URL ③
... B38: ※ 연노랑 칸에 입력합니다. L열은 확인일입니다.

Sheet 057_소형 집수리 전문가
B2: Job No. 057 소형 집수리 전문가
B3: 7. 생활기술·시공·점검형 | 워크위즈 N잡스쿨 · 잡별 시장조사 시트
B5: ① 기본 정보
B6: 직업명 · 별칭 | C6: 소형 집수리 전문가
B7: 한 줄 소개 (30자 내외) | C7: 수도·전기·문틀 등 집안의 작은 고장을 방문해 고쳐주는 일
B8: 수집 상태 · 담당자 | C8: 완료 | E8: - 담당 : 정재웅
B9: ② 핵심 지표 6종
B10: 지표 | C10: 초기비용 | D10: 월수익(만원) | E10: 성장성 | F10: 진입난이도 | G10: 주간 소요시간 | H10: 체력부담 | I10: 지표 근거 · 비고
B11: 값 | C11: ₩₩ 50~300만 | D11: 80 ~ 200 | E11: ↗↗ 높음 | F11: ★★★ | G11: 주 15~30시간 | H11: 중 | I11: - 주말 투잡 및 부업 형태: 월 80 ~ 200만원 - 초보 및 창업 초기 (1~6개월): 월 300 ~ 500만원 - 숙련 및 안정기 (1년 이후 전업): 월 600 ~ 1,000만원
B12: ③ 하는 일
B13: 하는 일 (3줄 요약) | C13: - 설비 및 수전: 수도꼭지, 샤워기, 싱크대 배수구 교체 및 막힘 해결, 변기 부속 교체 및 세면대 수리 - 전기 및 조명: LED 조명기구 및 스위치·콘센트 교체, 인터폰 및 환풍기 보수 - 도어, 창호 및 보수 : 현관문 도어락·힌지·도어체크 교체, 방문 손잡이, 경첩 수리, 욕실, 싱크대 실리콘 재시공, 벽지 부분 도배 및 선반 설치 등
B14: ④ 일자리 수요 근거
B15: 수요처 유형 · 규모 · 증감 추세 | C15: - 수요처 : 1) 일반 주거 가구 : 아파트, 빌라, 단독주택 거주자 중 Self-owner 및 임차인. 특히 1인 가구, 맞벌이 부부, 고령층 등 2) 임대사업자 및 공공임대 관리 주체: 다세대 주택 임대인, 빌딩 소유주, SH·LH 등 공공임대 주택 관리 공사 3) 상업용 소형 공간 : 소규모 카페, 식당, 프랜차이즈 매장, 오피스 등 전문 인테리어 업체 부르기 애매한 소규모 하자 보수가 빈번한 곳 - 시장 규모 : 주택 유지보수 및 소규모 수리를 포함하는 국내 광의의 집수리·리모델링 관련 시장은 연간 약 13조원 이상으로 추산 - 대형 인테리어·리모델링 시장(2030년 기준 약 44조원 전망) 속에서 상시 발생하는 생활밀착형 소수선·유지보수 수요 - 증감 추세 : 20년 이상 노후 주택 비율 증가(배관, 창호, 방수, 전기 등 상시적 소형 수리), 인구 구조 변화 (1인 가구 및 고령화), 플랫폼 기반의 양성화(전문 매칭 플랫폼과 프랜차이즈 모델이 유입. 표준화된 견적과 신뢰도를 무기로 한 시장 성장세 지속)
B16: 뒷받침 근거 | C16: 복합 | E16: - 인구 구조 변화 및 플랫폼 기반 비지니스의 활성화 추세
B17: ⑤ 진입 방법
B18: 필요 자격 · 교육 | C18: - 국가 공인 법적 자격증은 없으나, 현장 작업에 필요한 기초 기술과 안전 수칙을 익히기 위한 민간 자격증 및 전문 기술 교육 과정이 있음.(주택개선사, 집수리전문가 등) - 교육 과정 : 한국주택환경연구원, 제로집수리 등 전문 사설 교육기관에서 운영하는 실전 종합반 (약 1~2주 과정), 서울시 '집수리닷컴' 등 지자체 주관의 시민 대상 집수리 아카데미(기초·심화 과정), 국제기술교육원 등의 80시간 내외 실무 과정(도배, 타일, 인테리어 필름, 설비 등)
B19: 초기 준비물 · 비용 | C19: - 공구 및 장비비 (200~500만원), 교육 및 자격증비 (50~150만원), 마케팅 및 부품 재고 (100~200만원), 이동용 차량은 별도.
B20: 일감 얻는 경로 (플랫폼·기관 실명) | C20: 1) 지역 생활 밀착형 플랫폼 : 당근마켓 (동네가게 / 지역광고), '동네생활' (지역 커뮤니티 입소문), 숨고 및 크몽 2) 집수리닷컴 및 민간 O2O 플랫폼 : 지자체 공공 플랫폼이나 전문 집수리 매칭 앱에 파트너로서 일감 수급. 아파트·오피스텔 관리사무소 연계 3) 온라인 마케팅 및 자체 채널 : 네이버 스마트플레이스('지역명 + 집수리'), SNS 숏폼 (인스타그램 릴스·유튜브 쇼츠)
B21: ⑥ N잡 적합성 검증
B22: 10조건 | C22: ①시간 유연성 | D22: ②체력 감당 | E22: ③직업 이미지 | F22: ④재미 | G22: ⑤전문성 축적 | H22: ⑥일한 만큼 이상 수익 | I22: ⑦우상향 수익 | J22: ⑧충분한 수요 | K22: ⑨진입 가능성 | L22: ⑩직업적 자부심
B23: 판정 ○ △ ✕ | C23: ○ | D23: ○ | E23: ○ | F23: △ | G23: ○ | H23: ○ | I23: ○ | J23: ○ | K23: △ | L23: ○
B24: 판정 근거 (△·✕ 위주로) | C24: ④ △ — 내향적인 성향이거나 IT기업 은퇴후 얼마 안됬으면 적응 기간 필요. 정부나 지자체 기관 소속이거나 일정기간 프로젝트 진행하다가 프리랜서가 되면 발로 뛰는 영업이 필요. AI도구/시스템 구축후 현장 직원들이 지속 사용 어려해해서 기존 방식으로 원위치하는 경향 있음. ⑧ △ — 소상공인 특성상 직접 매출로 연결되는 성과가 보이거나 가시적인 시스템 구축이 필요해야 비용 지출하려는 경향이 있음"
B25: 종합 판정 | C25: 적합 | E25: 10조건 중 8개 통과, 2개 조건부
B26: ⑦ 실제 종사자 (1명)
B27: 이름 · 소속 · 경력 | C27: - 전무광 / 집고치는 전반장 / 전기시공업체 및 관리사무소 시설팀 근무 경력 20년, 전기산업기사 및 고급기술자 자격증 보유. 본인이 직접 SNS 마케팅하고 있음.
B28: 확인 출처 (기사·인터뷰·블로그·유튜브·플랫폼 프로필 등) | C28: - 소형 집수리 전문가란? (URL ①), 서울시 집수리닷컴 (URL ②), 집고치는 전반장 (URL ③),
B29: 컨택 포인트 (연락처·이메일·SNS·소속 기관) | C29: - T : 010-5366-6362 / 카톡 ID : this6362 / 인스타 ID : home-care6362
B30: 인터뷰 가능성 | C30: 중 | E30: - 전업으로 시작한 지가 얼마되지 않아 현업 집중 필요한데, 내년 안정기에 들어가면 가능성 있을 수도 있음.
B31: ⑧ 참고 URL (오른쪽 끝 칸 = 확인일)
B32: URL ① | C32: https://search.naver.com/search.naver?sm=tab_hty.top&where=nexearch&ssc=tab.nx.all&query=%EC%86%8C%ED%98%95+%EC%A7%91%EC%88%98%EB%A6%AC+%EC%A0%84%EB%AC%B8%EA%B0%80&oquery=%EC%86%A1%EC%9A%A9%EC%A7%84+%EC%8F%AD%EB%82%B4%EA%B4%80%EC%9D%98+%EA%B6%81%EA%B6%90%EA%B8%B0%ED%96%89&tqi=jqOyrwqpsW4ssm%2BliUC-496019&ackey=ck5ha5sk
B33: URL ② | C33: https://jibsuri.seoul.go.kr/discussion/info.do
B34: URL ③ | C34: https://blog.naver.com/mukwang79/224361028503
B35: URL ④
B36: URL ⑤
B38: ※ 연노랑 칸에 입력합니다. L열은 확인일입니다.

Sheet 058_도배·장판 시공 기사
B2: Job No. 058 도배·장판 시공 기사
B3: 7. 생활기술·시공·점검형 | 워크위즈 N잡스쿨 · 잡별 시장조사 시트
B5: ① 기본 정보
B6: 직업명 · 별칭 | C6: 도배·장판 시공 기사
B7: 한 줄 소개 (30자 내외)
B8: 수집 상태 · 담당자 | C8: 미착수
B9: ② 핵심 지표 6종
B10: 지표 | C10: 초기비용 | D10: 월수익(만원) | E10: 성장성 | F10: 진입난이도 | G10: 주간 소요시간 | H10: 체력부담 | I10: 지표 근거 · 비고
B11: 값
B12: ③ 하는 일
B13: 하는 일 (3줄 요약)
B14: ④ 일자리 수요 근거
B15: 수요처 유형 · 규모 · 증감 추세
B16: 뒷받침 근거
B17: ⑤ 진입 방법
B18: 필요 자격 · 교육
B19: 초기 준비물 · 비용
B20: 일감 얻는 경로 (플랫폼·기관 실명)
B21: ⑥ N잡 적합성 검증
B22: 10조건 | C22: ①시간 유연성 | D22: ②체력 감당 | E22: ③직업 이미지 | F22: ④재미 | G22: ⑤전문성 축적 | H22: ⑥일한 만큼 이상 수익 | I22: ⑦우상향 수익 | J22: ⑧충분한 수요 | K22: ⑨진입 가능성 | L22: ⑩직업적 자부심
B23: 판정 ○ △ ✕
B24: 판정 근거 (△·✕ 위주로)
B25: 종합 판정
B26: ⑦ 실제 종사자 (1명)
B27: 이름 · 소속 · 경력
B28: 확인 출처 (기사·인터뷰·블로그·유튜브·플랫폼 프로필 등)
B29: 컨택 포인트 (연락처·이메일·SNS·소속 기관)
B30: 인터뷰 가능성
B31: ⑧ 참고 URL (오른쪽 끝 칸 = 확인일)
B32: URL ①
B33: URL ②
B34: URL ③
... B38: ※ 연노랑 칸에 입력합니다. L열은 확인일입니다.

Sheet 059_타일·줄눈 시공 기사
B2: Job No. 059 타일·줄눈 시공 기사
B3: 7. 생활기술·시공·점검형 | 워크위즈 N잡스쿨 · 잡별 시장조사 시트
B5: ① 기본 정보
B6: 직업명 · 별칭 | C6: 타일·줄눈 시공 기사
B7: 한 줄 소개 (30자 내외)
B8: 수집 상태 · 담당자 | C8: 미착수
B9: ② 핵심 지표 6종
B10: 지표 | C10: 초기비용 | D10: 월수익(만원) | E10: 성장성 | F10: 진입난이도 | G10: 주간 소요시간 | H10: 체력부담 | I10: 지표 근거 · 비고
B11: 값
B12: ③ 하는 일
B13: 하는 일 (3줄 요약)
B14: ④ 일자리 수요 근거
B15: 수요처 유형 · 규모 · 증감 추세
B16: 뒷받침 근거
B17: ⑤ 진입 방법
B18: 필요 자격 · 교육
B19: 초기 준비물 · 비용
B20: 일감 얻는 경로 (플랫폼·기관 실명)
B21: ⑥ N잡 적합성 검증
B22: 10조건 | C22: ①시간 유연성 | D22: ②체력 감당 | E22: ③직업 이미지 | F22: ④재미 | G22: ⑤전문성 축적 | H22: ⑥일한 만큼 이상 수익 | I22: ⑦우상향 수익 | J22: ⑧충분한 수요 | K22: ⑨진입 가능성 | L22: ⑩직업적 자부심
B23: 판정 ○ △ ✕
B24: 판정 근거 (△·✕ 위주로)
B25: 종합 판정
B26: ⑦ 실제 종사자 (1명)
B27: 이름 · 소속 · 경력
B28: 확인 출처 (기사·인터뷰·블로그·유튜브·플랫폼 프로필 등)
B29: 컨택 포인트 (연락처·이메일·SNS·소속 기관)
B30: 인터뷰 가능성
B31: ⑧ 참고 URL (오른쪽 끝 칸 = 확인일)
B32: URL ①
B33: URL ②
B34: URL ③
... B38: ※ 연노랑 칸에 입력합니다. L열은 확인일입니다.

Sheet 060_에어컨 세척·청소 전문가
B2: Job No. 060 에어컨 세척·청소 전문가
B3: 7. 생활기술·시공·점검형 | 워크위즈 N잡스쿨 · 잡별 시장조사 시트
B5: ① 기본 정보
B6: 직업명 · 별칭 | C6: 에어컨 세척·청소 전문가
B7: 한 줄 소개 (30자 내외)
B8: 수집 상태 · 담당자 | C8: 미착수
B9: ② 핵심 지표 6종
B10: 지표 | C10: 초기비용 | D10: 월수익(만원) | E10: 성장성 | F10: 진입난이도 | G10: 주간 소요시간 | H10: 체력부담 | I10: 지표 근거 · 비고
B11: 값
B12: ③ 하는 일
B13: 하는 일 (3줄 요약)
B14: ④ 일자리 수요 근거
B15: 수요처 유형 · 규모 · 증감 추세
B16: 뒷받침 근거
B17: ⑤ 진입 방법
B18: 필요 자격 · 교육
B19: 초기 준비물 · 비용
B20: 일감 얻는 경로 (플랫폼·기관 실명)
B21: ⑥ N잡 적합성 검증
B22: 10조건 | C22: ①시간 유연성 | D22: ②체력 감당 | E22: ③직업 이미지 | F22: ④재미 | G22: ⑤전문성 축적 | H22: ⑥일한 만큼 이상 수익 | I22: ⑦우상향 수익 | J22: ⑧충분한 수요 | K22: ⑨진입 가능성 | L22: ⑩직업적 자부심
B23: 판정 ○ △ ✕
B24: 판정 근거 (△·✕ 위주로)
B25: 종합 판정
B26: ⑦ 실제 종사자 (1명)
B27: 이름 · 소속 · 경력
B28: 확인 출처 (기사·인터뷰·블로그·유튜브·플랫폼 프로필 등)
B29: 컨택 포인트 (연락처·이메일·SNS·소속 기관)
B30: 인터뷰 가능성
B31: ⑧ 참고 URL (오른쪽 끝 칸 = 확인일)
B32: URL ①
B33: URL ②
B34: URL ③
... B38: ※ 연노랑 칸에 입력합니다. L열은 확인일입니다.

Sheet 061_아파트 사전점검 관리자
B2: Job No. 061 아파트 사전점검 관리자
B3: 7. 생활기술·시공·점검형 | 워크위즈 N잡스쿨 · 잡별 시장조사 시트
B5: ① 기본 정보
B6: 직업명 · 별칭 | C6: 아파트 사전점검 관리자
B7: 한 줄 소개 (30자 내외) | C7: 입주 전 아파트를 점검해 하자를 찾아내고 보수를 요청하는 일
B8: 수집 상태 · 담당자 | C8: 수집중 | E8: 담당 : 정재웅
B9: ② 핵심 지표 6종
B10: 지표 | C10: 초기비용 | D10: 월수익(만원) | E10: 성장성 | F10: 진입난이도 | G10: 주간 소요시간 | H10: 체력부담 | I10: 지표 근거 · 비고
B11: 값 | C11: ₩₩ 50~300만 | F11: ★★★ | G11: 주 15~30시간 | H11: 중
B12: ③ 하는 일
B13: 하는 일 (3줄 요약)
B14: ④ 일자리 수요 근거
B15: 수요처 유형 · 규모 · 증감 추세
B16: 뒷받침 근거
B17: ⑤ 진입 방법
B18: 필요 자격 · 교육
B19: 초기 준비물 · 비용
B20: 일감 얻는 경로 (플랫폼·기관 실명)
B21: ⑥ N잡 적합성 검증
B22: 10조건 | C22: ①시간 유연성 | D22: ②체력 감당 | E22: ③직업 이미지 | F22: ④재미 | G22: ⑤전문성 축적 | H22: ⑥일한 만큼 이상 수익 | I22: ⑦우상향 수익 | J22: ⑧충분한 수요 | K22: ⑨진입 가능성 | L22: ⑩직업적 자부심
B23: 판정 ○ △ ✕
B24: 판정 근거 (△·✕ 위주로)
B25: 종합 판정
B26: ⑦ 실제 종사자 (1명)
B27: 이름 · 소속 · 경력
B28: 확인 출처 (기사·인터뷰·블로그·유튜브·플랫폼 프로필 등)
B29: 컨택 포인트 (연락처·이메일·SNS·소속 기관)
B30: 인터뷰 가능성
B31: ⑧ 참고 URL (오른쪽 끝 칸 = 확인일)
B32: URL ①
B33: URL ②
B34: URL ③
... B38: ※ 연노랑 칸에 입력합니다. L열은 확인일입니다.

Sheet 062_소방안전관리자
B2: Job No. 062 소방안전관리자
B3: 7. 생활기술·시공·점검형 | 워크위즈 N잡스쿨 · 잡별 시장조사 시트
B5: ① 기본 정보
B6: 직업명 · 별칭 | C6: 소방안전관리자
B7: 한 줄 소개 (30자 내외)
B8: 수집 상태 · 담당자 | C8: 미착수
B9: ② 핵심 지표 6종
B10: 지표 | C10: 초기비용 | D10: 월수익(만원) | E10: 성장성 | F10: 진입난이도 | G10: 주간 소요시간 | H10: 체력부담 | I10: 지표 근거 · 비고
B11: 값
B12: ③ 하는 일
B13: 하는 일 (3줄 요약)
B14: ④ 일자리 수요 근거
B15: 수요처 유형 · 규모 · 증감 추세
B16: 뒷받침 근거
B17: ⑤ 진입 방법
B18: 필요 자격 · 교육
B19: 초기 준비물 · 비용
B20: 일감 얻는 경로 (플랫폼·기관 실명)
B21: ⑥ N잡 적합성 검증
B22: 10조건 | C22: ①시간 유연성 | D22: ②체력 감당 | E22: ③직업 이미지 | F22: ④재미 | G22: ⑤전문성 축적 | H22: ⑥일한 만큼 이상 수익 | I22: ⑦우상향 수익 | J22: ⑧충분한 수요 | K22: ⑨진입 가능성 | L22: ⑩직업적 자부심
B23: 판정 ○ △ ✕
B24: 판정 근거 (△·✕ 위주로)
B25: 종합 판정
B26: ⑦ 실제 종사자 (1명)
B27: 이름 · 소속 · 경력
B28: 확인 출처 (기사·인터뷰·블로그·유튜브·플랫폼 프로필 등)
B29: 컨택 포인트 (연락처·이메일·SNS·소속 기관)
B30: 인터뷰 가능성
B31: ⑧ 참고 URL (오른쪽 끝 칸 = 확인일)
B32: URL ①
B33: URL ②
B34: URL ③
... B38: ※ 연노랑 칸에 입력합니다. L열은 확인일입니다.

Sheet 063_스마트돌봄 기기 관리원
B2: Job No. 063 스마트돌봄 기기 관리원
B3: 7. 생활기술·시공·점검형 | 워크위즈 N잡스쿨 · 잡별 시장조사 시트
B5: ① 기본 정보
B6: 직업명 · 별칭 | C6: 스마트돌봄 기기 관리원
B7: 한 줄 소개 (30자 내외)
B8: 수집 상태 · 담당자 | C8: 미착수
B9: ② 핵심 지표 6종
B10: 지표 | C10: 초기비용 | D10: 월수익(만원) | E10: 성장성 | F10: 진입난이도 | G10: 주간 소요시간 | H10: 체력부담 | I10: 지표 근거 · 비고
B11: 값
B12: ③ 하는 일
B13: 하는 일 (3줄 요약)
B14: ④ 일자리 수요 근거
B15: 수요처 유형 · 규모 · 증감 추세
B16: 뒷받침 근거
B17: ⑤ 진입 방법
B18: 필요 자격 · 교육
B19: 초기 준비물 · 비용
B20: 일감 얻는 경로 (플랫폼·기관 실명)
B21: ⑥ N잡 적합성 검증
B22: 10조건 | C22: ①시간 유연성 | D22: ②체력 감당 | E22: ③직업 이미지 | F22: ④재미 | G22: ⑤전문성 축적 | H22: ⑥일한 만큼 이상 수익 | I22: ⑦우상향 수익 | J22: ⑧충분한 수요 | K22: ⑨진입 가능성 | L22: ⑩직업적 자부심
B23: 판정 ○ △ ✕
B24: 판정 근거 (△·✕ 위주로)
B25: 종합 판정
B26: ⑦ 실제 종사자 (1명)
B27: 이름 · 소속 · 경력
B28: 확인 출처 (기사·인터뷰·블로그·유튜브·플랫폼 프로필 등)
B29: 컨택 포인트 (연락처·이메일·SNS·소속 기관)
B30: 인터뷰 가능성
B31: ⑧ 참고 URL (오른쪽 끝 칸 = 확인일)
B32: URL ①
B33: URL ②
B34: URL ③
... B38: ※ 연노랑 칸에 입력합니다. L열은 확인일입니다.

Sheet 064_중고차 진단평가사
B2: Job No. 064 중고차 진단평가사
B3: 7. 생활기술·시공·점검형 | 워크위즈 N잡스쿨 · 잡별 시장조사 시트
B5: ① 기본 정보
B6: 직업명 · 별칭 | C6: 중고차 진단평가사
B7: 한 줄 소개 (30자 내외)
B8: 수집 상태 · 담당자 | C8: 미착수
B9: ② 핵심 지표 6종
B10: 지표 | C10: 초기비용 | D10: 월수익(만원) | E10: 성장성 | F10: 진입난이도 | G10: 주간 소요시간 | H10: 체력부담 | I10: 지표 근거 · 비고
B11: 값
B12: ③ 하는 일
B13: 하는 일 (3줄 요약)
B14: ④ 일자리 수요 근거
B15: 수요처 유형 · 규모 · 증감 추세
B16: 뒷받침 근거
B17: ⑤ 진입 방법
B18: 필요 자격 · 교육
B19: 초기 준비물 · 비용
B20: 일감 얻는 경로 (플랫폼·기관 실명)
B21: ⑥ N잡 적합성 검증
B22: 10조건 | C22: ①시간 유연성 | D22: ②체력 감당 | E22: ③직업 이미지 | F22: ④재미 | G22: ⑤전문성 축적 | H22: ⑥일한 만큼 이상 수익 | I22: ⑦우상향 수익 | J22: ⑧충분한 수요 | K22: ⑨진입 가능성 | L22: ⑩직업적 자부심
B23: 판정 ○ △ ✕
B24: 판정 근거 (△·✕ 위주로)
B25: 종합 판정
B26: ⑦ 실제 종사자 (1명)
B27: 이름 · 소속 · 경력
B28: 확인 출처 (기사·인터뷰·블로그·유튜브·플랫폼 프로필 등)
B29: 컨택 포인트 (연락처·이메일·SNS·소속 기관)
B30: 인터뷰 가능성
B31: ⑧ 참고 URL (오른쪽 끝 칸 = 확인일)
B32: URL ①
B33: URL ②
B34: URL ③
... B38: ※ 연노랑 칸에 입력합니다. L열은 확인일입니다.

Sheet 065_세차·카디테일링 전문가
B2: Job No. 065 세차·카디테일링 전문가
B3: 7. 생활기술·시공·점검형 | 워크위즈 N잡스쿨 · 잡별 시장조사 시트
B5: ① 기본 정보
B6: 직업명 · 별칭 | C6: 세차·카디테일링 전문가
B7: 한 줄 소개 (30자 내외)
B8: 수집 상태 · 담당자 | C8: 미착수
B9: ② 핵심 지표 6종
B10: 지표 | C10: 초기비용 | D10: 월수익(만원) | E10: 성장성 | F10: 진입난이도 | G10: 주간 소요시간 | H10: 체력부담 | I10: 지표 근거 · 비고
B11: 값
B12: ③ 하는 일
B13: 하는 일 (3줄 요약)
B14: ④ 일자리 수요 근거
B15: 수요처 유형 · 규모 · 증감 추세
B16: 뒷받침 근거
B17: ⑤ 진입 방법
B18: 필요 자격 · 교육
B19: 초기 준비물 · 비용
B20: 일감 얻는 경로 (플랫폼·기관 실명)
B21: ⑥ N잡 적합성 검증
B22: 10조건 | C22: ①시간 유연성 | D22: ②체력 감당 | E22: ③직업 이미지 | F22: ④재미 | G22: ⑤전문성 축적 | H22: ⑥일한 만큼 이상 수익 | I22: ⑦우상향 수익 | J22: ⑧충분한 수요 | K22: ⑨진입 가능성 | L22: ⑩직업적 자부심
B23: 판정 ○ △ ✕
B24: 판정 근거 (△·✕ 위주로)
B25: 종합 판정
B26: ⑦ 실제 종사자 (1명)
B27: 이름 · 소속 · 경력
B28: 확인 출처 (기사·인터뷰·블로그·유튜브·플랫폼 프로필 등)
B29: 컨택 포인트 (연락처·이메일·SNS·소속 기관)
B30: 인터뷰 가능성
B31: ⑧ 참고 URL (오른쪽 끝 칸 = 확인일)
B32: URL ①
B33: URL ②
B34: URL ③
... B38: ※ 연노랑 칸에 입력합니다. L열은 확인일입니다.

Sheet 066_수목치료기술자
B2: Job No. 066 수목치료기술자
B3: 7. 생활기술·시공·점검형 | 워크위즈 N잡스쿨 · 잡별 시장조사 시트
B5: ① 기본 정보
B6: 직업명 · 별칭 | C6: 수목치료기술자
B7: 한 줄 소개 (30자 내외)
B8: 수집 상태 · 담당자 | C8: 미착수
B9: ② 핵심 지표 6종
B10: 지표 | C10: 초기비용 | D10: 월수익(만원) | E10: 성장성 | F10: 진입난이도 | G10: 주간 소요시간 | H10: 체력부담 | I10: 지표 근거 · 비고
B11: 값
B12: ③ 하는 일
B13: 하는 일 (3줄 요약)
B14: ④ 일자리 수요 근거
B15: 수요처 유형 · 규모 · 증감 추세
B16: 뒷받침 근거
B17: ⑤ 진입 방법
B18: 필요 자격 · 교육
B19: 초기 준비물 · 비용
B20: 일감 얻는 경로 (플랫폼·기관 실명)
B21: ⑥ N잡 적합성 검증
B22: 10조건 | C22: ①시간 유연성 | D22: ②체력 감당 | E22: ③직업 이미지 | F22: ④재미 | G22: ⑤전문성 축적 | H22: ⑥일한 만큼 이상 수익 | I22: ⑦우상향 수익 | J22: ⑧충분한 수요 | K22: ⑨진입 가능성 | L22: ⑩직업적 자부심
B23: 판정 ○ △ ✕
B24: 판정 근거 (△·✕ 위주로)
B25: 종합 판정
B26: ⑦ 실제 종사자 (1명)
B27: 이름 · 소속 · 경력
B28: 확인 출처 (기사·인터뷰·블로그·유튜브·플랫폼 프로필 등)
B29: 컨택 포인트 (연락처·이메일·SNS·소속 기관)
B30: 인터뷰 가능성
B31: ⑧ 참고 URL (오른쪽 끝 칸 = 확인일)
B32: URL ①
B33: URL ②
B34: URL ③
... B38: ※ 연노랑 칸에 입력합니다. L열은 확인일입니다.

Sheet 067_드론방제사
B2: Job No. 067 드론방제사
B3: 7. 생활기술·시공·점검형 | 워크위즈 N잡스쿨 · 잡별 시장조사 시트
B5: ① 기본 정보
B6: 직업명 · 별칭 | C6: 드론방제사
B7: 한 줄 소개 (30자 내외)
B8: 수집 상태 · 담당자 | C8: 미착수
B9: ② 핵심 지표 6종
B10: 지표 | C10: 초기비용 | D10: 월수익(만원) | E10: 성장성 | F10: 진입난이도 | G10: 주간 소요시간 | H10: 체력부담 | I10: 지표 근거 · 비고
B11: 값
B12: ③ 하는 일
B13: 하는 일 (3줄 요약)
B14: ④ 일자리 수요 근거
B15: 수요처 유형 · 규모 · 증감 추세
B16: 뒷받침 근거
B17: ⑤ 진입 방법
B18: 필요 자격 · 교육
B19: 초기 준비물 · 비용
B20: 일감 얻는 경로 (플랫폼·기관 실명)
B21: ⑥ N잡 적합성 검증
